id,era,quote_verbatim,year,source_file,concept,supports_gate_or_sheet,evolution_notes
E1-01,E1,"The outstanding item of importance in my selection of partners, as well as in my subsequent relations with them, has been the determination that we use the same yardstick.",1961 (letter dated 1962-01-24),Partnership Letters/1962-01-24 Partnership Letter.txt,Yardstick - shared standard between manager and partners,Gate 6 (discount-rate genealogy); Owner's Manual principle 1 (partnership attitude),"Origin of the yardstick concept: a pre-agreed PERFORMANCE standard, not a discount rate. Evolves: Dow par (E1) -> government-bond yardstick (1994/1997 meetings) -> S&P 500 (OM-15)."
E1-02,E1,"I believe in establishing yardsticks prior to the act; retrospectively, almost anything can be made to look good in relation to something or other.",1961 (1962-01-24),Partnership Letters/1962-01-24 Partnership Letter.txt,Pre-commitment to measurement standards,Gate 7 (define thesis-confirming/breaking metrics BEFORE entry); Workbook Sheet 6/9,Primary-source ancestor of the framework's before-entry metric commitment - 60 years before the May 2026 edition asserted it without citation.
E1-03,E1,"I have continuously used the Dow-Jones Industrial Average as our measure of par. It is my feeling that three years is a very minimal test of performance, and the best test consists of a period at least that long where the terminal level of the Dow is reasonably close to the initial level.",1961 (1962-01-24),Partnership Letters/1962-01-24 Partnership Letter.txt,Benchmark discipline; minimum measurement horizon,Gate 7 monitoring; OM-15 mapping (S&P yardstick),"Three-year minimum test contrasts with the framework's two-consecutive-quarters exit rule - the corpus supports patience horizons, conventions must own the quarterly cadence."
E1-04,E1,"A lot of value can be obtained for the price paid. This substantial excess of value creates a comfortable margin of safety in each transaction. This individual margin of safety, coupled with a diversity of commitments creates a most attractive package of safety and appreciation potential.",1961 (1962-01-24),Partnership Letters/1962-01-24 Partnership Letter.txt,Margin of safety - earliest articulation in Buffett's own words,Gate 6 Step 5 (MOS),"E1 MOS = per-transaction excess value PLUS diversity of commitments (quantitative-era). Evolves to concentrated wonderful-business MOS: 1989 letter, 1992 letter ('cornerstone')."
E1-05,E1,"You will not be right simply because a large number of people momentarily agree with you. You will not be right simply because important people agree with you. [...] You will be right, over the course of many transactions, if your hypotheses are correct, your facts are correct, and your reasoning is correct. True conservatism is only possible through knowledge and reason.",1961 (1962-01-24; restated verbatim in 1963-01-18),Partnership Letters/1962-01-24 Partnership Letter.txt,Independent reasoning as the only real conservatism,Gate 1 (independent verification); Gate 5 (inversion's epistemic basis),Restated 1962 letter; reformulated 1964 letter (E1-06). The framework's 'independent verification without management's narrative' rule descends from this.
E1-06,E1,"Truly conservative actions arise from intelligent hypotheses, correct facts and sound reasoning. [...] We derive no comfort because important people, vocal people, or great numbers of people agree with us. Nor do we derive comfort if they don't. A public opinion poll is no substitute for thought.",1964 (1965-01-18),Partnership Letters/1965-01-18 Partnership Letter.txt,Anti-consensus epistemics,Gate 1; Gate 5,Matured restatement of E1-05.
E1-07,E1,"When we really sit back with a smile on our face is when we run into a situation we can understand, where the facts are ascertainable and clear, and the course of action obvious.",1964 (1965-01-18),Partnership Letters/1965-01-18 Partnership Letter.txt,Understanding as precondition - circle of competence precursor,Gate 1 (Circle of Competence),The circle-of-competence CONCEPT is fully present in 1964; the PHRASE arrives in the 1996 BRK letter (claims_audit C12). v3.0 should footnote this development.
E1-08,E1,7. We diversify substantially less than most investment operations. We might invest up to 40% of our net worth in a single security under conditions coupling an extremely high probability that our facts and reasoning are correct with a very low probability that anything could drastically change the underlying value of the investment.,"1965 Ground Rule, quoted 1966-01-20",Partnership Letters/1966-01-20 Partnership Letter.txt,Concentration - the 40% ground rule,Gate 7 (position sizing),"Earliest concentration policy. Evolves to 1993 letter concentration-decreases-risk (verified, claims_audit C09) and Munger Talk 2 'the wise ones bet heavily'."
E1-09,E1,"Frankly, there is nothing I would like better than to have 50 different investment opportunities, all of which have a mathematical expectation (this term reflects the range of all possible relative performances, including negative ones, adjusted for the probability of each - no yawning, please) of achieving performance surpassing the Dow by, say, fifteen percentage points per annum.",1965 (1966-01-20),Partnership Letters/1966-01-20 Partnership Letter.txt,Expected-value framing of position selection,Gate 7; Gate 8 (asymmetry ratio's honest ancestor),"THE corpus basis for probabilistic sizing - replaces the unattested Kelly Criterion attribution (claims_audit C28) together with Munger Talk 2 bet-heavily passage. REPAIRED 2026-09-20, operator-authorised (decision 12): the cell had substituted an editorial bracket, '[performance superior to the Dow]', for the letter's own 'performance surpassing the Dow by, say, fifteen percentage points per annum', which dropped the magnitude - the interesting half of the sentence. The letter's words are restored, the row now inserts no text of its own, and the quote is one continuous sentence of the 1966-01-20 letter, so it carries no elision."
E1-10,E1,"We are obviously only going to go to 40% in very rare situations - this rarity, of course, is what makes it necessary that we concentrate so heavily, when we see such an opportunity. [...] They are also going to have to possess such superior qualitative and/or quantitative factors that the chance of serious permanent loss is minimal (anything can happen on a short-term quotational basis which partially explains the greater risk of widened year-to-year variation in results).",1965 (1966-01-20),Partnership Letters/1966-01-20 Partnership Letter.txt,"Risk = permanent loss, not quotational variation",Gate 6 (MOS rationale); Gate 7 (sizing); Glossary risk definition,Permanent-loss-vs-quotation distinction later formalized in 1993 letter ('possibility of loss or injury').
E1-11,E1,"6. I am not in the business of predicting general stock market or business fluctuations. If you think I can do this, or think it is essential to an investment program, you should not be in the partnership.",Ground Rules (1962; quoted 1963-01-18 and 1966-07-12),Partnership Letters/1963-01-18 Partnership Letter.txt,No market forecasting,Introduction (what the framework is not); Gate 8 framing,Constant across all eras; cf. 1994 meeting (no macro inputs) and OM-13's rationale for reticence.
E1-12,E1,"a. Our investments will be chosen on the basis of value, not popularity;",Ground Rules (1962; quoted 1963-01-18),Partnership Letters/1963-01-18 Partnership Letter.txt,Value not popularity,Gate 6; Mr. Market genealogy,"Buffett's own pre-Berkshire statement of the value discipline he learned from Graham - cite this, not Graham directly (shelf amendment 2026-07-13)."
E1-13,E1,"A work-out is an investment which is dependent on a specific corporate action for its profit rather than a general advance in the price of the stock as in the case of undervalued situations. Work-outs come about through: sales, mergers, liquidations, tenders, etc.",1957 (1958 letter),Partnership Letters/1957 Partnership Letter.txt,Category taxonomy: generals / work-outs (later + controls),Historical context for Gate 2's segment thinking; not gate-mapped,Shows the method BEFORE the quality evolution; v3.0 history section material.
E1-14,E1,"Figured very roughly, the $30,000 invested at 4% compounded annually would have amounted to something like $2,000,000,000,000 (that's $2 trillion for those of you who are not government statisticians) by 1962. [...] Such fanciful geometric progressions illustrate the value of either living a long time, or compounding your money at a decent rate.","1962 (1963-01-18, 'The Joys of Compounding')",Partnership Letters/1963-01-18 Partnership Letter.txt,Compounding as the central force,Abstract / central claim (time as compounding force),"The framework's central claim cites (Buffett, 1989); this is the 27-years-earlier articulation. Ellipsis spans the Manhattan-Indians sentence."
E1-15,E1,"Interestingly enough, although I consider myself to be primarily in the quantitative school [...] the really sensational ideas I have had over the years have been heavily weighted toward the qualitative side where I have had a ""high-probability insight"". This is what causes the cash register to really sing. However, it is an infrequent occurrence, as insights usually are, and, of course, no insight is required on the quantitative side - the figures should hit you over the head with a baseball bat. So the really big money tends to be made by investors who are right on qualitative decisions but, at least in my opinion, the more sure money tends to be made on the obvious quantitative decisions.",1967 (1967-10-09),Partnership Letters/1967-10-09 Partnership Letter.txt,The quantitative-to-qualitative pivot,Gates 1-2 (why quality precedes valuation); framework sequence rationale,THE documented pivot from Graham-style statistical bargains toward quality - predates Munger-influence narrative usually dated to See's (1972) and the 1989 letter's 'wonderful company' line. Also: 'Such statistical bargains have tended to disappear over the years.' (same letter).
E2-01,E2,"The primary test of managerial economic performance is the achievement of a high earnings rate on equity capital employed (without undue leverage, accounting gimmickry, etc.) and not the achievement of consistent gains in earnings per share.",1979,Shareholder Letters/1979 Letter.txt,Return on equity capital as THE performance test,Gate 4 (financial quality); Gate 3 Dimension 2 (competence),"The corpus-native basis for return-on-capital tests; the framework's ROIC>15%/25% thresholds remain conventions, but the TEST itself is 1979 Buffett."
E2-02,E2,"And, if conditions persist - if all earnings are paid out and return on equity stays at 14% - the 7% tax-exempt equivalent to the higher-bracket individual investor is just as frozen as is the coupon on a tax-exempt bond. [...] If, on the other hand, all earnings of our typical American business are retained and return on equity again remains constant, earnings will grow at 14% per year.",1981,Shareholder Letters/1981 Letter.txt,Equity as a bond with a coupon set by return on equity,Gate 6-B field amendment (growing-coupon reading of the yardstick),"The equity-as-disguised-bond passage the Jul-2026 field amendment asked to find. Companion to the 1977 Fortune essay (off disk); 1997 meeting Q12 questioner cites that essay's 12%-par framing. REPAIRED 2026-09-20, operator-authorised (decision 12): the cell previously printed the RETENTION sentence first and the frozen-coupon conclusion second with the words 'if all earnings are' cut off its front, so read as written the frozen coupon attached to the retention case. THE LETTER SAYS THE OPPOSITE: the frozen 7% tax-exempt equivalent is the PAID-OUT case ('if all earnings are paid out and return on equity stays at 14%'), and the retained case 'will grow at 14% per year'. Buffett's point in that passage is that the two cases differ. Both fragments now stand in the letter's own order with the front of the first restored."
E2-03,E2,"An individual, stuck with a 5% bond with many years to run before maturity, does not take the coupons from that bond and pay one hundred cents on the dollar for more 5% bonds while similar bonds are available at, say, forty cents on the dollar. [...] What makes sense for the bondholder makes sense for the shareholder.",1981,Shareholder Letters/1981 Letter.txt,Bondholder logic applied to equity capital allocation,Gate 3 Dimension 2 (retention/reinvestment tests); OM-9 mapping,Grounds the retained-earnings test: reinvest only where returns beat alternatives.
E2-04,E2,businesses logically are worth far more than net tangible assets when they can be expected to produce earnings on such assets considerably in excess of market rates of return. The capitalized value of this excess return is economic Goodwill.,1983 (appendix: Goodwill and its Amortization: The Rules and The Realities),Shareholder Letters/1983 Letter.txt,Economic goodwill defined,Gate 2 (intangible-asset moat basis),"Corrects claims_audit C04: source is the 1983 appendix, not the 1987 letter. Same appendix: See's 'earning about $2 million on $8 million of net tangible assets' - i.e., 25% after tax on net tangible assets - the honest ancestor of the misattributed '25% on equity' Munger-Wesco quote (C21)."
E2-05,E2,"It is possible, of course, that See's economic Goodwill will disappear. But it won't shrink in even decrements or anything remotely resembling them. What is more likely is that the Goodwill will increase - in current, if not in constant, dollars - because of inflation. That probability exists because true economic Goodwill tends to rise in nominal value proportionally with inflation.",1983 (appendix),Shareholder Letters/1983 Letter.txt,Economic goodwill compounds nominally with inflation,Gate 2 (why intangible moats endure without capital),"The framework's 'does not depreciate with time' gloss traces here (and to the 1999 letter's 'much like land' restatement, E4)."
E2-06,E2,"When companies with outstanding businesses and comfortable financial positions find their shares selling far below intrinsic value in the marketplace, no alternative action can benefit shareholders as surely as repurchases.",1984,Shareholder Letters/1984 Letter.txt,Buybacks below intrinsic value,Gate 3 Dimension 2 (say no to buybacks at bad prices - and yes at good ones),Price/value-conditional endorsement; same passage condemns greenmail. Evolves: 2011 letter buyback policy (E5).
E2-07,E2,we simply attempt to be fearful when others are greedy and to be greedy only when others are fearful.,1986,Shareholder Letters/1986 Letter.txt,Contrarian temperament,Gate 7 behavioral rule; Introduction,Note the asymmetry usually lost in quotation: greedy ONLY when others are fearful.
E2-08,E2,"we can gain some insights about what may be called ""owner earnings."" These represent (a) reported earnings plus (b) depreciation, depletion, amortization, and certain other non-cash charges such as Company N's items (1) and (4) less (c) the average annual amount of capitalized expenditures for plant and equipment, etc. that the business requires to fully maintain its long-term competitive position and its unit volume. (If the business requires additional working capital to maintain its competitive position and unit volume, the increment also should be included in (c). However, businesses following the LIFO inventory method usually do not require additional working capital if unit volume does not change.)","1986 (appendix, recovered 2026-07-13)",Shareholder Letters/1986 Letter.txt,Owner earnings - the complete definition INCLUDING working capital,Gate 4; Workbook Sheet 5 (which correctly includes WC); corrects Framework/42P formula (claims_audit C01),"1997 meeting Q14 confirms practitioners read (c) as 'maintenance capital spending and working capital requirements'. The framework's Net Income + D&A - MaintCapEx omits the WC clause. ALIAS NOTE (2026-09-20, decision 20): one passage, two ids. This row is the LONGER cut of the 1986 owner-earnings definition and [E2-23] is the same passage without its opening clause. The 132 runs of record cite E2-23 117 times and this row zero times. Both ids resolve and neither is retired; Curriculum/CHARTER.md was repointed from E2-08 to E2-23 on 2026-09-20."
E2-09,E2,"Our owner-earnings equation does not yield the deceptively precise figures provided by GAAP, since (c) must be a guess - and one sometimes very difficult to make. Despite this problem, we consider the owner earnings figure, not the GAAP figure, to be the relevant item for valuation purposes [...] We agree with Keynes's observation: ""I would rather be vaguely right than precisely wrong.""",1986 (appendix),Shareholder Letters/1986 Letter.txt,Owner earnings is an estimate; precision is false,Gate 4; Gate 6 Step 6 (sensitivity); glossary,"Buffett attributes the approximately-right idea to Keynes here; his own 1993 restatement ('It is better to be approximately right than precisely wrong') is E3. Fixes the 'Buffett, multiple letters' hand-wave (C30)."
E2-10,E2,"The difference between GEICO's costs and those of its competitors is a kind of moat that protects a valuable and much-sought-after business castle. No one understands this moat-around-the-castle concept better than Bill Snyder, Chairman of GEICO. He continually widens the moat by driving down costs still more, thereby defending and strengthening the economic franchise.",1986,Shareholder Letters/1986 Letter.txt,"First 'moat' usage - cost-advantage moat, widening as management's job",Gate 2 (moat identification; cost-advantage type; WIDENING direction),"Confirms C03. Note: the first moat named in the letters is a COST-ADVANTAGE moat, measured by expense ratio vs competitors - the framework's cost-moat metric ('gross margin vs competitors') has this as its ancestor. 'Economic franchise' appears here too, before the 1991 franchise/business taxonomy (E3)."
E2-11,E2,"the investment income that an insurer earns from holding on to policyholders' funds (""the float"")",1986,Shareholder Letters/1986 Letter.txt,Float - first compact definition in the letters,Context for OM-7 mapping; sidebar material,Canonical full definition arrives in the 1990s letters and OM-7 ('the funds of others that our insurance business holds because it receives premiums before needing to pay out losses').
E2-12,E2,"Ben Graham, my friend and teacher, long ago described the mental attitude toward market fluctuations that I believe to be most conducive to investment success. He said that you should imagine market quotations as coming from a remarkably accommodating fellow named Mr. Market who is your partner in a private business. Without fail, Mr. Market appears daily and names a price at which he will either buy your interest or sell you his. [...] the poor fellow has incurable emotional problems.",1987,Shareholder Letters/1987 Letter.txt,Mr. Market - Buffett's own retelling,Gate 6/8 (price vs value); Introduction,"Per shelf amendment 2026-07-13: this is how Graham enters v3.0 - named inside Buffett's quote, not cited independently. Continues: 'It may give us the chance to buy more of a good thing at a bargain price.'"
E2-13,E2,"Following Ben's teachings, Charlie and I let our marketable equities tell us by their operating results - not by their daily, or even yearly, price quotations - whether our investments are successful. The market may ignore business success for a while, but eventually will confirm it. As Ben said: ""In the short run, the market is a voting machine but in the long run it is a weighing machine.""",1987,Shareholder Letters/1987 Letter.txt,"Operating results, not quotations, as the verdict","Gate 7 monitoring (metric-driven, not price-driven)",Direct primary basis for the framework's never-sell-on-price-alone rule.
E2-14,E2,"when we own portions of outstanding businesses with outstanding managements, our favorite holding period is forever. We are just the opposite of those who hurry to sell and book profits when companies perform well but who tenaciously hang on to businesses that disappoint.",1988,Shareholder Letters/1988 Letter.txt,Favorite holding period is forever - conditional on quality,Gate 7 sell discipline,"Note the CONDITION (outstanding business + outstanding management) - forever is earned, not automatic. Peter Lynch flowers/weeds simile follows in the same passage."
E2-15,E2,"If you buy a stock at a sufficiently low price, there will usually be some hiccup in the fortunes of the business that gives you a chance to unload at a decent profit, even though the long-term performance of the business may be terrible. I call this the ""cigar butt"" approach to investing. A cigar butt found on the street that has only one puff left in it may not offer much of a smoke, but the ""bargain purchase"" will make that puff all profit. Unless you are a liquidator, that kind of approach to buying businesses is foolish.",1989 (Mistakes of the First Twenty-Five Years),Shareholder Letters/1989 Letter.txt,Cigar-butt investing rejected,Introduction (evolution narrative); Gate 2 rationale,Completes the E1-15 evolution arc: 1967 'statistical bargains have tended to disappear' -> 1989 explicit rejection.
E2-16,E2,"It's far better to buy a wonderful company at a fair price than a fair company at a wonderful price. Charlie understood this early; I was a slow learner. But now, when buying companies or common stocks, we look for first-class businesses accompanied by first-class managements.",1989 (Mistakes),Shareholder Letters/1989 Letter.txt,Wonderful at fair beats fair at wonderful - Buffett crediting Munger,Gate 6 (Statute Book One: wonderful-at-fair); corrects Gate 6 epigraph misattribution (C16),"Buffett's sentence, Munger's influence acknowledged in the next clause - v3.0 should quote both sentences together."
E2-17,E2,"I've said many times that when a management with a reputation for brilliance tackles a business with a reputation for bad economics, it is the reputation of the business that remains intact.",1989 (Mistakes),Shareholder Letters/1989 Letter.txt,Business economics beat managerial brilliance,Gate 2 before Gate 3 (sequence rationale),"Adjacent: 'Good jockeys will do well on good horses, but not on broken-down nags.'"
E2-18,E2,"My most surprising discovery: the overwhelming importance in business of an unseen force that we might call ""the institutional imperative."" [...] I thought then that decent, intelligent, and experienced managers would automatically make rational business decisions. But I learned over time that isn't so. Instead, rationality frequently wilts when the institutional imperative comes into play.",1989 (Mistakes),Shareholder Letters/1989 Letter.txt,The institutional imperative,Gate 3 (management evaluation); Gate 5 (management-failure inversion),Confirms C40 origin. The 1990 letter restates the definition ('the tendency of executives to mindlessly imitate the behavior of their peers') - E3.
E2-19,E2,"Time is the friend of the wonderful business, the enemy of the mediocre.",1989 (Mistakes),Shareholder Letters/1989 Letter.txt,Time compounds quality and erodes mediocrity,Gate 2 classification rationale; Abstract central claim,Verified verbatim (C06). The specific fade-year structures built on it remain FRAMEWORK CONVENTIONS.
E2-20,E2,"It is in the nature of things, as Jacobi knew, that many hard problems are best solved only when they are addressed backward.","1986 (Harvard School commencement, PCA Talk 1)",Munger Talks (PCA)/Talk 01 - Harvard School Commencement Speech (1986-06-13).txt,Inversion - Jacobi,Gate 5; Gate 8,"Corrects C26: Talk 1 (1986), not USC 1994. The talk demonstrates inversion via 'prescriptions for misery'."
E2-21,E2,"Darwin's result was due in large measure to his working method, which violated all my rules for misery and particularly emphasized a backward twist in that he always gave priority attention to evidence tending to disconfirm whatever cherished and hard-won theory he already had.",1986 (PCA Talk 1),Munger Talks (PCA)/Talk 01 - Harvard School Commencement Speech (1986-06-13).txt,Disconfirming evidence - the Darwin method,Gate 5 (Step B: construct the failure scenario),Replaces the Fitzgerald-conflated quote (C27 item 5).
E3-01,E3,Lethargy bordering on sloth remains the cornerstone of our investment style: This year we neither bought nor sold a share of five of our six major holdings.,1990,Shareholder Letters/1990 Letter.txt,Inactivity as explicit style,Gate 7 Final Rule,Precedes the 1996 'Inactivity strikes us as intelligent behavior' (E3-15/C13). Letter recovered in full 2026-07-13.
E3-02,E3,"Most have resulted from a managerial failing that we described last year when discussing the ""institutional imperative:"" the tendency of executives to mindlessly imitate the behavior of their peers, no matter how foolish it may be to do so.",1990,Shareholder Letters/1990 Letter.txt,Institutional imperative - compact definition,Gate 3; Gate 5 (management-failure inversion),Restates the 1989 origin (E2-18) in one sentence.
E3-03,E3,"An economic franchise arises from a product or service that: (1) is needed or desired; (2) is thought by its customers to have no close substitute and; (3) is not subject to price regulation. The existence of all three conditions will be demonstrated by a company's ability to regularly price its product or service aggressively and thereby to earn high rates of return on capital. Moreover, franchises can tolerate mis-management.",1991,Shareholder Letters/1991 Letter.txt,Franchise vs business - Buffett's own moat taxonomy,Gate 2 (the corpus-native alternative to the Dorsey four-type taxonomy),THE Buffett moat test: pricing power demonstrated in returns on capital. v3.0 Gate 2 should lead with this; the four-type taxonomy stays as a labeled convention. 'Weak franchises or strong businesses' = the middle ground.
E3-04,E3,"look-through earnings, which consist of: (1) the operating earnings reported in the previous section, plus; (2) the retained operating earnings of major investees that, under GAAP accounting, are not reflected in our profits, less; (3) an allowance for the tax that would be paid by Berkshire if these retained earnings of investees had instead been distributed to us.",1991,Shareholder Letters/1991 Letter.txt,Look-through earnings - full definition,Gate 4 (partial-ownership analog of owner earnings); OM-6 mapping,Fills the gap flagged in owners_manual_map (OM-6): the concept was absent from the May framework.
E3-05,E3,"Leaving the question of price aside, the best business to own is one that over an extended period can employ large amounts of incremental capital at very high rates of return. The worst business to own is one that must, or will, do the opposite - that is, consistently employ ever-greater amounts of capital at very low rates of return.",1992,Shareholder Letters/1992 Letter.txt,Incremental returns define business quality,Gate 4 (return on incremental capital test),Buffett's own statement of the ROIC-primacy idea the framework misattributed to Munger/Wesco (C21/C22). Pair with Munger Talk 2 6%/18% (E3-17).
E3-06,E3,"the two approaches are joined at the hip: Growth is always a component in the calculation of value, constituting a variable whose importance can range from negligible to enormous and whose impact can be negative as well as positive. In addition, we think the very term ""value investing"" is redundant. What is ""investing"" if it is not the act of seeking value at least sufficient to justify the amount paid?",1992,Shareholder Letters/1992 Letter.txt,Value vs growth is a false dichotomy,Gate 6 (growth scenarios belong INSIDE the value calculation),Munger's 2000-meeting 'all intelligent investing is value investing' (E4) is the companion quote.
E3-07,E3,"In The Theory of Investment Value, written over 50 years ago, John Burr Williams set forth the equation for value [...] the investment analyst must himself estimate the future ""coupons."" [...] The investment shown by the discounted-flows-of-cash calculation to be the cheapest is the one that the investor should purchase - irrespective of whether the business grows or doesn't, displays volatility or smoothness in its earnings, or carries a high price or low in relation to its current earnings and book value.",1992,Shareholder Letters/1992 Letter.txt,DCF as the value equation; equities as bonds with self-estimated coupons,Gate 6 (the DCF's true corpus foundation); Gate 6-B (growing-coupon reading),Buffett's own DCF authority - replaces the Graham-1949 citation (shelf amendment). 'Estimate the future coupons' extends the 1981 frozen-coupon passage (E2-02).
E3-08,E3,"At Berkshire, we attempt to deal with this problem in two ways. First, we try to stick to businesses we believe we understand. That means they must be relatively simple and stable in character. If a business is complex or subject to constant change, we're not smart enough to predict future cash flows. [...] Second, and equally important, we insist on a margin of safety in our purchase price. If we calculate the value of a common stock to be only slightly higher than its price, we're not interested in buying. We believe this margin-of-safety principle, so strongly emphasized by Ben Graham, to be the cornerstone of investment success.",1992,Shareholder Letters/1992 Letter.txt,"the TWO defences, in Buffett's own order: understanding FIRST, margin of safety second",Gate 6 Step 5,"RE-CUT 2026-08-26. The row previously carried only the second half, which inverted Buffett's own ordering - he names understanding first and says of the margin of safety only 'Second, and equally important'. Quoting the MOS alone made it look like the primary defence. The first half is rowed separately and in full at E3-31. TEXT NOTE: source file is hard-wrapped at ~60 chars; line breaks removed to reassemble the sentences. No other change. Graham named inside Buffett's sentence per the shelf amendment. The specific 20%/30% MOS thresholds were framework inventions and are retired in v4."
E3-09,E3,"we define risk, using dictionary terms, as ""the possibility of loss or injury."" Academics, however, like to define investment ""risk"" differently, averring that it is the relative volatility of a stock or portfolio of stocks [...]",1993,Shareholder Letters/1993 Letter.txt,"Risk = possibility of loss, not volatility/beta",Glossary; Gate 6 (MOS rationale); Gate 7,"Formalizes E1-10 (permanent loss vs quotational variation, 1965)."
E3-10,E3,"The primary factors bearing upon this evaluation are: 1) The certainty with which the long-term economic characteristics of the business can be evaluated; 2) The certainty with which management can be evaluated, both as to its ability to realize the full potential of the business and to wisely employ its cash flows; 3) The certainty with which management can be counted on to channel the rewards from the business to the shareholders rather than to itself; 4) The purchase price of the business; 5) The levels of taxation and inflation that will be experienced [...]",1993,Shareholder Letters/1993 Letter.txt,Buffett's five risk factors,"THE GATE SEQUENCE ITSELF: factors 1-3 = Gates 1-3, factor 4 = Gate 6, factor 5 = context","The strongest structural authority in the corpus for a sequential, quality-before-price framework. The May edition never cites it."
E3-11,E3,"We believe that a policy of portfolio concentration may well decrease risk if it raises, as it should, both the intensity with which an investor thinks about a business and the comfort-level he must feel with its economic characteristics before buying into it.",1993,Shareholder Letters/1993 Letter.txt,Concentration decreases risk (conditionally),Gate 7,Verified (C09). Completes E1-08/E1-09 arc.
E3-12,E3,"In their hunger for a single statistic to measure risk, however, they forget a fundamental principle: It is better to be approximately right than precisely wrong.",1993,Shareholder Letters/1993 Letter.txt,Approximately right beats precisely wrong,Gate 6 Step 6 (sensitivity grid); Scream Test rationale,Buffett's restatement of Keynes (see E2-09). Fixes C30's vague 'multiple letters'.
E3-13,E3,"Well, I would say that in a world of 7 percent long-term bond rates that we would certainly want to think we were discounting future after-tax streams of cash at at least a 10 percent rate. But that will depend on the certainty we feel about the business. The more certain we feel about a business, the closer we are willing to play it. We have to feel pretty certain about any business before we’re even interested at all. But there are still degrees of certainty, and — If we thought we were getting a stream of cash over the next 30 years that we felt extremely certain about, we would use a discount rate that would be somewhat less than if it was one where we thought we might get some surprises in five or 10 years — possibility existed.",1994 Annual Meeting,Annual Meetings/1994 Annual Meeting.txt,"The 1994 'at least 10%' - the SAME quit point as 2002/2003, NOT a +3 spread; and certainty moves the rate DOWN toward the bond, not up from a floor",Gate 6-B (Statute); replaces the fabricated 'That's my yardstick' quote (C10),"RE-CUT 2026-08-28 (Test D). The prior cut ended before the final sentence, and the row was read as 'a +3% certainty spread over the long bond (10 minus 7), widened for less certainty' - the interpretation the 2002 letter's second data point (10% at a ~5% bond) falsifies and 1996:623-625 [E3-42] calls 'mathematical gibberish'. Correct reading: ~10% is the absolute quit point [E4-28]; the DISCOUNTING rate converges on the government bond rate in the later corpus (1996-1999, stated four times); certainty is handled by the understanding gate and the end discount. The former '+3% floor' usage is WITHDRAWN."
E3-14,E3,"Your goal as an investor should simply be to purchase, at a rational price, a part interest in an easily-understandable business whose earnings are virtually certain to be materially higher five, ten and twenty years from now. Over time, you will find only a few companies that meet these standards - so when you see one that qualifies, you should buy a meaningful amount of stock. [...] If you aren't willing to own a stock for ten years, don't even think about owning it for ten minutes.",1996,Shareholder Letters/1996 Letter.txt,The whole framework in three sentences,"Abstract; Gates 1, 2, 6, 7 in sequence","Understandable (G1) + certain earnings (G2/G4) + rational price (G6) + meaningful amount (G7) + ten-year will (G7). Same letter: 'investment students need only two well-taught courses - How to Value a Business, and How to Think About Market Prices.'"
E3-15,E3,Inactivity strikes us as intelligent behavior.,1996,Shareholder Letters/1996 Letter.txt,Inactivity,Gate 7 Final Rule,Verified (C13); ancestor E3-01 (1990 lethargy).
E3-16,E3,"What an investor needs is the ability to correctly evaluate selected businesses. Note that word ""selected"": You don't have to be an expert on every company, or even many. You only have to be able to evaluate companies within your circle of competence. The size of that circle is not very important; knowing its boundaries, however, is vital.",1996,Shareholder Letters/1996 Letter.txt,Circle of competence - the named principle,Gate 1,Verified (C12). Concept present 1964 (E1-07); Munger's independent statement is E3-18.
E3-17,E3,"Over the long term, it's hard for a stock to earn a much better return than the business that underlies it earns. If the business earns 6 percent on capital over 40 years and you hold it for that 40 years, you're not going to make much different than a 6 percent return, even if you originally buy it at a huge discount. Conversely, if a business earns 18 percent on capital over 20 or 30 years, even if you pay an expensive-looking price, you'll end up with one hell of a result. So the trick is getting into better businesses.","1994 (PCA Talk 2, USC)","Munger Talks (PCA)/Talk 02 - A Lesson on Elementary Worldly Wisdom (USC, 1994-04-14).txt",Long-run returns converge to business returns,Gate 2/4 (why quality dominates entry price over long horizons); Gate 6 fade rationale,Munger's quantitative core of wonderful-at-fair. Pairs with 1992 letter incremental-capital passage (E3-05).
E3-18,E3,"Every person is going to have a circle of competence. And it's going to be very hard to enlarge that circle. [...] So you have to figure out what your own aptitudes are. If you play games where other people have the aptitudes and you don't, you're going to lose. And that's as close to certain as any prediction you can make. You have to figure out where you've got an edge.","1994 (PCA Talk 2, USC)","Munger Talks (PCA)/Talk 02 - A Lesson on Elementary Worldly Wisdom (USC, 1994-04-14).txt",Circle of competence - Munger's edge formulation,Gate 1 (incl. the informational-edge question),"Munger uses the exact phrase in 1994, two years before the 1996 letter names it."
E3-19,E3,You've got to have models in your head. And you've got to array your experience - both vicarious and direct - on this latticework of models. [...] You've got to hang experience on a latticework of models in your head.,"1994 (PCA Talk 2, USC)","Munger Talks (PCA)/Talk 02 - A Lesson on Elementary Worldly Wisdom (USC, 1994-04-14).txt",Latticework of mental models,Gate 1 (how the circle is built),Verbatim source for C27 item 1.
E3-20,E3,"The model I like - to sort of simplify the notion of what goes on in a market for common stocks - is the pari-mutuel system at the racetrack. [...] the bad horse pays 100 to 1, whereas the good horse pays 3 to 2. Then it's not clear which is statistically the best bet.","1994 (PCA Talk 2, USC)","Munger Talks (PCA)/Talk 02 - A Lesson on Elementary Worldly Wisdom (USC, 1994-04-14).txt",Markets as pari-mutuel systems - price changes the bet,Gate 8 (Reverse DCF: what the price implies); Gate 6,"The corpus-native rationale for the Reverse DCF gate, currently confessed as a non-Buffett/Munger extension - it IS Munger's frame. Note: file text has a small extraction gap ('is the at the racetrack')  - flagged, not smoothed; wording above bridges via the sentence's own repetition."
E3-21,E3,"It's not given to human beings to have such talent that they can just know everything about everything all the time. But it is given to human beings who work hard at it - who look and sift the world for a mispriced bet - that they can occasionally find one. And the wise ones bet heavily when the world offers them that opportunity. They bet big when they have the odds. And the rest of the time, they don't. It's just that simple.","1994 (PCA Talk 2, USC)","Munger Talks (PCA)/Talk 02 - A Lesson on Elementary Worldly Wisdom (USC, 1994-04-14).txt",The mispriced bet; bet heavily when odds favor,Introduction (purpose); Gate 7 (sizing) - replaces Kelly attribution (C28),Verified near-verbatim vs the framework's version.
E3-22,E3,"it is not enough to think problems through forward. You must also think in reverse, much like the rustic who wanted to know where he was going to die so that he'd never go there. Indeed, many problems can't be solved forward. And that is why the great algebraist Carl Jacobi so often said, ""Invert, always invert""","1996 (PCA Talk 3, Stanford Law)","Munger Talks (PCA)/Talk 03 - Worldly Wisdom Revisited (Stanford Law, 1996-04-19).txt","Invert, always invert",Gate 5; Gate 8,"'Invert, always invert' verbatim location (with Talk 1's 1986 Jacobi line, E2-20). Note: file has an extraction gap after 'and why the' (missing subject) - flagged."
E3-23,E3,"The risk-free rate is used merely to equate one item to another. In other words, we're looking for whatever's the most attractive. [...] obviously, we can always buy the government bonds. So that becomes the yardstick rate. [...] it's the appropriate yardstick, in our view, to simply use to compare across all kinds of investment opportunities, oil wells, farms, whatever it may be. Now, it gets into degree of certainty, too. But it's the yardstick rate.",1997 Annual Meeting,Annual Meetings/1997 Annual Meeting.txt,"The yardstick rate: comparison standard, not build-up input",Gate 6-B (Buffett Statute - primary authority),The definitive passage for the Jul-2026 yardstick correction. Same meeting Q14: item (c) of owner earnings read as 'maintenance capital spending and working capital requirements' (supports E2-08).
E4-01,E4,"the formula for valuing all assets that are purchased for financial gain has been unchanged since it was first laid out by a very smart man in about 600 B.C. [...] The oracle was Aesop and his enduring, though somewhat incomplete, investment insight was ""a bird in the hand is worth two in the bush."" To flesh out this principle, you must answer only three questions. How certain are you that there are indeed birds in the bush? When will they emerge and how many will there be? What is the risk-free interest rate (which we consider to be the yield on long-term U.S. bonds)?",2000,Shareholder Letters/2000 Letter.txt,Aesop's three questions - the whole valuation problem,Gate 6 (structure of the DCF); Gate 6-B (the Statute's strongest authority),"Buffett names the risk-free long-bond yield as one of exactly THREE valuation inputs - the primary-source spine of the sovereign-yield comparison hurdle. Certainty (question 1) is handled by analysis, not by an added risk premium: consistent with 1994/1997 meetings (E3-13/E3-23)."
E4-02,E4,"When our long-term competitive position improves as a result of these almost unnoticeable actions, we describe the phenomenon as ""widening the moat."" And doing that is essential if we are to have the kind of business we want a decade or two from now. We always, of course, hope to earn more money in the short-term. But when short-term and long-term conflict, widening the moat must take precedence.",2005,Shareholder Letters/2005 Letter.txt,Widening the moat takes precedence over short-term earnings,Gate 2 (moat direction: WIDENING as the metric that matters); Gate 7 monitoring,The corpus basis for tracking moat direction; the specific 8-quarter mechanics remain conventions.
E4-03,E4,"A truly great business must have an enduring ""moat"" that protects excellent returns on invested capital. The dynamics of capitalism guarantee that competitors will repeatedly assault any business ""castle"" that is earning high returns. Therefore a formidable barrier such as a company's being the low-cost producer (GEICO, Costco) or possessing a powerful world-wide brand (Coca-Cola, Gillette, American Express) is essential for sustained success.",2007,Shareholder Letters/2007 Letter.txt,The mature moat doctrine,"Gate 2 (definition + two named moat types: cost advantage, brand intangible)",Buffett names two of the framework's four moat types himself; switching-cost and network-effect labels remain Dorsey taxonomy (convention).
E4-04,E4,"Our criterion of ""enduring"" causes us to rule out companies in industries prone to rapid and continuous change. Though capitalism's ""creative destruction"" is highly beneficial for society, it precludes investment certainty. A moat that must be continuously rebuilt will eventually be no moat at all. Additionally, this criterion eliminates the business whose success depends on having a great manager.",2007,Shareholder Letters/2007 Letter.txt,Enduring means no continuous rebuilding; no superstar-dependence,Gate 2 (durability test; key-person inversion in Gate 5),"RE-CUT 2026-08-26. This row previously buried the entire Great/Good/Gruesome taxonomy in a parenthetical note; that material is now rowed in full at E4-20, where it can be cited. This row is now confined to its actual subject: what 'enduring' excludes - industries prone to rapid and continuous change, and businesses dependent on a great manager."
E4-05,E4,"Long ago, Ben Graham taught me that ""Price is what you pay; value is what you get."" Whether we're talking about socks or stocks, I like buying quality merchandise when it is marked down.",2008,Shareholder Letters/2008 Letter.txt,Price vs value,Gate 6; Introduction,Graham named inside Buffett's sentence (shelf amendment pattern). Immediately follows: 'we enjoy such price declines if we have funds available to increase our positions.'
E4-06,E4,"I agree that all intelligent investing is value investing. You have to acquire more than you really pay for, and that's a value judgment. But you can look for more than you're paying for in a lot of different ways. [...] The investing where you find a few great companies and just sit on your ass because you've correctly predicted the future, that is what it's very nice to be good at.",2000 Annual Meeting (Munger),Annual Meetings/2000 Annual Meeting.txt,All intelligent investing is value investing; sit-on-your-ass investing,Gate 6 epigraph replacement (C16); Gate 7 Final Rule,The true source of the framework's conflated Munger epigraph. Transcription source.
E4-07,E4,"In contrast, economic goodwill does not, in many cases, diminish. Indeed, in a great many instances - perhaps most - it actually grows in value over time. In character, economic goodwill is much like land: The value of both assets is sure to fluctuate, but the direction in which value is going to go is in no way ordained.",1999,Shareholder Letters/1999 Letter.txt,Economic goodwill grows like land,Gate 2 (intangible moat durability),"Mature restatement of the 1983 appendix (E2-05); the framework's 'does not depreciate' gloss conflated these two passages while citing 1987 (C04). REPAIRED 2026-09-20, operator-authorised (decision 12): the cell had condensed the 1999 letter's 'the direction in which value is going to go' to 'the direction of change', nine words for three, with no bracket and no ellipsis. The letter's own words are restored."
E5-01,E5,"Charlie and I favor repurchases when two conditions are met: first, a company has ample funds to take care of the operational and liquidity needs of its business; second, its stock is selling at a material discount to the company's intrinsic business value, conservatively calculated.",2011,Shareholder Letters/2011 Letter.txt,The two buyback conditions,Gate 3 Dimension 2 (capital-allocation competence test),"Operationalizes the 1984 endorsement (E2-06); 'conservatively calculated' echoes the MOS discipline. ALIAS NOTE (2026-09-20, decision 20): one passage, two ids. This quote is the first sentence of [E5-08], the longer cut of the same 2011 passage, which is the id the runs of record use: 109 citations, against zero for this row. Both ids resolve and neither is retired."
E5-02,E5,"Focus on the future productivity of the asset you are considering. If you don't feel comfortable making a rough estimate of the asset's future earnings, just forget it and move on. No one has the ability to evaluate every investment possibility. But omniscience isn't necessary; you only need to understand the actions you undertake.",2013,Shareholder Letters/2013 Letter.txt,Future productivity or walk away,Gate 1 ('I don't know' is a complete answer); Gate 6 Step 1,The 2013 farm/real-estate section is the late-corpus restatement of the whole method for non-professionals.
E5-03,E5,"Games are won by players who focus on the playing field - not by those whose eyes are glued to the scoreboard. [...] Forming macro opinions or listening to the macro or market predictions of others is a waste of time. Indeed, it is dangerous because it may blur your vision of the facts that are truly important.",2013,Shareholder Letters/2013 Letter.txt,"Playing field, not scoreboard; no macro",Gate 7 monitoring (metrics not prices); Introduction (what the framework is not),Completes the E1-11 (1962 Ground Rule) -> E2-13 (1987 operating results) arc.
E5-04,E5,"From my perspective, though, Charlie's most important architectural feat was the design of today's Berkshire. The blueprint he gave me was simple: Forget what you know about buying fair businesses at wonderful prices; instead, buy wonderful businesses at fair prices.","2014 (Special Letter: Berkshire - Past, Present and Future)",Special Letters/2014 Warren Buffett - Past Present Future.txt,The Munger blueprint - in Buffett's words,Gate 6 (Statute Book One); framework's evolution narrative,Closes the arc: 1967 qualitative pivot (E1-15) -> 1989 wonderful-at-fair (E2-16) -> 2014 explicit credit. This is the citation the Gate 6 epigraph wanted all along.
E5-05,E5,"One investment rule at Berkshire has not and will not change: Never risk permanent loss of capital. Thanks to the American tailwind and the power of compound interest, the arena in which we operate has been - and will be - rewarding if you make a couple of good decisions during a lifetime and avoid serious mistakes.",2023,Shareholder Letters/2023 Letter.txt,Never risk permanent loss of capital,Gate 6 (MOS); replaces the apocryphal 'Rule No. 1' quote (C15),"The same letter contains 'Charlie Munger - The Architect of Berkshire Hathaway', Buffett's memorial restating the blueprint (cf. E5-04)."
E5-06,E5,"To say ""stock-based compensation"" is not an expense is even more cavalier.",2016,Shareholder Letters/2016 Letter.txt,SBC is an expense,Gate 4 (SBC as real cost),"With 1992's 'If options aren't a form of compensation, what are they?' (C17). The 15% materiality threshold remains a convention (C25)."
E5-07,E5,"NOT A QUOTATION - NEGATIVE FINDING, recorded per PRIME RULE 1. The 1997-2009 Wesco letters on disk are operational (insurance/reinsurance mechanics, e.g. the 2008-09 Swiss Re retrocession) and yielded no quotable philosophy for the priority concepts. Munger's citable philosophy lives in the PCA talks and meeting transcripts. The May framework's four Wesco-meeting quotes remain unsourced on the shelf (claims_audit C20-C23).",1997-2009 (survey),Wesco Letters (Munger)/,Wesco letters survey result,n/a - negative finding recorded per Prime Rule 1,"Not a quote; a mining record. Wesco read in parallel per CLAUDE.md; nothing to extract for the concept list. RELABELLED 2026-09-20, operator-authorised (decision 12): the cell opened 'NOTE:' and was counted among '267 verbatim rows'; its first words now read 'NOT A QUOTATION - NEGATIVE FINDING' so that a reader and tools/check_framework.py both see this row is a mining record and not a quotation. CLAUDE.md's KEY FILES line was corrected the same day to 266 verbatim quotes plus this one negative finding."
E2-22,E2,"And because the return has been so consistent, it seems reasonable to think of it as an equity coupon. [...] as inflation has increased, the return on equity capital has not. Essentially, those who buy equities receive securities with an underlying fixed return - just like those who buy bonds.","1977 (Fortune, May)",Fortune Essays (Buffett)/1977 - How Inflation Swindles the Equity Investor.txt,The equity coupon - origin of the growing-coupon reading,Gate 6-B (Statute); completes the E2-02/E2-03 arc the field amendment requested,Added 2026-07-14. The essay the 1997 meeting questioner cites [E3-23 context]. Second sentence bridges the essay's own restatement; final clause verbatim from the essay body.
E4-08,E4,"The key to investing is not assessing how much an industry is going to affect society, or how much it will grow, but rather determining the competitive advantage of any given company and, above all, the durability of that advantage.","1999 (Fortune, Nov 22)",Fortune Essays (Buffett)/1999 - Mr Buffett on the Stock Market.txt,Competitive advantage and its durability - the key to investing,"Gate 2 - the May edition's misattributed epigraph, now correctly sourced","Added 2026-07-14. Resolves claims_audit C02: claimed 'Buffett, 1986'; actual source located and verified verbatim."
E4-09,E4,"The chart shows the market value of all publicly traded securities as a percentage of the country's business - that is, as a percentage of GNP. The ratio has certain limitations in telling you what you need to know. Still, it is probably the best single measure of where valuations stand at any given moment.","2001 (Fortune, Dec 10)",Fortune Essays (Buffett)/2001 - Warren Buffett on the Stock Market.txt,Market cap to GNP - aggregate-level reverse valuation,Gate 8 context (what the aggregate price implies); Appendix material,Added 2026-07-14. Aggregate-level companion to the pari-mutuel frame [E3-20].
E2-23,E2,"These represent (a) reported earnings plus (b) depreciation, depletion, amortization, and certain other non-cash charges such as Company N's items (1) and (4) less (c) the average annual amount of capitalized expenditures for plant and equipment, etc. that the business requires to fully maintain its long-term competitive position and its unit volume. (If the business requires additional working capital to maintain its competitive position and unit volume, the increment also should be included in (c). However, businesses following the LIFO inventory method usually do not require additional working capital if unit volume does not change.)",1986,Shareholder Letters/1986 Letter.txt,owner earnings - full definition; working capital increment; 'average annual amount'; maintenance not total capex,Gate 4; Workbook Sheet 4,"TEXT NOTE: the source .txt splits the literal '(c)' across four lines as '(' / ' c' / ')' throughout this passage, an artifact of the HTML-to-text extraction; reassembled here, not smoothed. Three operative constraints often missed: (1) the WC increment IS part of owner earnings, so omitting it is wrong; (2) it is the increment REQUIRED to maintain competitive position and unit volume, not the raw annual balance-sheet swing; (3) 'average annual amount' governs BOTH the capex and WC terms, so a single-year figure is not the intended input. Also note (c) is maintenance capex ('requires to fully maintain'), NOT total capex, so using total capex understates owner earnings for any unit-growing business. ALIAS NOTE (2026-09-20, decision 20): one passage, two ids. This quote sits wholly inside [E2-08], the longer cut of the same 1986 passage. This is the id the 132 runs of record use: 117 citations, against zero for E2-08. Both ids resolve and neither is retired."
E2-24,E2,"See's was earning about $2 million after tax at the time, and such earnings seemed conservatively representative of future earning power in constant 1972 dollars.",1983,Shareholder Letters/1983 Letter.txt,"valuation anchor is representative future earning power, not the worst observed year",Gate 6 Book One and Book Two base,The anchor Buffett actually uses in his most-cited private purchase. 'Conservatively representative of FUTURE earning power' is a normal-year concept. He does not anchor to a trough.
E2-25,E2,"(2) demonstrated consistent earning power (future projections are of little interest to us, nor are ""turnaround"" situations),",1987,Shareholder Letters/1987 Letter.txt,acquisition criteria; consistent earning power,Gate 1; Gate 6 base selection,"Appears verbatim in the acquisition criteria of the 1982, 1983, 1984, 1985, 1986 and 1987 letters, i.e. Buffett repeated it unchanged for six consecutive years. 'CONSISTENT earning power', not minimum earning power."
E3-24,E3,"Consider some mathematics: Wells Fargo currently earns well over $1 billion pre-tax annually after expensing more than $300 million for loan losses. If 10% of all $48 billion of the bank's loans - not just its real estate loans - were hit by problems in 1991, and these produced losses (including foregone interest) averaging 30% of principal, the company would roughly break even. A year like that - which we consider only a low-level possibility, not a likelihood - would not distress us. In fact, at Berkshire we would love to acquire businesses or invest in capital projects that produced no return for a year, but that could then be expected to earn 20% on growing equity.",1990,Shareholder Letters/1990 Letter.txt,"the bad year is a SURVIVAL test run separately, not a valuation anchor",Gate 4 Fortress Test; Gate 6 Book One anchoring,"The decisive passage on trough-anchoring. Buffett values Wells Fargo off CURRENT earning power ('less than five times after-tax earnings, and less than three times pre-tax earnings' in the same section), then stress-tests a catastrophic year SEPARATELY as a survival question, and states explicitly that a zero-return year 'would not distress us' for a business that can then earn 20% on growing equity. Two distinct tests, two distinct places. Anchoring valuation to the trough collapses them into one and double-counts."
E3-25,E3,"And the final chapter is on the margin of safety, which means, don't try and drive a 9,800pound truck over a bridge that says it's, you know, ""Capacity: 10,000 pounds."" But go down the road a little bit and find one that says, ""Capacity: 15,000 pounds.""",1996,Annual Meetings/1996 Annual Meeting.txt,margin of safety - the bridge illustration; implies ~35%,Gate 6 MOS,"TEXT NOTE: '9,800pound' is unspaced in the source; preserved. Arithmetic: 9,800/15,000 = 0.653, i.e. a 35% margin. Ruling 5's citation of this passage is arithmetically correct. Immediately preceded in the same answer by 'if you have to actually do it on - with pencil and paper, it's too close to think about' (the Ruling 4-B quote), so the bridge and the scream test are one continuous thought."
E3-26,E3,"Obviously, if you understood a business perfectly - the future of a business - you would need very little in the way of a margin of safety. So the more volatile the business is - or possibility is - but assuming you still want invest in it, the larger the margin of safety. [...] Well, if you're driving a truck across a bridge that holds - it says it holds 10,000 pounds - and you've got a 9,800 pound vehicle, you know, if the bridge is about six inches above the crevice that it covers, you may feel OK. But if it's, you know, over the Grand Canyon, you may feel you want a little larger margin of safety, in terms of only driving a 4,000 pound truck, or something, across. So it depends on the nature of the underlying risk.",1997,Annual Meetings/1997 Annual Meeting.txt,"margin of safety is a FUNCTION of certainty and of downside severity, in both directions",Gate 6 MOS,"The scaling rule stated explicitly, and it runs BOTH ways: 'understood perfectly ... very little in the way of a margin of safety' at one end, Grand Canyon at the other. Ruling 5 quoted the Grand Canyon half and not the 'very little' half. Note the two variables Buffett names are CERTAINTY ('the more volatile the business') and CONSEQUENCE SEVERITY ('six inches above the crevice' vs the Grand Canyon)."
E4-10,E4,"Now, repurchases are all the rage, but are all too often made for an unstated and, in our view, ignoble reason: to pump or support the stock price. The shareholder who chooses to sell today, of course, is benefitted by any buyer, whatever his origin or motives. But the continuing shareholder is penalized by repurchases above intrinsic value. Buying dollar bills for $1.10 is not good business for those who stick around.",1999,Shareholder Letters/1999 Letter.txt,buybacks above intrinsic value penalize continuing holders,Gate 3 alignment/competence,The clearest statement that overpaying on buybacks is a real cost. Note what Buffett does NOT do with the finding: he does not reprice the business or raise a discount rate on it. See E4-13 for the humility clause he attaches in the very next paragraph.
E4-11,E4,"You calculate - I think you take all of the variables and calculate them reasonably conservatively. But you don't try and put too much windage in at every level. And then when you get all through, you apply the margin of safety. So I would say, don't focus too much on taking it on each variable in terms of the discount rate and the growth rate and so on. But try to be as realistic as you can on those numbers, but with any errors being on the conservative side. And then when you get all through, you apply the margin of safety. [...] I want to be conservative at all the levels and then I want to have that significant margin of safety at the end.",2004,Annual Meetings/2004 Annual Meeting.txt,"THE WINDAGE RULE: realism at each variable, conservatism applied ONCE at the end",Gate 6 - governs the whole construction of Book One and Book Two,"Asked directly how he combines growth estimates with the margin of safety. This is the most procedurally specific methodology statement in the corpus and it names the exact two variables the framework currently loads with extra conservatism ('the discount rate and the growth rate'). Stacking conservative inputs, a certainty spread and a margin of safety on the same estimate is the practice this passage forbids. ALIAS NOTE (2026-09-20, decision 20): one passage, two ids. This is the LONGER cut of the 2004 windage answer and [E4-48] sits wholly inside it. The pair is used TOGETHER on purpose in 10 runs and both are cited by the runs of record, this row 46 times and E4-48 16: E4-11 names which bar the windage rule offers, E4-48 the discipline that bar enforces. Both ids resolve and neither is retired."
E4-12,E4,"We favor the businesses where we really think we know the answer. And, therefore, if a business gets to the point where we think the industry in which it operates, the competitive position or anything is so chancy that we can't really come up with a figure, we don't really try to compensate for that sort of thing by having some extra large margin of safety. We really want to try to go on to something that we understand better. So if we buy something like - See's Candy as a business or Coca-Cola as a stock, we don't think we need a huge margin of safety because we don't think we're going to be wrong about our assumptions in any material way. [...] We'd love to find them when they're selling at 40 cents on the dollar but we will buy those as much closer to a dollar on the dollar. We don't like to pay a dollar on the dollar, but we'll pay something close.",2007,Annual Meetings/2007 Annual Meeting.txt,"for a business you genuinely understand, the margin of safety is SMALL; uncertainty is answered by walking away, not by a bigger discount",Gate 6 MOS; Gate 1 circle of competence,"The question asked was almost exactly ours: 'in a dominant, long-standing, stable business, would you demand a 10 percent margin of safety and, if so, how would you increase this in a weaker business?' Two rules follow. (1) A big MOS is NOT the remedy for uncertainty; leaving is. (2) For a great business the discount is small, 'closer to a dollar on the dollar'. The fat-man illustration in the same answer ('you don't know whether they weigh 300 pounds or 325 pounds ... if we can come in at the equivalent of 270 pounds, we'll feel good') implies roughly 10-17% off, i.e. LESS than the framework's standing 20%."
E4-13,E4,"Charlie and I admit that we feel confident in estimating intrinsic value for only a portion of traded equities and then only when we employ a range of values, rather than some pseudo-precise figure. Nevertheless, it appears to us that many companies now making repurchases are overpaying departing shareholders at the expense of those who stay. In defense of those companies, I would say that it is natural for CEOs to be optimistic about their own businesses. They also know a whole lot more about them than I do.",1999,Shareholder Letters/1999 Letter.txt,epistemic humility clause attached to any outside judgment that a buyback was overpriced,Gate 3,"Attaches directly to E4-10 and limits it. Buffett states the overpayment finding and in the same breath concedes his own IV estimate is a range, that the CEO knows more, and that optimism is natural rather than culpable. Any framework rule that converts 'they bought above OUR IV' into a penalty on the business must carry this clause."
E5-08,E5,"Charlie and I favor repurchases when two conditions are met: first, a company has ample funds to take care of the operational and liquidity needs of its business; second, its stock is selling at a material discount to the company's intrinsic business value, conservatively calculated. We have witnessed many bouts of repurchasing that failed our second test. Sometimes, of course, infractions - even serious ones - are innocent; many CEOs never stop believing their stock is cheap. [...] The first law of capital allocation - whether the money is slated for acquisitions or share repurchases - is that what is smart at one price is dumb at another.",2011,Shareholder Letters/2011 Letter.txt,the two-condition buyback test; failing it can be an innocent infraction,Gate 3,"Gives the actual test to apply (funds + material discount to conservatively calculated IV) AND the disposition toward failure: 'infractions - even serious ones - are innocent' in some cases, because 'many CEOs never stop believing their stock is cheap'. Buffett names the failure without treating it as evidence of bad management per se. ALIAS NOTE (2026-09-20, decision 20): one passage, three ids. This is the LONGEST cut of the 2011 buyback passage; [E5-01] is its first sentence and [E5-24] its closing first-law sentence. E5-24 is used WITH this row on purpose in 45 runs, where E5-08 carries the two-condition test and E5-24 the first law of capital allocation, so one long quote legitimately supports two rules. E5-01 is cited in zero of the 132 runs. All three ids resolve and none is retired; [coursework path withheld] was repointed from E5-01 to E5-08 on 2026-09-20. (Path note 2026-09-25: that file moved to [coursework path withheld] when the class was archived, commit 89dca85d; the old path is kept as written.)"
E5-09,E5,"But never forget: In repurchase decisions, price is all-important. Value is destroyed when purchases are made above intrinsic value.",2012,Shareholder Letters/2012 Letter.txt,buybacks above IV destroy value - the flattest statement of it,Gate 3,Same letter also gives the standard he applied to himself: repurchase 'is sensible for a company when its shares sell at a meaningful discount to conservatively calculated intrinsic value ... It's hard to go wrong when you're buying dollar bills for 80 cents or less.'
E5-10,E5,"We have never, however, singled out restructuring charges and told you to ignore them in estimating our normal earning power. If there were to be some truly major expenses in a single year, I would, of course, mention it in my commentary.",2016,Shareholder Letters/2016 Letter.txt,"'normal earning power' is the operative valuation quantity; single-year distortions are called out, not adopted",Gate 6 base selection,"Confirms the mature articulation of the E2-24 / E2-25 concept: the quantity being estimated is NORMAL earning power, and a single distorted year is something to disclose and reason about, in either direction, rather than something to adopt as the anchor. ALIAS NOTE (2026-09-20, decision 20): one passage, two ids. This quote sits wholly inside [E5-33], the longer cut of the same 2016 passage, which is the id the runs of record use: 58 citations, against zero for this row. Both ids resolve and neither is retired."
E3-27,E3,"The numbers in any accounting report mean nothing, per se, as to economic value. They are guidelines to tell you something about how to get at economic value. But they don't tell you anything. It - there are no answers in the financial statements. There are guidelines to enable you to figure out the answer. And to figure out that answer, you have to understand something about business. You don't have to understand a lot about mathematics. I mean, the math is not complicated. But you do have to understand something about the business.",1994,Annual Meetings/1994 Annual Meeting.txt,"financial statements are guidelines, not answers; business understanding is the input",Gate 1; Gate 4; Gate 6; governs the use of tagged/machine-read data,"Answering a question about how he gets from annual reports to intrinsic value. The most direct statement in the corpus against deriving a verdict from statement line items alone. Bears directly on XBRL, which supplies exactly and only 'the numbers in the accounting report'."
E3-28,E3,"I like to know as much as I can about the person that's running it and how they think about the business and what's really going on in the business. [...] If we own stock in a company and in an industry, and there are eight other companies that are in the same industry, I want to own or be on the mailing list for the reports for the other eight, because I can't understand how my company is doing unless I understand what the other eight are doing. I want to have the perspective of, in terms of market share, what's going on in the business or their margins or the trend of margins, all kinds of things that I can't get unless I know - I can't be an intelligent owner of a business unless I know what all the other businesses in that industry are doing.",1996,Annual Meetings/1996 Annual Meeting.txt,"what he reads annual reports FOR; competitor reading is mandatory, not optional",Gate 2 (competitor row); Gate 3,Asked directly what he is reading for. States a condition the framework has never required: a moat is a claim about RELATIVE position and he says he cannot evaluate a company without reading the other eight. None of what he lists is available in tagged data.
E4-14,E4,"you want to read lots of annual reports. You really want to have a database in your mind so that you can tell what kind of a business you're looking at, in general, by looking at the figures. It's far overrated - we never look at any analyst reports.",2003,Annual Meetings/2003 Annual Meeting.txt,"the database is in the mind, built by reading; analyst reports rejected",Working method,"The questioner explicitly listed 'databases like Reuters, Bloomberg, DataStream, annual reports, internet' and asked which he uses. He answered with annual reports and a database IN THE MIND. The nearest thing in the corpus to a direct answer on machine-readable data sources."
E2-26,E2,"We will be candid in our reporting to you, emphasizing the pluses and minuses important in appraising business value. Our guideline is to tell you the business facts that we would want to know if our positions were reversed. We owe you no less. [...] We also believe candor benefits us as managers: the CEO who misleads others in public may eventually mislead himself in private.",1983,Shareholder Letters/1983 Letter.txt (lines 136-146),"candor - the test, and WHY honesty and rationality are one question",Q3 management,TEXT NOTE: source file is hard-wrapped at ~60 chars; line breaks removed to reassemble the sentences. No other change. Restated as Owner's Manual principle 12. The final clause is the corpus's own explanation of why integrity and competence cannot be assessed separately: public dishonesty degrades private cognition. Supplies an operational test applicable to any letter or 10-K - 'the facts we would want to know if our positions were reversed'.
E2-27,E2,"But the promised benefits from these textile investments were illusory. Many of our competitors, both domestic and foreign, were stepping up to the same kind of expenditures and, once enough companies did so, their reduced costs became the baseline for reduced prices industrywide. Viewed individually, each company's capital investment decision appeared cost-effective and rational; viewed collectively, the decisions neutralized each other and were irrational (just as happens when each person watching a parade decides he can see a little better if he stands on tiptoes). After each round of investment, all the players had more money in the game and returns remained anemic.",1985,Shareholder Letters/1985 Letter.txt (lines 423-434),"HOW A BUSINESS ACTUALLY DIES - the capex trap; individually rational, collectively irrational",Q2 franchise; Q4 survival; Q6 exit,"TEXT NOTE: source file is hard-wrapped at ~60 chars; line breaks removed to reassemble the sentences. No other change. The corpus's clearest account of a specific death mechanism, and it is death by individually rational decisions - which is also what irrational capital allocation looks like from the inside. Continues at 436-441: 'huge capital investment would have helped to keep our textile business alive, but would have left us with terrible returns on ever-growing amounts of capital. [...] A refusal to invest, however, would make us increasingly non-competitive.' Replaces the invented generic 50%-decline stress test with a named, quantifiable mechanism."
E2-28,E2,"Sometimes, of course, the market may judge a business to be more valuable than the underlying facts would indicate it is. In such a case, we will sell our holdings. Sometimes, also, we will sell a security that is fairly valued or even undervalued because we require funds for a still more undervalued investment or one we believe we understand better. We need to emphasize, however, that we do not sell holdings just because they have appreciated or because we have held them for a long time. (Of Wall Street maxims the most foolish may be ""You can't go broke taking a profit."") We are quite content to hold any security indefinitely, so long as the prospective return on equity capital of the underlying business is satisfactory, management is competent and honest, and the market does not overvalue the business.",1987,Shareholder Letters/1987 Letter.txt (lines 846-860),THE SELL RULE - two sell triggers and three named hold conditions,Q6 exit,"TEXT NOTE: source file is hard-wrapped at ~60 chars; line breaks removed to reassemble the sentences. No other change. The single most important gap the v4 audit closed. Before this the ledger's only sell material (E2-13, E2-14) said when NOT to sell. Here are the triggers - market overvalues it, or funds are needed for something better understood or more undervalued - and the three conditions under which you hold indefinitely, which map one-to-one onto Q2, Q3 and Q5. Note what is absent: price appreciation and holding period are explicitly rejected as reasons."
E2-29,E2,"This point can be important because the heads of many companies are not skilled in capital allocation. Their inadequacy is not surprising. Most bosses rise to the top because they have excelled in an area such as marketing, production, engineering, administration or, sometimes, institutional politics.",1987,Shareholder Letters/1987 Letter.txt (lines 944-949),"why capital-allocation skill is scarce, and why it dominates Q3",Q3 management,"TEXT NOTE: source file is hard-wrapped at ~60 chars; line breaks removed to reassemble the sentences. No other change. The ledger had capital-allocation OUTPUTS (buybacks: E2-06, E4-10, E5-01, E5-08, E5-09) but never the reason the skill is rare. The same section quantifies why it dominates: a CEO whose company retains earnings equal to 10% of net worth will, after ten years, have been responsible for deploying more than 60% of all the capital at work in the business."
E2-30,E2,"For example: (1) As if governed by Newton's First Law of Motion, an institution will resist any change in its current direction; (2) Just as work expands to fill available time, corporate projects or acquisitions will materialize to soak up available funds; (3) Any business craving of the leader, however foolish, will be quickly supported by detailed rate-of-return and strategic studies prepared by his troops; and (4) The behavior of peer companies, whether they are expanding, acquiring, setting executive compensation or whatever, will be mindlessly imitated. [...] Institutional dynamics, not venality or stupidity, set businesses on these courses, which are too often misguided.",1989,Shareholder Letters/1989 Letter.txt (lines 1524-1535),"the institutional imperative, ENUMERATED as four observable behaviours",Q3 management,"TEXT NOTE: source file is hard-wrapped at ~60 chars; line breaks removed to reassemble the sentences. No other change. E2-18 and E3-02 capture the label and the definition; this is the operational content. All four are testable against a real filing set. 'Not venality or stupidity' is the crucial disposition note - this is not a fraud test, and must never be scored as one."
E2-31,E2,"After some other mistakes, I learned to go into business only with people whom I like, trust, and admire. As I noted before, this policy of itself will not ensure success: A second-class textile or department-store company won't prosper simply because its managers are men that you would be pleased to see your daughter marry. However, an owner - or investor - can accomplish wonders if he manages to associate himself with such people in businesses that possess decent economic characteristics. Conversely, we do not wish to join with managers who lack admirable qualities, no matter how attractive the prospects of their business. We've never succeeded in making a good deal with a bad person.",1989,Shareholder Letters/1989 Letter.txt (lines 1543-1554),the management veto - and its correct subordination to business economics,Q3 management,"TEXT NOTE: source file is hard-wrapped at ~60 chars; line breaks removed to reassemble the sentences. No other change. The final sentence is the veto rule for Q3; the preceding sentences prevent it being read as management-first. Good people cannot rescue bad economics, but bad people void good economics. Order matters."
E2-32,E2,"You should be fully aware of one attitude Charlie and I share that hurts our financial performance: Regardless of price, we have no interest at all in selling any good businesses that Berkshire owns. We are also very reluctant to sell sub-par businesses as long as we expect them to generate at least some cash and as long as we feel good about their managers and labor relations. [...] Nevertheless, gin rummy managerial behavior (discard your least promising business at each turn) is not our style. We would rather have our overall results penalized a bit than engage in that kind of behavior.",1983,"Owners Manual/An Owners Manual.txt (principle 11, lines 209-216)",regardless of price; the gin rummy prohibition,Q6 exit,"Wording originates verbatim in Shareholder Letters/1983 Letter.txt. CRITICAL SCOPE LIMIT, stated by Buffett himself in the same principle: 'we emphasize that the comments here refer to businesses we control, not to marketable securities.' This may NOT be quoted as a never-sell rule for stocks. For marketable securities the governing row is E2-28 (the 1987 sell rule). Counterweight to carry alongside it, 2008 meeting: 'we don't do anything when the phrase ""regardless of price"" enters into the sentence.'"
E3-29,E3,"The banking business is no favorite of ours. When assets are twenty times equity - a common ratio in this industry - mistakes that involve only a small portion of assets can destroy a major portion of equity. [...] Because leverage of 20:1 magnifies the effects of managerial strengths and weaknesses, we have no interest in purchasing shares of a poorly-managed bank at a ""cheap"" price. Instead, our only interest is in buying into well-managed banks at fair prices.",1990,Shareholder Letters/1990 Letter.txt (lines 320-322),"bank leverage - and the conclusion is MANAGEMENT QUALITY, not a ratio ceiling",Q4 survival; Q3 management,"PREVIOUSLY UNROWED, though the framework's 10:1 automatic-fail ceiling cited it as '[E3-02 context]' - E3-02's quote is the institutional-imperative sentence that follows, so the ceiling has never had a real source. Read plainly: Buffett states NO ceiling, calls 20:1 'a common ratio in this industry' i.e. normal, and concludes about MANAGEMENT. He then buys Wells Fargo at roughly that leverage. A 10:1 automatic fail would reject the purchase this passage exists to describe. The invented 10:1 ceiling is retired in v4; see 'INVENTIONS - deleted and why'."
E3-30,E3,The question is whether this erosion is just part of an aberrational cycle - to be fully made up in the next upturn - or whether the business has slipped in a way that permanently reduces intrinsic business values.,1990,Shareholder Letters/1990 Letter.txt (line 141),the monitoring question: cyclical dip or permanent slip?,Q2 franchise; Q6 exit,"The only place Buffett narrates a moat degrading in real time and writes intrinsic value down as a result - while still calling the businesses 'fine businesses'. This one sentence is the whole of the monitoring test, and it is a question rather than a threshold, which is why no mechanical tripwire replaces it. Inverse of E4-02 (widening the moat)."
E3-31,E3,"At Berkshire, we attempt to deal with this problem in two ways. First, we try to stick to businesses we believe we understand. That means they must be relatively simple and stable in character. If a business is complex or subject to constant change, we're not smart enough to predict future cash flows. Incidentally, that shortcoming doesn't bother us. What counts for most people in investing is not how much they know, but rather how realistically they define what they don't know. An investor needs to do very few things right as long as he or she avoids big mistakes.",1992,Shareholder Letters/1992 Letter.txt (lines 798-807),circle of competence DEFINED - simple and stable; defined negatively,Q1 understanding,"TEXT NOTE: source file is hard-wrapped at ~60 chars; line breaks removed to reassemble the sentences. No other change. This is the FIRST of the two ways in the 1992 letter; E3-08 carried only the second (margin of safety) and was re-cut in v4 to carry both. Buffett names understanding FIRST and says of the margin of safety only 'Second, and equally important'. Quoting the MOS half alone inverts his own ordering. Defines 'understand' operationally as SIMPLE AND STABLE, and states the criterion negatively: 'how realistically they define what they don't know.'"
E3-32,E3,"So I do not have to have a view on interest rates - and I don't have a view on interest rates - to make a decision as to an insurance business, or a mortgage guarantor business, or a banking business, or something of the sort, relative to making a judgment about Coke or Gillette.",1994,Annual Meetings/1994 Annual Meeting.txt (line 733),"rates are gravity, but you may NOT take a view on them",Q5 price,"MUST SHIP PAIRED WITH E4-15 (the gravity passage). E4-15 alone invites exactly the macro forecasting the corpus forbids; this is the guardrail. Same answer opens (line 731): 'the value of every business... is 100 percent sensitive to interest rates.' So: rates enter as the current observed sovereign, never as a forecast. Consistent with E1-11 and E5-03."
E3-33,E3,"Within the growth stock model, there's a sub-position: There are actually businesses that you will find a few times in a lifetime where any manager could raise the return enormously just by raising prices, and yet they haven't done it. So they have huge untapped pricing power that they're not using. That is the ultimate no-brainer.",1994,"Munger Talks (PCA)/Talk 02 - A Lesson on Elementary Worldly Wisdom (USC, 1994-04-14).txt (line 417)",UNTAPPED pricing power as the strongest franchise signal,Q2 franchise,"Munger. Cuts against E3-03's realized-returns test: E3-03 says pricing power is DEMONSTRATED by high returns on capital, but the best case is pricing power that has NOT yet shown up in returns. A Gate 2 screening only on realized ROIC misses this class entirely. Same passage, line 425: 'There are actually people out there who don't price everything as high as the market will easily stand. And once you figure that out, it's like finding money in the street, if you have the courage of your convictions.'"
E3-34,E3,"I've never seen - you know, Warren talks about these discounted cash flows. I've never seen him do one. (Laughter and applause)",1996,Annual Meetings/1996 Annual Meeting.txt (line 1273),Munger: the DCF is not part of the actual method,Q5 price,"PREVIOUSLY UNROWED despite being quoted in Rulings 4-B and 14 and in the run template. NOTE the exact text includes the false start 'I've never seen -' which the framework has been silently cleaning up; recorded here verbatim per Prime Rule 1. Munger continues at line 1281: 'If it isn't pluperfect obvious that it's going to work out well, if you do the calculation, he tends to go on to the next idea.' Buffett agrees at 1283: 'if you have to actually do it on - with pencil and paper, it's too close to think about.'"
E3-35,E3,"Charlie and I have the easy jobs at Berkshire: We do very little except allocate capital. And, even then, we are not all that energetic. We have one excuse, though: In allocating capital, activity does not correlate with achievement. Indeed, in the fields of investments and acquisitions, frenetic behavior is often counterproductive. Therefore, Charlie and I mainly just wait for the phone to ring.",1998,Shareholder Letters/1998 Letter.txt (lines 515-518),"inactivity - the causal claim, not the attitude",Q6 exit; working method,"E3-01 and E3-15 assert inactivity; neither says WHY it works. 'Activity does not correlate with achievement' is the causal claim. Munger quantifies it, Talk 02 line 413: 'There are huge advantages for an individual to get into a position where you make a few great investments and just sit on your ass: You're paying less to brokers. You're listening to less nonsense. And if it works, the governmental tax system gives you an extra one, two, or three percentage points per annum compounded.'"
E4-15,E4,"To understand why that happened, we need first to look at one of the two important variables that affect investment results: interest rates. These act on financial valuations the way gravity acts on matter: The higher the rate, the greater the downward pull. That's because the rates of return that investors need from any kind of investment are directly tied to the risk-free rate that they can earn from government securities. So if the government rate rises, the prices of all other investments must adjust downward, to a level that brings their expected rates of return into line. [...] Consequently, every time the risk-free rate moves by one basis point - by 0.01% - the value of every investment in the country changes. [...] Nonetheless, the effect - like the invisible pull of gravity - is constantly there.",1999,Fortune Essays (Buffett)/1999 - Mr Buffett on the Stock Market.txt (lines 19-21),INTEREST RATES AS GRAVITY - the mechanism the whole hurdle rests on,Q5 price,"The largest single gap the v4 audit found: MISSING ENTIRELY from a 92-row ledger. E4-01 and E3-23 say the bond yield is an input; neither says why. This is the only place Buffett states that the sovereign yield is not an analyst's convention but a constraint acting on every asset simultaneously. Restated 2001 essay: 'In economics, interest rates act as gravity behaves in the physical world. At all times, in all markets, in all parts of the world, the tiniest change in rates changes the value of every financial asset.' MUST SHIP PAIRED WITH E3-32 or it becomes macro forecasting."
E4-16,E4,"Whenever a bright person, a really bright person, goes broke that has a lot of money, it's because of leverage. It - you simply - you basically can't - it would be almost impossible to go broke without borrowed money being in the equation.",1999,Annual Meetings/1999 Annual Meeting.txt (line 117),the single cause of business death for the otherwise-competent,Q4 survival,"TRANSCRIPT NOTE: the false starts ('It - you simply - you basically can't -') are preserved verbatim per Prime Rule 1. A one-variable causal claim about how capable people lose everything. Directly supports weighting debt heavily in Q4 - and note it does so WITHOUT a ratio, which is why v4 deletes the invented 10:1 ceiling (see E3-29) and keeps the question."
E4-17,E4,"So now we sell - really when we think that we've - when we're reevaluating the economic characteristics of the business. [...] We probably had one view of the long-term competitive advantage of the company at the time we bought it, and we may have modified that. That doesn't mean we think that the company is going into some disastrous period or anything remotely like that. [...] But we probably don't think that their competitive advantage is as strong as we might have thought [...] And those beliefs change quite gradually.",2002,Annual Meetings/2002 Annual Meeting.txt (lines 139-141),"THE EXIT TRIGGER IS A MOAT DOWNGRADE, and it is gradual",Q6 exit; Q2 franchise,"Answering the direct question of when to hold forever and when to sell. The trigger is a re-evaluation of competitive advantage - not a price move, not a bad quarter, and explicitly not distress ('a fine future'). 'Those beliefs change quite gradually' is direct corpus evidence AGAINST any short-window mechanical exit such as the framework's invented two-consecutive-quarters rule. Worked example in the same answer: newspapers, impregnable in 1970, not the same franchise in 2002."
E4-18,E4,"there are things in life that you don't have to make a decision on and that are too hard. And many years ago on one of the reports, I said one of the interesting things about investment is that there's no degree of difficulty factor. [...] And we get paid, not for jumping over 7-foot bars, but for stepping over 1-foot bars. [...] Now maybe we cast out too many things as being too hard and thereby narrow our universe. But I'd rather have the narrow - the universe be a little too - interpret it as being a little too - a little smaller than it really is, than being interpreted as larger than it is.",2005,Annual Meetings/2005 Annual Meeting.txt (lines 977-979),no degree-of-difficulty factor; deliberately UNDER-estimate the circle,Q1 understanding,"PREVIOUSLY UNROWED despite governing the 7-foot bar rule in CLAUDE.md and the run template. The final sentence is what makes 'too hard' a RULE rather than an attitude: err toward a smaller universe. Munger the same day (line 973): 'We just throw some decisions into the ""too hard"" pile and go on to others.' Origin of the bar metaphor, 1989 letter: 'we concentrated on identifying one-foot hurdles that we could step over rather than because we acquired any ability to clear seven-footers.'"
E4-19,E4,"I know - what I've learned is I know enough not - to know that I don't know enough to make an investment decision. [...] There's just - there's just games that are too tough. Charlie says, you know, ""We've got three boxes at the company: in, out, and too hard."" (Laughter) And a lot of things end up in the ""too hard"" pile, and it doesn't bother us.",2006,Annual Meetings/2006 Annual Meeting.txt (lines 213-215),"THE THREE BOXES - in, out, and too hard",all questions - the verdict structure itself,"PREVIOUSLY UNROWED despite being the basis of the framework's entire verdict structure. ATTRIBUTION: the line is MUNGER'S, quoted by Buffett ('Charlie says'). The framework recorded it as Buffett's until 2026-08-26. Munger's own version later the same meeting (line 821): 'If something is too hard to do, we look for something that isn't too hard to do. What could be more obvious than that?' v4 splits 'too hard' into UNRESEARCHED (evidence exists, go get it) and UNKNOWABLE (evidence is in, future indeterminate) - a framework distinction, not a corpus one, and labelled as such. REPAIRED 2026-09-20, operator-authorised (decision 12): the cell previously printed the two fragments in REVERSE transcript order (three boxes, then '[...]', then the know-enough clause) and deleted the transcript's '(Laughter)' without a mark, which is the case PRIME RULE 1 names. Both fragments now stand in document order - the know-enough answer at line 213 and the three-boxes passage at line 215, the same answer to the same question 12 - with '(Laughter)' preserved and the text omitted between them marked '[...]'. The epigraph of I. THE FOUR VERDICTS in THE FRAMEWORK v4.md was corrected the same day to carry '(Laughter)'."
E4-20,E4,"Now let's move to the gruesome. The worst sort of business is one that grows rapidly, requires significant capital to engender the growth, and then earns little or no money. Think airlines. [...] Investors have poured money into a bottomless pit, attracted by growth when they should have been repelled by it. [...] To sum up, think of three types of ""savings accounts."" The great one pays an extraordinarily high interest rate that will rise as the years pass. The good one pays an attractive rate of interest that will be earned also on deposits that are added. Finally, the gruesome account both pays an inadequate interest rate and requires you to keep adding money at those disappointing returns.",2007,Shareholder Letters/2007 Letter.txt (lines 408-425),GREAT / GOOD / GRUESOME - does growth create or destroy value here?,Q2 franchise; Q4 survival; Q5 price,"Was buried in E4-04's evolution_notes as a parenthetical; promoted to its own row in v4 and E4-04 re-cut to cross-reference. The corpus's own answer to whether growth is good, and it is expressed as a YIELD, so it plugs straight into Q5. 'Attracted by growth when they should have been repelled by it' is the sharpest anti-growth-screen line in the corpus. Worked examples in the same section: See's ($32m reinvested since 1972 against $1.35bn of pre-tax earnings) and FlightSafety ($509m incremental investment for $159m of gain)."
E4-21,E4,"We don’t formally have discount rates. [...] But we are going to want to get a significantly higher return, obviously — in terms of cash produced relative to the amount we’re outlaying now for a business — than we are from a government bond. [...] that has to be the yardstick at a base. And how much more do we want? Well, if government bond rates were 2 percent, we’re not going to buy a business to earn 3 or 3 1/2 percent expectancy over the years. We just don’t want to commit our money that way. We’d rather sit around and wait a little while. [...] But I can’t tell you that we sit down every morning and I call Charlie in Los Angeles and say, “What’s our hurdle rate today?” I mean, we’ve never used the term. [...] The concept of a hurdle rate makes nothing but sense, and yet a lot of terrible errors are made by people who are talking about hurdle rates. [...] And the trouble with the hurdle rate concept — not that we don’t have one, in a sense — is it doesn’t work as well as a system of comparing things.",2007,Annual Meetings/2007 Annual Meeting.txt (lines 773-779),NO FORMAL RATES; the bond as base yardstick; A FLOOR STATED IN THE SAME BREATH; ranking preferred to the hurdle CONCEPT - which Munger concedes they have 'in a sense',Q5 price,"RE-CUT 2026-08-28 (Test D). The prior cut kept only 'never used the term' and the Munger comparison fragment, eliding the floor sentence two lines above and Munger's concession clause - and v4 built 'no hurdle floor' on the elision. Full context: 2007 meeting lines 773-777. The floor and the ranking COEXIST; see E4-28 for the floor's number and basis."
E5-11,E5,"Financial staying power requires a company to maintain three strengths under all circumstances: (1) a large and reliable stream of earnings; (2) massive liquid assets and (3) no significant near-term cash requirements. Ignoring that last necessity is what usually leads companies to experience unexpected problems: Too often, CEOs of profitable companies feel they will always be able to refund maturing obligations, however large these are.",2014,Special Letters/2014 Warren Buffett - Past Present Future.txt (lines 504-509),"SURVIVAL - the three strengths, and which one actually kills you",Q4 survival,"Q4 previously had no explicit survival rule in the ledger at all - E3-24 (Wells Fargo) is a worked example, not a rule. This is the rule, in three named components, and it identifies the THIRD as the usual killer, which is a non-obvious ordering a concise framework would otherwise get backwards. Same document: 'Cash, though, is to a business as oxygen is to an individual: never thought about when it is present, the only thing in mind when it is absent.' Replaces the invented generic 50%-decline test with three observable conditions."
E5-12,E5,"A CEO who is 64 and plans to retire at 65 may have his own special calculus in evaluating risks that have only a tiny chance of happening in a given year. He may, in fact, be ""right"" 99% of the time. Those odds, however, hold no appeal for us. We will never play financial Russian roulette with the funds you've entrusted to us, even if the metaphorical gun has 100 chambers and only one bullet. In our view, it is madness to risk losing what you need in pursuing what you simply desire.",2014,Special Letters/2014 Warren Buffett - Past Present Future.txt (lines 557-561),why permanent-loss risk is refused at ANY probability,Q4 survival; Q3 management; sizing,"E5-05 gives the rule ('never risk permanent loss of capital'); this gives the reasoning, plus a Q3 test in passing - the misaligned CEO horizon, where a manager's retirement date changes his risk calculus. Final sentence is the corpus's most direct statement on sizing and leverage. Same passage: 'it is entirely predictable that people will occasionally panic, but not at all predictable when this will happen.'"
E5-13,E5,"At this point, a report card from me is appropriate: In 58 years of Berkshire management, most of my capital-allocation decisions have been no better than so-so. [...] Our satisfactory results have been the product of about a dozen truly good decisions - that would be about one every five years - and a sometimes-forgotten advantage that favors long-term investors such as Berkshire.",2022,Shareholder Letters/2022 Letter.txt (lines 145-152),how many decisions a lifetime actually needs - about a dozen in 58 years,Q1 understanding; Q6 exit; working method,"TEXT NOTE: the source is PDF-extracted and renders the em dash as a replacement character; normalised to ' - ' here, no words changed. The most precise version in the corpus - Buffett quantifying his own hit rate. E5-05 has the vaguer 'a couple of good decisions during a lifetime'. This number is what justifies the entire architecture of a framework designed to say no, and it is the corpus's own answer to why a small universe is correct."
E5-14,E5,"The lesson for investors: The weeds wither away in significance as the flowers bloom. Over time, it takes just a few winners to work wonders. And, yes, it helps to start early and live into your 90s as well.",2022,Shareholder Letters/2022 Letter.txt (lines 183-185),why you do not trim winners or rebalance,Q6 exit; sizing,"E2-14 quotes the 1988 flowers/weeds simile inside a note; this is the 2022 statement of the position-sizing consequence, with the arithmetic behind it in the same section (Coke and Amex each bought for $1.3bn; annual dividends grew from $75m to $704m and from $41m to $302m; 'All Charlie and I were required to do was cash Coke's quarterly dividend checks'). The strongest corpus argument against mechanical trimming or rebalancing rules."
E1-16,E1,"We have topnotch people (both from a personal and business standpoint) handling the operation. ... Even if the price had been cheaper but the management had been run-of-the-mill, we would not have bought the business.",1966 (letter dated 1966-07-12),Partnership Letters/1966-07-12 Partnership Letter.txt,Manager as a BINARY GATE when the whole business is bought - no price compensates,Q3 management (weight rule: control raises Q3 to a gate),The counter-case to the guardrail. Hochschild Kohn. Buffett names the SAME company in 1989 [E2-38] as proof that able and honest management cannot save bad economics - the corpus grading its own rule 23 years later. Ellipsis omits an aside about his Penney's job.
E2-33,E2,"We get excited enough to commit a big percentage of insurance company net worth to equities only when we find (1) businesses we can understand, (2) with favorable long-term prospects, (3) operated by honest and competent people, and (4) priced very attractively.  We usually can identify a small number of potential investments meeting requirements (1), (2) and (3), but (4) often prevents action.",1978,Shareholder Letters/1978 Letter.txt,"The four criteria in order - the framework's own skeleton, and Q3 sits third","THE QUESTION SEQUENCE ITSELF: (1)=Q1, (2)=Q2, (3)=Q3, (4)=Q5","Earliest full statement of the ordered test. Note the last clause: price, not quality, is what usually stops a run."
E2-35,E2,"GEICO may appear to be an exception, having been turned around from the very edge of bankruptcy in 1976.  It certainly is true that managerial brilliance was needed for its resuscitation, and that Jack Byrne, upon arrival in that year, supplied that ingredient in abundance.     But it also is true that the fundamental business advantage that GEICO had enjoyed - an advantage that previously had produced staggering success - was still intact within the company, although submerged in a sea of financial and operating troubles.",1980,Shareholder Letters/1980 Letter.txt,The exception tested: a great manager counts only where the franchise is already intact,Q3 management; Q2 franchise (the boundary between them),Buffett raises the strongest counter-example to his own rule and dismantles it. Continues into E2-36.
E2-36,E2,"The GEICO and American Express situations, extraordinary business franchises with a localized excisable cancer (needing, to be sure, a skilled surgeon), should be distinguished from the true “turnaround” situation in which the managers expect - and need - to pull off a corporate Pygmalion.",1980,Shareholder Letters/1980 Letter.txt,Excisable cancer vs corporate Pygmalion - the testable form of the exception,Q3 management; Q2 franchise; Q4 survival,"The operative distinction for any 'great manager' case: is the moat intact and the damage local, or IS the manager the plan? Same letter as E2-35, immediately following."
E2-37,E2,"a textile company that allocates capital brilliantly within its industry is a remarkable textile company - but not a remarkable business.     My conclusion from my own experiences and from much observation of other businesses is that a good managerial record (measured by economic returns) is far more a function of what business boat you get into than it is of how effectively you row (though intelligence and effort help considerably, of course, in any business, good or bad).",1985,Shareholder Letters/1985 Letter.txt,"THE GUARDRAIL, sharpest form - genuine managerial excellence inside a bad business carries no investment weight",Q3 management (ceiling on what Q3 can do); Q2 franchise,Preceded by Samuel Johnson's horse: 'A horse that can count to ten is a remarkable horse - not a remarkable mathematician.' The strongest of six independent statements of the guardrail across the corpus.
E2-38,E2,"Good jockeys will do well on good horses, but not on broken-down nags. Both Berkshire's textile business and Hochschild, Kohn had able and honest people running them. The same managers employed in a business with good economic characteristics would have achieved fine records. But they were never going to make any progress while running in quicksand.",1989 (Mistakes of the First Twenty-Five Years),Shareholder Letters/1989 Letter.txt,"Able and honest management does not rescue bad economics - named, worked, self-graded",Q3 management; Q2 franchise,"Closes the loop opened at E1-16: Hochschild Kohn was bought in 1966 BECAUSE the management was topnotch, and is cited here as the lesson. Same section carries 'far better to buy a wonderful company at a fair price than a fair company at a wonderful price.'"
E3-37,E3,"First, each pair is stronger than the sum of its parts because each partner understands, trusts and admires the other. Second, both managerial teams pay able people well, but abhor having a bigger head count than is needed. Third, both attack costs as vigorously when profits are at record levels as when they are under pressure. Finally, both stick with what they understand and let their abilities, not their egos, determine what they attempt.",1990,Shareholder Letters/1990 Letter.txt,"The four named positive attributes, stated for Reichardt/Hazen and Murphy/Burke together",Q3 management (the affirmative criteria),The third is the only one observable from filings across a cycle: cost discipline in the GOOD year. Followed by Watson Sr: 'I'm no genius. I'm smart in spots - but I stay around those spots.'
E3-38,E3,"In contrast to this have-to-be-smart-every-day business, there is what I call the have-to-be-smart- once business.  For example, if you were smart enough to buy a network TV station very early in the game, you could put in a shiftless and backward nephew to run things, and the business would still do well for decades.  You'd do far better, of course, if you put in Tom Murphy, but you could stay comfortably in the black without him. For a retailer, hiring that nephew would be an express ticket to bankruptcy.",1995,Shareholder Letters/1995 Letter.txt,Business type sets how much Q3 weighs - the corpus resolving its own apparent contradiction,Q3 management (weight rule: daily-execution businesses raise Q3 to a gate); Q2 franchise,"TRANSCRIPTION ARTIFACT, PRESERVED NOT REPAIRED: the source breaks 'have-to-be-smart-once' across lines 313-315 because 'once' is italicised in the original, so the extracted text reads 'have-to-be-smart- once'. The author's phrase is 'have-to-be-smart-once'; the gap is the .txt extraction, not Buffett. Quoted as extracted so the row verifies byte-for-byte against its source. The same letter says a retailer without good management is 'like buying the Eiffel Tower without an elevator' - not a contradiction, the same rule applied to the other business type."
E3-39,E3,"However, averaged out, betting on the quality of a business is better than betting on the quality of management. In other words, if you have to choose one, bet on the business momentum, not the brilliance of the manager. But very rarely, you find a manager who’s so good that you’re wise to follow him into what looks like a mediocre business.",1994,"Munger Talks (PCA)/Talk 02 - A Lesson on Elementary Worldly Wisdom (USC, 1994-04-14).txt","Munger states the guardrail as an explicit ranking rule, with the rare exception named",Q3 management (ceiling on what Q3 can do),PCA EXTRACTION ARTIFACT: line 395 immediately above has a proper noun stripped where a hyperlink was (the manager described as 'second-generation in Marks and Spencer of England'); line 399 is a duplicated pull-quote of 397. Quote taken from line 397.
E4-22,E4,"Three suggestions for investors: First, beware of companies displaying weak accounting. If a company still does not expense options, or if its pension assumptions are fanciful, watch out. When managements take the low road in aspects that are visible, it is likely they are following a similar path behind the scenes. There is seldom just one cockroach in the kitchen. [...] Second, unintelligible footnotes usually indicate untrustworthy management. If you can't understand a footnote or other managerial explanation, it's usually because the CEO doesn't want you to. [...] Finally, be suspicious of companies that trumpet earnings projections and growth expectations. [...] Managers that always promise to “make the numbers” will at some point be tempted to make up the numbers.",2002,Shareholder Letters/2002 Letter.txt,"THE red-flag checklist - about accounting and disclosure choices, not litigation",Q3 management (the disqualifier screen); working method,"OCR: source renders em dashes as U+FFFD. Ellipses mark omitted intervening paragraphs (the EBITDA argument, an Enron aside), not edits within sentences. This list, not Item 3 Legal Proceedings, is what a Q3 tool should read - the finding that voided the 2026-08-26 integrity tool's design."
E4-23,E4,"Additionally, this criterion eliminates the business whose success depends on having a great manager. ... But if a business requires a superstar to produce great results, the business itself cannot be deemed great. A medical partnership led by your area's premier brain surgeon may enjoy outsized and growing earnings, but that tells little about its future. The partnership's moat will go when the surgeon goes. You can count, though, on the moat of the Mayo Clinic to endure, even though you can't name its CEO.",2007,Shareholder Letters/2007 Letter.txt,"'Requires a great manager' is a MOAT DEFECT, recorded at Q2, not a Q3 finding",Q2 franchise (placement of the key-person test); Q3 management,"Written inside the durability criterion, not the management section. Ellipsis omits an intervening sentence crediting Berkshire's own CEOs. Determines WHERE the key-person test is recorded in a run."
E5-15,E5,"At both BPL and Berkshire, we have never invested in companies that are hell-bent on issuing shares. That behavior is one of the surest indicators of a promotion-minded management, weak accounting, a stock that is overpriced and — all too often — outright dishonesty.",2014,Special Letters/2014 Warren Buffett - Past Present Future.txt,Serial share issuance as a single compressed four-way red flag,Q3 management (the disqualifier screen); Q5 price,OCR: source renders both em dashes as U+FFFD; restored here per the identical passage at Shareholder Letters/2014 Letter.txt:1475 and Annual Reports/2014 Annual Report.txt:1508. The only red flag on the list computable directly from XBRL share counts.
E5-16,E5,"When large enterprises are being managed, both trust and rules are essential. Berkshire emphasizes the former to an unusual — some would say extreme — degree. Disappointments are inevitable. We are understanding about business mistakes; our tolerance for personal misconduct is zero.",2022,Shareholder Letters/2022 Letter.txt,"The binary, flattest form: business mistakes forgiven, personal misconduct never",Q3 management (the binary itself),OCR: source renders em dashes as U+FFFD. Separates the two things a manager test must never conflate - competence errors and integrity failures.
E5-17,E5,"In 1863, Hugh McCulloch, the first Comptroller of the United States, sent a letter to all national banks. His instructions included this warning: “Never deal with a rascal under the expectation that you can prevent him from cheating you.” Many bankers who thought they could “manage” the rascal problem have learned the wisdom of Mr. McCulloch's advice — and I have as well. People are not that easy to read. Sincerity and empathy can easily be faked. That is as true now as it was in 1863.",2023,Shareholder Letters/2023 Letter.txt,THE HUMILITY CLAUSE - the test's authors state its known failure mode,Q3 management (limits of the test); all questions (verdict honesty),"OCR: source renders the em dash as U+FFFD. Three lines earlier: manager quality is 'a more difficult judgment to make, however, and Berkshire has had its share of disappointments.' Any Q3 standard that does not carry this overclaims exactly where the withdrawn integrity tool did."
E3-40,E3,"A far more serious problem occurs when the management of a great company gets sidetracked and neglects its wonderful base business while purchasing other businesses that are so-so or worse.  When that happens, the suffering of investors is often prolonged.  Unfortunately, that is precisely what transpired years ago at both Coke and Gillette.  (Would you believe that a few decades back they were growing shrimp at Coke and exploring for oil at Gillette?)  Loss of focus is what most worries Charlie and me when we contemplate investing in businesses that in general look outstanding.  All too often, we've seen value stagnate in the presence of hubris or of boredom that caused the attention of managers to wander.",1996,Shareholder Letters/1996 Letter.txt,"LOSS OF FOCUS - the named mechanism by which a manager damages a WONDERFUL business, and their self-declared biggest worry about outstanding ones",Q3 management (the damage vector); Q2 franchise; Q6 exit,"Closes the direction the guardrail rows do not cover. The corpus denies that operating incompetence ruins a great business - 'the really great business is one that doesn't require good management' (1996 mtg), 'if it won't stand a little mismanagement it's not much of a business' (Munger, 2009 mtg). The vector that DOES void one is capital misallocation and neglect of the base business, plus integrity [E2-31]. Named cases carried in the quote: Coke growing shrimp, Gillette exploring for oil."
E4-24,E4,"the history that Charlie and I have had of persuading decent, intelligent people, who we thought were doing unintelligent things, to change their course of action has been poor. Would you agree with that, Charlie, or no? [...] CHARLIE MUNGER: Worse than poor. [...] if you really think you're in with people that have got a good business, but they're going to keep doing dumb things with your money, you'll probably do better to get out and get in with people who've got a good business and you think they're going to do sensible things with it.",2001,Annual Meetings/2001 Annual Meeting.txt,The corpus's answer when the business is good but management is misallocating: you cannot fix them - SELL,Q6 exit; Q3 management,"Answering a shareholder who owns 20% of a business with a durable advantage whose management 'starts doing things which are far from intelligent'. The transcript's own section header is the question verbatim: 'Can a good business make up for bad management?' Ellipses mark speaker turns, not edits within sentences. Pairs with E3-40: E3-40 names the damage, this names the remedy, and the remedy is exit rather than engagement."
E5-18,E5,"What that quotation indicates is sometimes, stated differently, you say if it won’t stand a little mismanagement it’s not much of a business. Of course, you prefer a business that will prosper pretty well, even if it’s not managed very well. But that doesn’t mean you don’t like even better when you get such a business that’s managed magnificently. And both factors are quite important. We’re not looking for mismanagement. We like the capacity to stand it, if we stumble into it. But we’re not looking for it.",2009,Annual Meetings/2009 Annual Meeting.txt,Mismanagement-tolerance is part of the DEFINITION of a good business - the denial that incompetence wrecks a great one,Q2 franchise; Q3 management (ceiling on what Q3 can do),"Munger glossing the quotation a shareholder had just read back to Buffett in the same exchange: 'You should invest in businesses that a fool can run, because someday a fool will.' Note the closing qualification, which stops the row being read as indifference to managers: 'We're not looking for mismanagement. We like the capacity to stand it, if we stumble into it.' Pairs against E3-40 - incompetence is tolerated, loss of focus and dishonesty are not."
E4-25,E4,"Alas, though Aesop's proposition and the third variable  that is, interest rates  are simple, plugging in numbers for the other two variables is a difficult task. Using precise numbers is, in fact, foolish; working with a range of possibilities is the better approach.     Usually, the range must be so wide that no useful conclusion can be reached. Occasionally, though, even very conservative estimates about the future emergence of birds reveal that the price quoted is startlingly low in relation to value.",2000,Shareholder Letters/2000 Letter.txt,THE RANGE RULE - precise inputs are foolish; a range too wide to conclude from IS the conclusion,Q5 price; Q4 owner earnings (governs the averaging window); all questions (verdict honesty),"The corpus's own handling of any valuation input that cannot be pinned down, including the owner-earnings averaging window. Supersedes the CONVENTION drafted 2026-08-27, which would have required 'state which window you rank on' - the corpus does not ask you to pick, it asks you to carry the range and to accept 'no useful conclusion' as a real outcome. Pairs with E2-09 ('(c) must be a guess', 'vaguely right rather than precisely wrong') and E4-11 (conservatism spent once, at the end). OCR: the source renders em dashes as double spaces around 'that is, interest rates' and before 'Inefficient Bush Theory'."
E1-17,E1,"I cannot promise results to partners. What I can and do promise is that:               a. Our investments will be chosen on the basis of value, not popularity;               b. That we will attempt to bring risk of permanent capital loss (not short-term quotational loss) to an absolute minimum by obtaining a wide margin of safety in each commitment and a diversity of commitments; and               c. My wife, children and I will have virtually our entire net worth invested in the partnership.",1962 (Ground Rules; quoted 1963-01-18),Partnership Letters/1963-01-18 Partnership Letter.txt,"GROUND RULE 7 - results are never promised; what is promised is method, permanent-loss minimization as an ATTEMPT, and a common destiny",all questions (what any proof or validity claim may assert); Q5 price (MOS purpose); honesty record,"The corpus's own boundary on performance claims. Note the precision the popular versions lose: (b) is an ATTEMPT, not a guarantee; the loss minimized is PERMANENT capital loss, with short-term quotational loss excluded in the same sentence. Ground Rule 4 (same page) allows a minus year to be a good year; Ground Rule 5 calls years substantially poorer than the Dow a CERTAINTY and sets the judging window at three years minimum, five preferred. The apocryphal 'Rule No. 1: never lose money' appears nowhere in the shelf (grepped all eight source classes 2026-08-28) and was deleted as C15. Pairs with E5-12 (permanent-loss risk refused at any probability) and E1-01 (the yardstick). Whitespace within the quote preserved as extracted from the numbered-list layout."
E5-19,E5,"Why did Berkshire under Buffett do so well?     Only four large factors occur to me:         (1) The constructive peculiarities of Buffett,     (2) The constructive peculiarities of the Berkshire system,     (3) Good luck, and     (4) The weirdly intense, contagious devotion of some shareholders and other admirers, including some in the           press.     I believe all four factors were present and helpful. But the heavy freight was carried by the constructive peculiarities, the weird devotion, and their interactions.",2014,Special Letters/2014 Charlie Munger - Past Present Future.txt,"THE STRUCTURE ATTRIBUTION - Munger's own accounting of the record: the man, the SYSTEM, luck, and devotion; the selection method alone is not on the list",Honest record (why faithful replication of selection cannot promise the results); all questions,"The deepest corpus-native justification for the standing UNPROVEN line: the corpus itself attributes the record to factors a private investor applying the selection rules does not have - the system (float, permanence, near-zero friction, inbound deal flow, 'no department of acquisitions under pressure to buy', lines 204-209), the man, and luck. Pairs with E1-17: results were never promised even WITH those advantages."
E4-26,E4,"He trained himself, early, to intensively consider any evidence tending to disconfirm any hypothesis of his, more so if he thought his hypothesis was a particularly good one. The opposite of what Darwin did is now called confirmation bias, a term of opprobrium.",2005 (revision of the 1990s talk),Munger Talks (PCA)/Talk 11 - The Psychology of Human Misjudgment (PCA revised).txt,THE DARWIN ANTIDOTE - hunt disconfirming evidence hardest for your favourite hypothesis,Operator protocol (the analyst self-check); Q6 exit; all questions (verdict honesty),"PCA EXTRACTION ARTIFACT: the subject's name is stripped at line 311 where a hyperlink was ('One of the most successful users of an antidote to first-conclusion bias was / [gap]'); the passage is about Darwin, named in the duplicated pull-quote at line 315. The self-applied half of the psychology material: the misjudgment catalogue reads the ANALYST as much as the management. This is the corpus authority behind adversarial verification, pre-registration, and refutation-framed testing."
E4-27,E4,"This maxim is a wise guide to a great and simple precaution in life: Never, ever, think about something else when you should be thinking about the power of incentives.",2005 (revision of the 1990s talk),Munger Talks (PCA)/Talk 11 - The Psychology of Human Misjudgment (PCA revised).txt,Incentives first - the precaution applies to the analyst's own incentives as much as management's,Q3 management (incentive reading); Operator protocol (the analyst self-check),"Line 133; the 'maxim of Franklin' referenced is 'If you would persuade, appeal to interest and not to reason' two lines above. Self-application: the analyst holding a position has an incentive to clear it; the analyst who built a framework has an incentive to validate it. Both are exactly the bias this row names."
E3-41,E3,"The best defense is that of the best physicists, who systematically criticize themselves to an extreme degree, using a mindset described by Nobel laureate [...] as follows: “The first principle is that you must not fool yourself, and you’re the easiest person to fool.”",1998,Munger Talks (PCA)/Talk 06 - Investment Practices of Leading Charitable Foundations (1998-10-14).txt,"You are the easiest person to fool - self-criticism as the best defense, quoted by Munger",Operator protocol (the analyst self-check); all questions (verdict honesty),"PCA EXTRACTION ARTIFACT: the laureate's name (Feynman) is stripped at the line break where a hyperlink was; quoted here as extracted with the gap marked. Munger quoting a physicist, on-shelf under the same rule as Buffett quoting McCulloch [E5-17]. The one-line justification for why the framework's tests are built to fail rather than to reassure."
E4-28,E4,"The question on opportunity costs and the 10 percent we mention. You know, basically that’s the figure we quit on. [...] we don’t want to buy equities where our real expectancy is below 10 percent. Now, that’s true whether short rates are 6 percent or whether short rates are 1 percent. We just feel that it would get very sloppy to start dipping below that. [...] But we still want a threshold return of 10 percent, which is not that great after-tax, anyway. [...] I think in the last analysis, everything we do comes back to opportunity cost. [...] And if interest rates were to more or less permanently settle at 1 percent or something like that, and Warren were to reappraise his notions of future opportunity cost, he would change the numbers. [...] But so far at least, we have hurdles in our mind which are basically — well, they involve, implicitly, future opportunity cost.",2003,Annual Meetings/2003 Annual Meeting.txt,"THE QUIT POINT - ~10% pre-tax expectancy, rate-invariant in the short run, grounded in guessed FUTURE opportunity cost, revisable only on a permanent regime change",Q5 price (the floor beneath the ranking),"Same 10% as the 1994 meeting [E3-13], the 2002 letter and Munger's 2004 Wesco letter (adopted verbatim). Buffett calls it arbitrary and unscientific in the same answer - it is a judgment, not a formula. Ellipses mark omitted transcript between the fragments (a chess aside, connective tissue), all fragments verbatim from lines 1223-1229."
E3-42,E3,"So, we want to stick with businesses we think we understand quite well, and not try to have the whole panoply with all different kinds of risk rates, because, frankly, we think that’d just be playing games with numbers. [...] If you say I’m going to stick an extra 6 percent in on the interest rate to allow for the fact — I tend to think that’s kind of nonsense. [...] I mean, it may look mathematical. But it’s mathematical gibberish in my view. You better just stick with businesses that you can understand, use the government bond rate. And when you can buy them — something you understand well — at a significant discount, then, you should start getting excited.",1996,Annual Meetings/1996 Annual Meeting.txt,"RISK PREMIA IN THE DISCOUNT RATE ARE THE NAMED ERROR - use the bond rate, gate on understanding, demand the discount at the end",Q5 price (where certainty is priced); Q1 understanding,"Lines 623-625. Independently restated 1997:1167 ('we adjust by simply trying to buy it at a big discount from that present value calculated using the risk-free interest rate'), 1998:1547-1549, 1999:1065. This is the passage that overturns the former '+3% certainty spread, wider for less certainty' reading of E3-13."
E2-39,E2,"However, our insurance companies own three marketable common stocks that we would not sell even though they became far overpriced in the market.  In effect, we view these investments exactly like our successful controlled businesses - a permanent part of Berkshire rather than merchandise to be disposed of once Mr. Market offers us a sufficiently high price.  To that, I will add one qualifier: These stocks are held by our insurance companies and we would, if absolutely necessary, sell portions of",1987,Shareholder Letters/1987 Letter.txt,"THE PERMANENT DESIGNATION - select marketable holdings may be exempted from the overvaluation sell trigger, with a stated solvency qualifier",Q6 exit (the permanent class),"Lines 862-869, sitting DIRECTLY below E2-28's three hold conditions in the same letter. The prior Q6 scope warning (Owner's Manual 11 = controlled businesses only) was too narrow: the corpus creates a permanent class for marketable securities too, by explicit designation, and even that class yields to solvency. Quote ends mid-sentence at the line boundary; the continuation names selling portions if required for insurance obligations."
E3-43,E3,"The existence of all three conditions will be demonstrated by a company’s ability to regularly price its product or service aggressively and thereby to earn high rates of return on capital. Moreover, franchises can tolerate mis-management. Inept managers may diminish a franchise’s profitability, but they cannot inflict mortal damage. [...] In contrast, “a business” earns exceptional profits only if it is the low-cost operator or if supply of its product or service is tight. Tightness in supply usually does not last long. With superior management, a company may maintain its status as a low- cost operator for a much longer time, but even then unceasingly faces the possibility of competitive attack. And a business, unlike a franchise, can be killed by poor management.",1991,Shareholder Letters/1991 Letter.txt,"THE FRANCHISE/BUSINESS BOUNDARY - the single-company moat demonstration, the low-cost moat class, and the original form of the Q3 weight rule",Q2 franchise (the corpus's own one-company test); Q3 management (weight rule source),"Lines 276-289, the sentences immediately following E3-03's three franchise conditions. Three resolutions in one passage: (1) the moat CAN be evidenced from one company's pricing conduct and returns - the mandatory competitor row is our CONVENTION on top; (2) franchise -> Q3 overlay, 'a business' -> Q3 gate - the weight rule's daily-execution determinant is this boundary restated, and E5-18 (2009) is its later echo; (3) low-cost operator is a moat class Q2 previously lacked. 'low- cost' line-break hyphen preserved as extracted."
E2-40,E2,"It was a mistake to buy fifteen-year bonds, and yet we did; we made an even more serious mistake in not selling them (at losses, if necessary) when our present views began to crystallize.",1979,Shareholder Letters/1979 Letter.txt,THE CRYSTALLIZED-VIEW TRIGGER - delay is the more serious error; sell at losses if necessary when the analysis changes,Q6 exit (the fast counter-trigger),"Lines 550-553. The counterweight to E4-17's 'beliefs change quite gradually': gradual belief-change governs MOAT reassessment, but once the view HAS crystallized, delay is graded the worse mistake than the original purchase. The 2020 airline exit (complete, ~7 weeks) is the same doctrine practised. Both live; Q6 carries both."
E2-41,E2,"Such an attitude is clearly delusional. At 95% of American businesses, capital expenditures that over time roughly approximate depreciation are a necessity and are every bit as real an expense as labor or utility costs.",1989,Shareholder Letters/1989 Letter.txt,Capex roughly approximates depreciation at 95% of businesses - the corpus's own base rate for (c),Q4 owner earnings (the default for maintenance capex),"Lines 1246-1249. Pairs with E3-44 (the proxy stated as method) and E5-20 (the named exception class). Together they replace the invented-width band: D&A is the corpus's DEFAULT for (c), with exceptions named, not a symmetric bound."
E3-44,E3,"But by and large, the depreciation charge is not inappropriate in most companies to use as a proxy for required capital expenditures. Which is why we think that reported earnings plus amortization of intangibles usually gives a pretty good indication of earning power, [...] Businesses you have to worry about — I mean, an airline business is a good case. In the airlines, you know, you just have to keep spending money like crazy.",1998,Annual Meetings/1998 Annual Meeting.txt,"DEPRECIATION AS THE (c) PROXY - stated as method, with the exception class named in the same answer",Q4 owner earnings (the default for maintenance capex),"Line 1357, answering the direct question 'What specific techniques have you used to figure out the maintenance capital expenditures'. Same default at 1997:215 and 2003:887. The same answer names the failure cases: hyperinflation, airlines, textiles ('real traps'). (c) remains a disclosed judgment [E2-23]; this row supplies the corpus's default for it, which the prior CONVENTION wrongly claimed did not exist."
E5-20,E5,"in the case of all railroads, merely spending their depreciation expense will not keep them in the same place. So depreciation is an inadequate measure of the actual steady state of capital expenditure needs of a railroad, even in these fairly noninflationary ways. [...] I would say that the true maintenance capex, if you’re looking at 4.3 billion, is higher than 60 percent of that number, when you really evaluate keeping the railroad in competitive shape to do just the same volume as it would be doing the year before.",2016,Annual Meetings/2016 Annual Meeting.txt,THE EXCEPTION CLASS QUANTIFIED - for capital-intensive businesses depreciation UNDERSTATES maintenance capex; railroads worked at >60% of total capex,Q4 owner earnings (when the D&A default is invalid),"Line 1113; reinforced at 1115 ('quite a bit more than depreciation... to stay in the same place') and in the 2015 letter 781-789 ('falls far short... This overstatement of earnings exists at all railroads'). Where the filing or the corpus names a business as this class, the generous (D&A) end of any owner-earnings range is INVALID, not merely optimistic."
E2-42,E2,"Instead, we recommend not less than a five-year test as a rough yardstick of economic performance.  Red lights should start flashing if the five-year average annual gain falls much below the return on equity earned over the period by American industry in aggregate.",1983,Shareholder Letters/1983 Letter.txt,THE FIVE-YEAR TEST with its benchmark - aggregate American-industry ROE - and its tripwire,Q4 owner earnings (the corpus's own window); Q3 primary test window; Q6 monitoring,"Lines 257-260. Same window stated at 1983:99-105 (retention test, 'five-year rolling basis') and 1984:1399-1401 ('we believe a five-year rolling average to be appropriate'), and it matches Ground Rule 5's 'I much prefer a five-year test' [E1-03]. Supersedes the un-sourced half of the window CONVENTION: five years is the corpus's own default judging window; the two-window range rule [E4-25] still governs where a distorted year forces a spread."
E3-45,E3,"We like to put a lot of money in things that we feel strongly about. And that gets back to the diversification question. You know, we think diversification is — as practiced generally — makes very little sense for anyone that knows what they’re doing. Diversification is a protection against ignorance. [...] And to have some super-wonderful business and then put money in number 30 or 35 on your list of attractiveness and forego putting more money into number one, just strikes Charlie and me as madness. [...] But three wonderful businesses is more than you need in this life to do very well.",1996,Annual Meetings/1996 Annual Meeting.txt,SIZING HAS A DIRECTION - capital goes to rank #1; spreading past a handful of understood names is the named error,Q5 price (what the ranking is FOR); sizing,"Lines 797-801. Completes the ranking rule: v4 previously produced an ordered list and said nothing about deployment. With Munger 2004 ('for God's sakes, don't do it in a niggardly fashion') and the concentration statements in Talk 06 (three corporations; 90% in one equity), the prior conventions claim 'the corpus supplies one number' is withdrawn - it supplies a direction and several numbers."
E4-29,E4,"Trumpeting EBITDA (earnings before interest, taxes, depreciation and amortization) is a particularly pernicious practice. Doing so implies that depreciation is not truly an expense, given that it is a “non-cash” charge. That’s nonsense.",2002,Shareholder Letters/2002 Letter.txt,"THE FIFTH FLAG - EBITDA/adjusted-earnings promotion, from inside E4-22's own passage",Q3 management (the flag list); Q4 owner earnings,"Lines 1295-1297 - the paragraph E4-22's ellipsis previously dropped, which is why the flag list wrongly closed at four. The shelf repeats it 12+ times across three decades (2000 'tooth fairy', 2002 mtg fraud base-rate 'more frauds in the first group... very substantial', 2013 'button your wallet', 2017 'reverse float', 2023 'banned measurement'). Computable point-in-time from any earnings release."
E4-30,E4,"They saw that as Quant Tech’s reported earnings, containing an increasing phony element, kept rising at 28 percent, Quant Tech’s income taxes as a percentage of reported pretax earnings kept going lower and lower. This plainly increased their chances of attracting undesired questions and criticism.",2000 (written),Munger Talks (PCA)/Talk 08 - The Great Financial Scandal of 2003 (written 2000).txt,THE TAX-RATE TELL - cash taxes falling as a share of reported pretax income is the fraud's own named detection risk,Q3 management (flag: the filed-figure fraud tells),"Line 107, from the corpus's only fully worked fraud case, where the mechanism is described from the fraudsters' side. Pairs with the same fable's unnaturally smooth reported growth (line 91: earnings engineered to rise 'by roughly the same percentage each year'). Both computable from the 8-10 year series the framework already requires."
E2-43,E2,"In analysis of operating results – that is, in evaluating the underlying economics of a business unit – amortization charges should be ignored.  What a business can be expected to earn on unleveraged net tangible assets, excluding any charges against earnings for amortization of Goodwill, is the best guide to the economic attractiveness of the operation.",1983 (Goodwill appendix),Shareholder Letters/1983 Letter.txt,"THE DENOMINATOR - return on UNLEVERAGED NET TANGIBLE assets is 'the best guide', not book ROE",Q3 primary test (the denominator for acquisitive/leveraged filers); Q2,"Register L1-9/L3-13. Restated 2003 (20.7% tangible vs 9.2% carrying), 2014, 2019. Completes E2-01: book-equity ROE misleads where goodwill or leverage distorts the base - the exact carve-outs of E2-47."
E2-47,E2,"Except for special cases (for example, companies with unusual debt-equity ratios or those with important assets carried at unrealistic balance sheet values), we believe a more appropriate measure of managerial economic performance to be return on equity capital.",1977,Shareholder Letters/1977 Letter.txt,The primary test carried its carve-outs from its FIRST statement - leverage and mis-stated asset values,Q3 primary test (scope),Register L1-2. The 1982 letter then abandons the metric for Berkshire itself (large unconsolidated holdings) with the arrow/bullseye warning. E2-01 was never unscoped in its sources.
E4-31,E4,"There is only one combination of facts that makes it advisable for a company to repurchase its shares: First, the company has available funds -- cash plus sensible borrowing capacity -- beyond the near-term needs of the business and, second, finds its stock selling in the market below its intrinsic value, conservatively-calculated. To this we add a caveat: Shareholders should have been supplied all the information they need for estimating that value.",1999,Shareholder Letters/1999 Letter.txt,"The buyback test's EARLIEST full form has THREE conditions - the third is disclosure - and says 'below', not 'material discount'",Q3 buybacks,Register L2-16. E5-08 (2011) restates conditions one and two; the disclosure caveat and the 'sensible borrowing capacity' inclusion in condition one appear only here. 'Material discount' was the 2011 wording; 1999 requires only 'below ... conservatively-calculated'.
E4-32,E4,"So we think of the — we think in terms of that moat and the ability to keep its width and its impossibility of being crossed as the primary criterion of a great business. And to our managers, we say we want the moat widened every year. You know, that does not necessarily mean that the profit is more this year than last year, because it won’t be sometimes. But if the moat is widened every year, the business will do very well.",2000,Annual Meetings/2000 Annual Meeting.txt,MOAT WIDENING every year as THE PRIMARY CRITERION - explicitly severed from this year's profit,"Q2 franchise (direction, not just existence); Q6 monitoring","Register M1-C6. Line 169. Turns Q2 from a static class into a direction question and gives E3-30's monitoring question its metric: is the moat widening, independent of the year's earnings?"
E3-46,E3,"the best businesses, by definition, are going to be businesses that earn very high returns on capital employed over time. So, by nature, if we want to own good businesses, we’re going to own things that have relatively little capital employed compared to our purchase price. [...] the first question is, can I understand it? [...] And then the second question is, you know, does it look like it has good economics? Has it earned high returns on capital?",1995,Annual Meetings/1995 Annual Meeting.txt,"Return on capital is the SECOND QUESTION ABOUT THE BUSINESS - a Q2 test, before management is raised",Q2 franchise (the numeric business test Q2 lacked); Q3 primary test placement,"Register M1-C3. Lines 637 and 661, same meeting. v4 previously filed return-on-capital only as a Q3 manager test, where the guardrail then forbade it from mattering; the corpus asks it about the BUSINESS, second, before the manager. Restated 2007:1101."
E2-44,E2,"Such favored business must have two characteristics: (1) an ability to increase prices rather easily (even when product demand is flat and capacity is not fully utilized) without fear of significant loss of either market share or unit volume, and (2) an ability to accommodate large dollar volume increases in business (often produced more by inflation than by real growth) with only minor additional investment of capital.",1981,Shareholder Letters/1981 Letter.txt,"The TWO-CHARACTERISTIC franchise test - pricing power under slack demand, and capital-light growth",Q2 franchise (the operational test); Q4 great/good/gruesome,"Register L1-19. Lines 131-145. Sharper than E3-03: criterion (1) sets the pricing test under the HARDEST condition (flat demand, spare capacity); criterion (2) is E4-20's capital-light class stated as a franchise criterion. Worked with numbers in the 1983 letter."
E2-45,E2,"One question I always ask myself in appraising a business is how I would like, assuming I had ample capital and skilled personnel, to compete with it.  I’d rather wrestle grizzlies than compete with Mrs. B and her progeny.",1983,Shareholder Letters/1983 Letter.txt,"THE ATTACKER'S TEST - could a well-funded, well-staffed rival take this? The only forward-looking moat test in the shelf",Q2 franchise,"Register L1-22. Lines 216-224. Framed as 'One question I always ask myself'. Different from the competitor row: not what peers report, but whether a funded attacker could win."
E5-21,E5,"we always maintain at least $20 billion — and usually far more — in cash equivalents. And by that we mean U.S. Treasury bills, not other substitutes for cash that are claimed to deliver liquidity and actually do so, except when it is truly needed. When bills come due, only cash is legal tender.",2014,Special Letters/2014 Warren Buffett - Past Present Future.txt,LIQUIDITY QUALITY - Treasury bills only; substitutes deliver liquidity 'except when it is truly needed',Q4 staying power (defines strength 2),"Register L3-20. Lines 530-533 (source renders em dashes as U+FFFD; restored per the identical letters passage). Meetings restate: no commercial paper, no bank lines counted (2014:359, 2020:1043). A Q4 pass resting on revolver capacity or CP fails the corpus's own definition."
E3-47,E3,"Typically, our most egregious mistakes fall in the omission, rather than the commission, category. That may spare Charlie and me some embarrassment, since you don't see these errors; but their invisibility does not reduce their cost.",1991,Shareholder Letters/1991 Letter.txt,ERRORS OF OMISSION are 'typically our most egregious' - the counterweight to a pure exclusion machine,All questions (the cost of a wrongly closed file); verdict honesty,"Register L2-22/L3-9. Lines 869-872. Quantified elsewhere: Fannie Mae ~$1.4bn (1991), 'at least $50 billion' (Munger 2014, E5-19's source). v4's gates price every closure at zero; this row prices them honestly. The same 1991 passage scopes it: only omissions WITHIN the circle of competence count."
E2-46,E2,"Imagine that Berkshire had only $1, which we put in a security that doubled by yearend and was then sold. Imagine further that we used the after-tax proceeds to repeat this process in each of the next 19 years, scoring a double each time. At the end of the 20 years, the 34% capital gains tax that we would have paid on the profits from each sale would have delivered about $13,000 to the government and we would be left with about $25,250. Not bad. If, however, we made a single fantastic investment that",1989,Shareholder Letters/1989 Letter.txt,"THE SWITCHING PENALTY QUANTIFIED - annual realization vs a single compounder: $25,250 vs $692,000 after tax",Q6 exit (binds sell trigger 2); Q5 ranking,"Register L2-23. Lines 142-155; the continuation ('itself doubled 20 times... left with about $692,000') is split by an italics line-break artifact, quoted to the break. ~27:1 over 20 years. Q6's better-idea trigger and Q5's take-the-best ranking are both TAXABLE events for the user's brokerage account; the gross spread must clear this penalty. Munger's version: Talk 02:401-413 (2-3.5 pts/yr)."
E5-22,E5,"And they thought $185 million fine signaled a less offensive practice than something involved 2 billion, and they were totally wrong on that. But the main problem was they didn’t act when they learned about it. It was bad enough having a bad system, but they didn’t act.",2017,Annual Meetings/2017 Annual Meeting.txt,PENALTY SIZE IS NOT SERIOUSNESS - in either direction; the failure is not acting upon learning,Q3 management (reading the conduct record),"Register M2-18. Line 57. Completes the TJX worked precedent (subject of a penalty is not the test) with its counterpart: the SIZE is not the test either. The same answer supplies the hotline mechanism (~4,000 contacts/yr) as the detection channel."
E3-48,E3,"Charlie and I, I think it’s fair to say, we’ve never looked at a projection in connection with either a security we’ve bought or a business we’ve bought. [...] It’s a ritual that managers go through to justify doing what they wanted to do in the first place, in about nine cases out of ten. [...] I asked that the record of the people who made the projections, their past projections also be presented at the same time.",1995,Annual Meetings/1995 Annual Meeting.txt,"Projections refused, with a BASE RATE (nine in ten are justification) and THE REMEDY: score the forecaster's past projections against outturn",Q3 flags (the action on the projections flag); Q5,Register M1-C5. Lines 647-649. The remedy is the operational form of v4's fourth flag: pull the company's own prior guidance and set it against what was delivered. Munger's companion (1995:645): a projection by an interested party 'will frequently be a lie... The man has gotten to believe it himself. And that's the worst kind.'
E5-23,E5,"There’s been more moats that have been - become susceptible to invasion - than seemed to be the case, earlier. But there’s always been the attempt to do it. And there - here and there, there are probably places where the moat is as strong as ever. But certainly - you could work at - certainly should be working at improving your own moat and defending your own moat all of the time.",2018,Annual Meetings/2018 Annual Meeting.txt,EVERY moat needs continuous defence - 'improving your own moat and defending your own moat all of the time' - scopes E4-04 to the rebuild class,Q2 franchise ([E4-04] scope); Q6 monitoring,"Register M2-7. Line 563 (the Musk moats-are-lame answer); companion 2017:129-131 (castle/knight/marauders: 'there are going to be marauders. And they'll never go away'). Read with [E4-04]: what 'enduring' excludes is the moat whose BASIS must be periodically replaced (rapid-change industries, depleting assets); defence and widening of a persisting structure is prescribed for every moat. [E3-49] shows the canonical franchise designed for permanent maintenance."
E3-49,E3,"We will make it a permanent obsession in our company that our beverage, as fast as practicable, will at all times be available everywhere throughout the world.",1996,Munger Talks (PCA)/Talk 04 - Practical Thought about Practical Thought (1996-07-20).txt,"The canonical franchise (Coca-Cola, designed from scratch) plans PERMANENT moat maintenance - maintenance is not the E4-04 defect",Q2 franchise ([E4-04] scope),Register P-5. Talk 04:57; line 89 continues: flavor copying is FORESEEN ('food chemical engineering will advance so that our flavor can be copied with near exactitude') and out-run by trademarks plus always-available distribution. Munger designs the best business in the shelf WITH perpetual defence as a feature. Distinguishes maintenance-of-structure from replacement-of-basis.
E4-33,E4,"we not only look for a great economic castle, but we look for a great knight in charge of that castle. Because that’s important. He’s the one that throws the crocodiles into the moat and widens the moat over time.",2000,Annual Meetings/2000 Annual Meeting.txt,"CASTLE AND KNIGHT - the manager is sought as the moat-WIDENER; management determines moat direction, not moat existence",Q2/Q3 boundary; Q3 weight rule; Q6 monitoring,"Register M1-A8. Line 799, same meeting as E4-32 (line 169) - the knight's job IS the E4-32 widening. Read with [E3-43]: the franchise tolerates mismanagement; the knight sets direction, not existence. Not a reversal of [E2-37]/[E2-38] (economics beat managers) - the knight is asked about AFTER the castle, and the same answer pivots to what the knight TAKES (compensation ratchet)."
E2-48,E2,"The second category involves the managerial superstars - men who can recognize that rare prince who is disguised as a toad, and who have managerial abilities that enable them to peel away the disguise. We salute such managers as Ben Heineman at Northwest Industries, Henry Singleton at Teledyne, Erwin Zaban at National Service Industries, and especially Tom Murphy at Capital Cities Communications (a real managerial “twofer”, whose acquisition efforts have been properly focused in Category 1 and whose operating talents also make him a leader of Category 2). From both direct and vicarious experience, we recognize the difficulty and rarity of these executives’ achievements. (So do they; these champs have made very few deals in recent years, and often have found repurchase of their own shares to be the most sensible employment of corporate capital.)",1981,Shareholder Letters/1981 Letter.txt,"THE SECOND EXCEPTION - managerial superstars who beat category economics; four named; their own tell: few deals, buybacks",Q3 (the exception class and its behavioral tell); Q2 boundary,"Register L1-14. Lines 147-160, following the two-category acquisition doctrine (E2-44 is the same letter's franchise test). Buffett disqualifies HIMSELF from Category 2 in the next sentence. The exception's tell is behavioral: 'very few deals... repurchase of their own shares'. The rarity is the rule [E2-37]; the exception is named, not denied."
E2-49,E2,"You should be suspicious of such an assertion. Yardsticks seldom are discarded while yielding favorable readings. But when results deteriorate, most managers favor disposition of the yardstick rather than disposition of the manager. To managers faced with such deterioration, a more flexible measurement system often suggests itself: just shoot the arrow of business performance into a blank canvas and then carefully draw the bullseye around the implanted arrow. We generally believe in pre-set, long-lived and small bullseyes.",1982,Shareholder Letters/1982 Letter.txt,"THE METRIC-SWITCHING FLAG - 'disposition of the yardstick rather than disposition of the manager'; demand pre-set, long-lived, small bullseyes",Q3 flags (the sixth: headline metric changed after deterioration),"Register L1-18. Lines 33-45. Berkshire flags its OWN metric switch and instructs the reader to be suspicious of it - the candor-direction qualifier (register L1-24) in the same breath. Operational form: compare the filer's headline metric across successive 10-Ks; a switch that FOLLOWS deterioration fires the flag; one announced ahead with reasons, as here, is the candor case."
E2-50,E2,"Various charlatans have enriched themselves at the expense of the investing public by exploiting, first, the inability of auditors to evaluate reserve figures and, second, the auditors' willingness to confidently certify those figures as if they had the expertise to do so. We will continue to see such chicanery in the future. Where ""earnings"" can be created by the stroke of a pen, the dishonest will gather. For them, long-tail insurance is heaven.",1987,Shareholder Letters/1987 Letter.txt,"SELF-GRADED-EXAM BUSINESSES ATTRACT THE DISHONEST - where earnings are created by the stroke of a pen, lower the honesty prior",Q3 (scope: reserve- and estimate-driven earnings); Q4 sector method,"Register L2-17. Lines 706-714; companion 659-663: 'You should be very suspicious of any earnings figures reported by insurers (including our own, as we have unfortunately proved to you in the past)'. The flag is a property of the BUSINESS, not a finding about the manager: in stroke-of-a-pen sectors the conduct record and the reserve-development table carry the Q3 weight."
E4-34,E4,"audit committees can accomplish this goal by asking four questions of auditors, the answers to which should be recorded and reported to shareholders. These questions are: 1. If the auditor were solely responsible for preparation of the company's financial statements, would they have in any way been prepared differently from the manner selected by management? This question should cover both material and nonmaterial differences. If the auditor would have done something differently, both management's argument and the auditor's response should be disclosed. The audit committee should then evaluate the facts. 2. If the auditor were an investor, would he have received � in plain English � the information essential to his understanding the company's financial performance during the reporting period? 3. Is the company following the same internal audit procedure that would be followed if the auditor himself were CEO? If not, what are the differences and why? 4. Is the auditor aware of any actions � either accounting or operational � that have had the purpose and effect of moving revenues or expenses from one reporting period to another?",2002,Shareholder Letters/2002 Letter.txt,THE FOUR AUDITOR QUESTIONS - prepared differently? plain-English informed? auditor-as-CEO procedure? period-shifting? - answers recorded and reported,Q3 flags (the auditor's-eye test); pairs with the fraud tells [E4-30],"Register L3-28. Lines 1196-1221. Question 4 (actions with 'the purpose and effect of moving revenues or expenses from one reporting period to another') is the operational period-shifting test. Coda 1223-25: if these are asked, committee composition is 'of minor importance... When auditors are put on the spot, they will do their duty.' Source renders em dashes as U+FFFD; stored as-extracted, not smoothed."
E2-51,E2,"The key word is “demonstrated”. A manager who consistently turns his back on repurchases, when these clearly are in the interests of owners, reveals more than he knows of his motivations. No matter how often or how eloquently he mouths some public relations-inspired phrase such as “maximizing shareholder wealth” (this season’s favorite), the market correctly discounts assets lodged with him. His heart is not listening to his mouth - and, after a while, neither will the market.",1984,Shareholder Letters/1984 Letter.txt,BUYBACK REFUSAL REVEALS MOTIVE - consistently turning his back on clearly-advantageous repurchases outweighs every stated intent,Q3 buybacks (the inverse test to E4-31/E5-08),"Register L1-16. Lines 235-243. Completes the buyback battery: E4-31 (three conditions incl. disclosure), E5-08 (two conditions restated 2011), E5-25 (conditions self-quantified), E2-51 (the refusal tell). Context 245-47: GEICO, Washington Post and General Foods repurchases named as the demonstration Berkshire prospered by."
E5-24,E5,The first law of capital allocation � whether the money is slated for acquisitions or share repurchases � is that what is smart at one price is dumb at another.,2011,Shareholder Letters/2011 Letter.txt,THE FIRST LAW OF CAPITAL ALLOCATION - what is smart at one price is dumb at another; acquisitions and buybacks under one law,Q3 capital allocation; Q5 (price is constitutive of every allocation verdict),"Register L3-11. Lines 275-276. The preceding sentences carry E5-08's humility clause ('many CEOs never stop believing their stock is cheap'). Source renders em dashes as U+FFFD; stored as-extracted. The ASML 2026 capital-allocation flag (a EUR 12bn buyback executing above the run's whole value range) is this law applied. ALIAS NOTE (2026-09-20, decision 20): this sentence also stands inside [E5-08], the longer cut of the same 2011 passage. The pair is used TOGETHER on purpose in 45 runs and both are cited by the runs of record, E5-08 109 times and this row 49: E5-08 carries the two-condition buyback test, this row the first law of capital allocation. Both ids resolve and neither is retired."
E5-25,E5,"At our limit price of 110% of book value, repurchases clearly increase Berkshire's per-share intrinsic value. And the more and the cheaper we buy, the greater the gain for continuing shareholders. Therefore, if given the opportunity, we will likely repurchase stock aggressively at our price limit or lower. You should know, however, that we have no interest in supporting the stock and that our bids will fade in particularly weak markets. Nor will we buy shares if our cash-equivalent holdings are below $20 billion. At Berkshire, financial strength that is unquestionable takes precedence over all else.",2011,Shareholder Letters/2011 Letter.txt,"BOTH BUYBACK CONDITIONS SELF-QUANTIFIED IN ADVANCE - a price limit (110% of book) and a liquidity floor ($20bn), published before acting",Q3 buybacks (what condition-compliance looks like when real); Q4 staying power,"Register L3-12. Lines 288-293. The worked demonstration of E4-31/E5-08: both conditions published as numbers in advance (the [E1-02] pattern), with the E5-21 liquidity doctrine attached - 'financial strength that is unquestionable takes precedence over all else' - and no price support: 'our bids will fade in particularly weak markets'."
E5-26,E5,"CHARLIE MUNGER: Well, I think it’s generally a mistake to assume that rationality is going to be perfect, even in very able people. (Laughter) We prove that pretty well, regularly. WARREN BUFFETT: Do you have any explanation for the irrational? CHARLIE MUNGER: Yeah. I think hubris contributes to it.",2011,Annual Meetings/2011 Annual Meeting.txt,THE SOKOL CALIBRATION - rationality never assumed perfect even in very able people; hubris the mechanism; a strong record does not clear the future,Q3 (calibration; the E5-17 limit made concrete),"Register M2-25. 2011 meeting lines 79-87, the Sokol answer. Line 79 context, Buffett: 'I obviously made a big mistake by not saying, Well, when did you buy it?' - a decade of strong record preceded the failure, and a trusted answer went unverified. The standard detects conduct, not character [E5-17]; verification is not an insult."
E4-35,E4,"That's true because a growth rate of that magnitude can only be maintained by a very small percentage of large businesses. Here's a test: Examine the record of, say, the 200 highest earning companies from 1970 or 1980 and tabulate how many have increased per-share earnings by 15% annually since those dates. You will find that only a handful have. I would wager you a very significant sum that fewer than 10 of the 200 most profitable companies in 2000 will attain 15% annual growth in earnings-per-share over the next 20 years.",2000,Shareholder Letters/2000 Letter.txt,THE GROWTH BASE RATE - fewer than 10 of the 200 most profitable companies will sustain 15%/yr EPS growth over 20 years,Q5 (the E4-28 floor's growth belief must face this base rate); Q3 flags (projections),Register L3-15. Lines 1024-1032; continuation 1034-36: lofty targets 'corrode CEO behavior' - E3-48's mechanism from the CEO side. Any growth belief written down at Q5 carries the burden of proof against this base rate: ASML's needed +8.5 pts perpetual and MITSY's +4.9..+5.7 both read against it (2026-08-28 runs).
E5-27,E5,"I spend more time looking at balance sheets than I do income statements. Wall Street doesn’t pay much attention to balance sheets, but I like to look at balance sheets over an 8 or 10 year period before I even look at the income account because there are certain things it’s harder to hide or play games with on the balance sheet than with the income statement. Neither one gives you the total answer on anything, but you should understand what the figures are saying and what they don’t say and what they can’t say and what the management would like them to say that the auditors wouldn’t like them to say. You learn more from balance sheets in my view than most people give them credit for.",2025,Annual Meetings/2025 Annual Meeting.txt,"BALANCE SHEET FIRST, OVER 8 OR 10 YEARS - harder to hide or play games with than the income statement",Q3 method (MS sections 3 and 7); Q4 inputs,"Register M2-26/27. 2025 meeting lines 503-505. The 8-or-10-year window attaches to the BALANCE-SHEET read; the income series is separately 'multi-year, never a snapshot' - MS section 7 step 5's transposition fixed 2026-08-28. With E5-22 (2017), E5-23 (2018) and E5-26 (2011), closes the register's structural finding that no ledger row cited any meeting after 2009."
E2-52,E2,"The low-return company’s inability to pay dividends, understandably, is often disguised. Corporate America increasingly is turning to dividend reinvestment plans, sometimes even embodying a discount arrangement that all but forces shareholders to reinvest. Other companies sell newly issued shares to Peter in order to pay dividends to Paul. Beware of “dividends” that can be paid out only if someone promises to replace the capital distributed.)",1981,Shareholder Letters/1981 Letter.txt,DIVIDENDS FUNDED BY ISSUANCE - 'sell newly issued shares to Peter in order to pay dividends to Paul'; beware dividends paid only if someone replaces the capital,Q3 flags (the seventh: the disguised non-dividend),"Register L1-28. Lines 477-484, inside the inflation-tapeworm passage. Operational form: set the cash dividend against net issuance (shares sold plus DRIP-discount issuance) over the same window; a payout that only exists because the capital is replaced fires the flag."
E3-50,E3,"These managers start with the assumption, all too common, that their job at all times is to encourage the highest stock price possible (a premise with which we adamantly disagree). To pump the price, they strive, admirably, for operational excellence. But when operations don't produce the result hoped for, these CEOs resort to unadmirable accounting stratagems. These either manufacture the desired ""earnings"" or set the stage for them in the future.",1998,Shareholder Letters/1998 Letter.txt,STOCK-PRICE TARGETING - 'their job at all times is to encourage the highest stock price possible (a premise with which we adamantly disagree)',Q3 flags (the eighth: the price-pumping premise),"Register L2-27. Lines 699-703. The positive doctrine is 1988:1282-88: 'we do not want to maximize the price at which Berkshire shares trade... bothered as much by significant overvaluation as significant undervaluation' (verified this session). The flag's tell: communications aimed at the quote rather than the business - and the passage names the next step, 'unadmirable accounting stratagems'."
E5-28,E5,"If you name some business that has incredible pricing power, you’re talking about a business that’s a monopoly or a near monopoly.",2010,Annual Meetings/2010 Annual Meeting.txt,SCOPE ON UNTAPPED PRICING POWER - incredible pricing power means monopoly or near monopoly; the E3-33 class is rare by definition,Q2 franchise (scopes [E3-33]),"Register M2-20. Line 1117, Munger. Guards the E3-33 test against inflation: claiming large untapped pricing power for a name is claiming it is a monopoly or near it - a claim the competitor row must then support (ASML 2026-08-28 is the worked case: sole seller at the leading edge)."
E3-51,E3,"When technology moves as fast as it does in a civilization like ours, you get a phenomenon that I call competitive destruction. You know, you have the finest buggy whip factory, and all of a sudden, in comes this little horseless carriage. And before too many years go by, your buggy whip business is dead. You either get into a different business or you’re dead—you’re destroyed. It happens again and again and again. And when these new businesses come in, there are huge advantages for the early birds. And when you’re an early bird, there’s a model that I call “surfing”—when a surfer gets up and catches the wave and just stays there, he can go a long, long time. But if he gets off the wave, he becomes mired in shallows.",1994,"Munger Talks (PCA)/Talk 02 - A Lesson on Elementary Worldly Wisdom (USC, 1994-04-14).txt","COMPETITIVE DESTRUCTION AND SURFING - the mechanism of the E4-04 excluded class, and the different model (wave-riding) that still produces long runs",Q2 franchise ([E4-04] scope: names the mechanism); Q1 ten-year test,"Register P-20. Talk 02:239-241. The continuation - 'people get long runs when they're right on the edge of the wave, whether it's Microsoft or Intel or all kinds of people, including' - is cut at 'including' by the PCA rendering; artifact, not smoothed. A surfing run is not a moat: the advantage lives in the wave, not the surfer. Companion Talk 03:305-311 not re-read this pass; queued."
E4-36,E4,"Extreme success is likely to be caused by some combination of the following factors: Extreme maximization or minimization of one or two variables. Example, Costco or our furniture and appliance store. Adding success factors so that a bigger combination drives success, often in nonlinear fashion, as one is reminded by the concept of and the concept of critical mass in physics. Often, results are not linear. You get a little bit more mass and you get a lollapalooza result. And, of course, I’ve been searching for lollapalooza results all my life, so I’m very interested in models that explain their occurrence. An extreme of good performance over many factors. Example, Toyota or Les Schwab. Catching and riding some sort of big wave.",2003,"Munger Talks (PCA)/Talk 09 - Academic Economics - Strengths and Faults (UC Santa Barbara, 2003-10-03).txt",THE FOUR CAUSES OF EXTREME SUCCESS - extreme max/min of one or two variables; nonlinear combination (lollapalooza); extreme performance over many factors; wave-riding,Q2 franchise (the causal taxonomy: WHICH cause is this moat?),"Register P-27. Talk 09:207-217. Rendering artifacts kept: line 211's list is cut ('as one is reminded by the concept of and the concept of critical mass'), and the wave example is cut at 'Example,' - Oracle restored by line 219's own reference ('I cited Oracle before...'). Examples in text: Costco / furniture store (max-min), Toyota / Les Schwab (many factors)."
E2-53,E2,"The economics of a dominant newspaper are excellent, among the very best in the business world. Owners, naturally, would like to believe that their wonderful profitability is achieved only because they unfailingly turn out a wonderful product. That comfortable theory wilts before an uncomfortable fact. While first-class newspapers make excellent profits, the profits of third-rate papers are as good or better - as long as either class of paper is dominant within its community. Of course, product quality may have been crucial to the paper in achieving dominance. We believe this was the case at the News, in very large part because of people such as Alfred Kirchhofer who preceded us. Once dominant, the newspaper itself, not the marketplace, determines just how good or how bad the paper will be. Good or bad, it will prosper. That is not true of most businesses: inferior quality generally produces inferior economics.",1984,Shareholder Letters/1984 Letter.txt,"THE DOMINANCE CLASS - once dominant, the paper itself, not the marketplace, determines how good it is; good or bad, it will prosper","Q2 franchise (the strongest class: position, not execution, sets economics)","Register L1-27. Lines 557-579. The extreme end of the E3-43 spectrum and the ancestor of E5-18's stand-a-little-mismanagement test: 'While first-class newspapers make excellent profits, the profits of third-rate papers are as good or better - as long as either class of paper is dominant within its community.' Quality may be crucial to ACHIEVING dominance (Kirchhofer named); afterwards the position carries it. Also the 1984 source for the E5-18 doctrine flagged by the register."
E4-37,E4,"But one of the questions we asked ourselves, and we thought the answer was obvious, was, you know, if we raised the price 10 cents a pound, would sales fall off a cliff? And of course, the answer, in our view at least, was that no, there was some untapped pricing power in the product. And it’s not a great business when you have to have a prayer session before you raise your prices a penny. I mean, you were in a tough business then. And I would say you can almost measure the strength of a business over time by the agony they go through in determining whether a price increase can be sustained.",2005,Annual Meetings/2005 Annual Meeting.txt,PRICING-DECISION AGONY AS THE INVERSE MOAT METRIC - 'not a great business when you have to have a prayer session before you raise your prices a penny',Q2 franchise (the operational read of [E3-33]/[E2-44] criterion 1); Q6 monitoring,"Register M1-C4. 2005 meeting line 199, the See's 10-cents-a-pound question worked. 'You can almost measure the strength of a business over time by the agony they go through in determining whether a price increase can be sustained.' The same answer then runs newspapers from yawn-pricing to agony-pricing (line 201) - the metric detecting a moat DOWNGRADE in real time, which is Q6's monitoring use."
E5-29,E5,"Stock prices will always be far more volatile than cash-equivalent holdings. Over the long term, however, currency-denominated instruments are riskier investments � far riskier investments � than widely-diversified stock portfolios that are bought over time and that are owned in a manner invoking only token fees and commissions. That lesson has not customarily been taught in business schools, where volatility is almost universally used as a proxy for risk. Though this pedagogic assumption makes for easy teaching, it is dead wrong: Volatility is far from synonymous with risk. Popular formulas that equate the two terms lead students, investors and CEOs astray.",2014,Shareholder Letters/2014 Letter.txt,VOLATILITY IS NOT RISK - 'dead wrong: Volatility is far from synonymous with risk'; over the long term cash is the riskier holding,"Q4 (risk = impairment of purchasing power/capital, never price movement); Q6 (a quote falling is not a trigger)",Register L3-18. 2014 letter lines 947-952. Source renders em dashes as U+FFFD; stored as-extracted. The claimed meeting companion (2010:1040-43) did not verify at those lines (circle-of-competence passage found there); rowed on the letter alone. Q6 consequence: E2-28's triggers are business facts and overvaluation - never the quote falling.
E3-52,E3,"Deferred tax liabilities bear no interest. And as long as we can break even in our insurance underwriting the cost of the float developed from that operation is zero. Neither item, of course, is equity; these are real liabilities. But they are liabilities without covenants or due dates attached to them. In effect, they give us the benefit of debt ­ an ability to have more assets working for us ­ but saddle us with none of its drawbacks.",1996,Owners Manual/An Owners Manual.txt,"WHAT MAKES DEBT DANGEROUS - covenants and due dates; float and deferred taxes are 'liabilities without covenants or due dates', leverage without its drawbacks","Q4 staying power (the leverage read: terms, not just quantity)","Register L3-19. An Owner's Manual lines 148-156. Source file is cp1252-encoded (not UTF-8); decoded accordingly and stored as-extracted. The register's claim listed 'collateral' - not in this passage; covenants and due dates are. The claimed meeting companion (2010:1236-39) did not verify at those lines (high-speed-rail passage found there); rowed on the OM alone. Reading: a leverage judgment quantifies AND reads the terms - covenant-free, long-dated, prepaid-by-customers liabilities are a different animal from covenanted bank debt."
E2-54,E2,"The blue ribbon for mischief-making should go to the zero- coupon issuer unable to make its interest payments on a current basis. Our advice: Whenever an investment banker starts talking about EBDIT - or whenever someone creates a capital structure that does not allow all interest, both payable and accrued, to be comfortably met out of current cash flow net of ample capital expenditures - zip up your wallet.",1989,Shareholder Letters/1989 Letter.txt,"THE ZIP-UP-YOUR-WALLET COVERAGE TEST - all interest, payable AND accrued, comfortably met out of current cash flow NET OF AMPLE CAPEX",Q4 staying power (the corpus's own coverage test); Q3 flags (EBDIT companion to E4-29),"Register L2-13. Lines 1368-1376, the zero-coupon/EBDIT passage (source has broken line-wrapping around 'cash flow net of ample capital expenditures'; normalized whitespace only, wording untouched). The test's three teeth: accrued interest counts, the coverage source is cash flow, and capex is subtracted first - a solvency read EBITDA-based covenants are designed to avoid."
E4-38,E4,"But first we need to warn you that growth-rate presentations can be significantly distorted by a calculated selection of either initial or terminal dates. For example, if earnings are tiny in a beginning year, a long-term performance that was only mediocre can be made to appear sensational. That kind of distortion can come about because the company at issue was minuscule in the base year � which means that only a handful of insiders actually benefited from the touted performance � or because a larger company was then operating at just above breakeven. Picking a terminal year that is particularly buoyant will also favorably bias a calculation of growth.",2003,Shareholder Letters/2003 Letter.txt,WINDOW-ENDPOINT DISTORTION - growth rates are made sensational by picking the base or terminal year; the remedy is publishing every window,Q4 window rule (why E2-42/E4-25 demand the spread shown); Q5 (what the price already assumes),"Register L3-25. Lines 180-186; the remedy worked on Berkshire itself at 195-216: 'A series of calculations is presented so that you can decide for yourself which period is most meaningful' - base years spaced five years apart, every window published. Source renders em dashes as U+FFFD; stored as-extracted. The Test A window divergence (two analysts, same filings, OE a quarter apart) is this distortion observed live."
E2-55,E2,"But we do not wish it to be only likely that we can meet our obligations; we wish that to be certain. Thus we adhere to policies - both in regard to debt and all other matters - that will allow us to achieve acceptable long-term results under extraordinarily adverse conditions, rather than optimal results under a normal range of conditions.",1987,Shareholder Letters/1987 Letter.txt,"OPTIMISE THE WORST CASE - policies chosen for acceptable results under extraordinarily adverse conditions, not optimal results under normal ones",Q4 staying power (the design principle behind all three strengths),Register L2-30. Lines 1336-1341. 'We do not wish it to be only likely that we can meet our obligations; we wish that to be certain.' Sibling of E5-12 (Russian roulette) and E5-21 (bills only). The claimed meeting companion (1996:495-503) did not verify at those lines (World Book passage found there); rowed on the letter alone.
E2-56,E2,"Many corporations that consistently show good returns both on equity and on overall incremental capital have, indeed, employed a large portion of their retained earnings on an economically unattractive, even disastrous, basis. Their marvelous core businesses, however, whose earnings grow year after year, camouflage repeated failures in capital allocation elsewhere (usually involving high-priced acquisitions of businesses that have inherently mediocre economics). The managers at fault periodically report on the lessons they have learned from the latest disappointment. They then usually seek out future lessons. (Failure seems to go to their heads.)",1984,Shareholder Letters/1984 Letter.txt,THE PRO-AM CAMOUFLAGE - marvelous core businesses hide repeated capital-allocation failures; consolidated returns cannot judge retention,Q3 rationality (the retention test needs a segment/incremental step),"Register L1-1. Lines 1325-1335; setup 1306-1323, the Pro-Am golf analogy: 'even if all of the amateurs are hopeless duffers, the team's best-ball score will be respectable because of the dominating skills of the professional.' Operational form: strip the core's incremental economics out before judging what retention earned elsewhere; segment disclosure is the document to pull."
E2-57,E2,"In any business, insurance or otherwise, “except for” should be excised from the lexicon. If you are going to play the game, you must count the runs scored against you in all nine innings. Any manager who consistently says “except for” and then reports on the lessons he has learned from his mistakes may be missing the only important lesson - namely, that the real mistake is not the act, but the actor.",1985,Shareholder Letters/1985 Letter.txt,THE EXCEPT-FOR FLAG - 'except for' excised from the lexicon; count the runs scored against you in all nine innings; the real mistake is the actor,Q3 flags (the ninth: recurring except-for reporting),"Register L2-28. Lines 1134-1140. Berkshire applies it to itself in 2002 ([E4-41]'s passage): ''Except for' losses will forever be part of the insurance business, and they will forever be paid with shareholders' money.' Companions 1988:759-61 and 1993:342-47 not re-read this pass; queued."
E3-53,E3,"The distortion du jour is the ""restructuring charge,"" an accounting entry that can, of course, be legitimate but that too often is a device for manipulating earnings. In this bit of legerdemain, a large chunk of costs that should properly be attributed to a number of years is dumped into a single quarter, typically one already fated to disappoint investors. In some cases, the purpose of the charge is to clean up earnings misrepresentations of the past, and in others it is to prepare the ground for future misrepresentations. In either case, the size and timing of these charges is dictated by the cynical proposition that Wall Street will not mind if earnings fall short by $5 per share in a given quarter, just as long as this deficiency ensures that quarterly earnings in the future will consistently exceed expectations by five cents per share.",1998,Shareholder Letters/1998 Letter.txt,"THE RESTRUCTURING-CHARGE FLAG - many years' costs dumped into one quarter, to clean up past misrepresentations or prepare future ones",Q3 flags (the tenth); Q4 owner-earnings inputs (charges are real costs),"Register L2-18. Lines 711-718; the golf-handicap parable follows (720-735: the 140-then-four-80s scorecard); acquisition variant at 752-756 (loss reserves boosted at deal time so 'earnings' flow into income later); 1988:136-138 names smoothing and the big bath as 'white lie' techniques of otherwise upright managements. Serial restructurers: register L3-21, queued."
E3-54,E3,"We feel noble intentions should be checked periodically against results. We test the wisdom of retaining earnings by assessing whether retention, over time, delivers shareholders at least $1 of market value for each $1 retained. To date, this test has been met. We will continue to apply it on a five-year rolling basis. As our net worth grows, it is more difficult to use retained earnings wisely. I should have written the ""five-year rolling basis"" sentence differently, an error I didn't realize until I received a question about this subject at the 2009 annual meeting. When the stock market has declined sharply over a five-year stretch, our market-price premium to book value has sometimes shrunk. And when that happens, we fail the test as I improperly formulated it. In fact, we fell far short as early as 1971-75, well before I wrote this principle in 1983. The five-year test should be: (1) during the period did our book-value gain exceed the performance of the S&P; and (2) did our stock consistently sell at a premium to book, meaning that every $1 of retained earnings was always worth more than $1? If these tests are met, retaining earnings has made sense.",1996,Owners Manual/An Owners Manual.txt,"THE RETENTION TEST, WITH ITS OWN PUBLISHED CORRECTION - $1 of market value per $1 retained, five-year rolling; restated 2009: book-value gain vs the S&P plus a consistent premium to book",Q3 rationality (retention); Q6 monitoring,"Register L3-16. An Owner's Manual Principle 9 including its post-2009 correction paragraphs (source file cp1252-encoded; the correction text postdates the 1996 principle - era assigned by the principle). The correction is itself a candor demonstration: the author announces his own test misformulated ('we fell far short as early as 1971-75, well before I wrote this principle') and re-states it. Munger 2014:70-71 companion not re-read this pass."
E3-55,E3,"If we have a business about which we’re extremely confident as to the business result, we would prefer that it have high volatility than low volatility. We will make more money out of a business where we know where the endgame is going to be if it bounces around a lot.",1998,Annual Meetings/1998 Annual Meeting.txt,"VOLATILITY PREFERRED, GIVEN ENDGAME CERTAINTY - 'we would prefer that it have high volatility than low volatility'",Q4 (window-spread scope: volatility with a certain endgame is not a defect); Q5; Q6,"Register M1-C11. 1998 meeting line 1553; Munger at 1551: 'as long as the odds are in our favor and we're not risking the whole company on one throw or anything close to it, we don't mind volatility in results.' Washington Post worked example at 1555 (stock down 50% = 'Best thing that could've happened'). Scope for [E5-29] and the window rule: the cross-window spread measures distortion, not risk; endgame certainty is what licenses ignoring the bounce."
E4-39,E4,"Agonizing over errors is a mistake. But acknowledging and analyzing them can be useful, though that practice is rare in corporate boardrooms. There, Charlie and I have almost never witnessed a candid post-mortem of a failed decision, particularly one involving an acquisition. A notable exception to this never-look-back approach is that of The Washington Post Company, which unfailingly and objectively reviews its acquisitions three years after they are made. Elsewhere, triumphs are trumpeted, but dumb decisions either get no follow-up or are rationalized.",2000,Shareholder Letters/2000 Letter.txt,ACQUISITION POST-MORTEMS - candid review 'almost never witnessed'; the Washington Post exception reviews every acquisition three years after,"Q3 rationality (an affirmative, rare-positive test)",Register L3-27. 2000 letter lines 587-591; continuation at 595: the boners' consequences are 'regularly dumped into massive restructuring charges' - [E3-53]'s flag seen from the other end. 2014 Special:205-207 companion not re-read this pass. Operational form: does the filer ever revisit a completed deal against its announcement case? Score like guidance-vs-outturn [E3-48].
E4-40,E4,"In short, all of us in the industry made a fundamental underwriting mistake by focusing on experience, rather than exposure, thereby assuming a huge terrorism risk for which we received no premium.",2001,Shareholder Letters/2001 Letter.txt,"EXPOSURE, NOT EXPERIENCE - the fundamental mistake is 'focusing on experience, rather than exposure'",Q4 death mechanisms (E3-24's stated failure mode); Q2 record-reading,"Register L3-14. 2001 letter lines 424-426 (the September 11 lesson); 434-435 sharpens it: 'using experience as a guide to pricing is not only useless, but actually dangerous' - the late-bull-market D&O example, where benign experience masks maximal exposure. Q4 discipline: model the exposure the filing reveals, never just the observed loss history. [E4-41] is the same doctrine applied to earnings."
E4-41,E4,"We've yet to see a pro-forma presentation disclosing that audited earnings were somewhat high. So let's make a little history: Last year, on a pro-forma basis, Berkshire had lower earnings than those we actually reported. That is true because two favorable factors aided our reported figures. First, in 2002 there was no megacatastrophe, which means that Berkshire (and other insurers as well) earned more from insurance than if losses had been normal. In years when the reverse is true � because of a blockbuster hurricane, earthquake or man-made disaster � many insurers like to report that they would have earned X ""except for"" the unusual event. The implication is that since such megacats are infrequent, they shouldn't be counted when ""true"" earnings are calculated. That is deceptive nonsense. ""Except for"" losses will forever be part of the insurance business, and they will forever be paid with shareholders' money. Nonetheless, for the purposes of this exercise, we'll take a page from the industry's book. For last year, when we didn't have any truly major disasters, a downward adjustment is appropriate if you wish to ""normalize"" our underwriting result. Secondly, the bond market in 2002 favored certain strategies we employed in our finance and financial products business. Gains from those strategies will certainly diminish within a year or two � and may well disappear.",2002,Shareholder Letters/2002 Letter.txt,DOWNWARD NORMALIZATION OF LUCKY YEARS - the only pro-forma that ever disclosed earnings too HIGH; strip favourable breaks before averaging,Q4 owner earnings (normalize the mean down for luck); Q3 candor benchmark,"Register L3-33. 2002 letter lines 173-191; summary at 193-194: pre-tax earnings 'would have been about $500 million less' except for two favorable breaks (no megacatastrophe; a bond-market tailwind). Source renders em dashes as U+FFFD; stored as-extracted. The inverse of the pro-forma flag inside [E4-22]: the same arithmetic run in the honest direction, worked on Berkshire itself."
E4-42,E4,"What's needed is an antidote, and in my opinion that's quantification. If you quantify, you won't necessarily rise to brilliance, but neither will you sink into craziness.",2001,Fortune Essays (Buffett)/2001 - Warren Buffett on the Stock Market.txt,"QUANTIFICATION IS THE ANTIDOTE - 'If you quantify, you won't necessarily rise to brilliance, but neither will you sink into craziness'",Q5 (why the yield-vs-bond arithmetic exists at all); operator discipline,Register L3-29. Fortune 2001 lines 432-436; the market-cap-to-GNP chart follows as the worked macro example. Source renders em dashes as double hyphens; stored as-extracted. Q5's whole apparatus - owner-earnings yield against a dated sovereign - is this sentence operationalized.
E5-30,E5,"We have never told anybody that the number had to be this or that or to change anything. I mean once you start it, it’s all over. You can’t quit. It’s like taking $5 out of the cash register. You know, the first time you take the five bucks out, you’ll say, “Well, I’m going to put it back.” And then do it a few times, and you’ll never stop. In fact, do it once and you probably never stop. But if something is going to be destructive, the thing to do is not start it. And forecasting earnings, I can’t imagine anything more destructive.",2022,Annual Meetings/2022 Annual Meeting.txt,"GUIDANCE IS IRREVERSIBLE - like taking $5 from the register: 'do it once and you probably never stop... forecasting earnings, I can't imagine anything more destructive'",Q3 flags (the mechanism behind the projections flag [E4-22]/[E3-48]),"Register M2-13. 2022 meeting line 593; context 589-591: the monthly analyst catechism ('how do you go on the next month and say, By the way, we were really wrong') and the incoming CEO's trap (the predecessor met targets 'in all probability, by cheating'). Transcript artifact 'gap accounting' (for GAAP) sits just before the span; left uncorrected in source, span excludes it."
E5-31,E5,"generally speaking, book value has got nothing to do with the price at which you should purchase your shares; intrinsic business value does. And the correlation between intrinsic business value and book value throughout the investment universe is — you know, there’s virtually no correlation. So book value is unimportant to most companies. It actually has — it has a reasonable tracking utility at Berkshire. Our intrinsic business value is very considerably above book value, and we have signaled that — we’ll say it right here, we’ve said it before — but in addition, we’ve signaled that by saying that we would repurchase our shares as long as we had a substantial cash balance, met all the needs of our operating companies, at 120 percent of book value, and if we got the opportunity to buy it there, we would probably buy a whole lot of it. The calculus is very much what I put in the report. You know, you take care of your business with money first, and if you can buy additional businesses at something where you add to the per-share value of the business, you do that.",2013,Annual Meetings/2013 Annual Meeting.txt,"THE CAPITAL ORDER - business needs first, then acquisitions vs repurchases by per-share value added; the buyback price test is intrinsic value, never book",Q3 buybacks (completes E4-31/E5-08/E5-24/E5-25/E2-51),"Register M2-17. 2013 meeting line 979, answering the 1.2x-book floor question: Berkshire's own book multiple is a signaling device pinned to a tracked gap, not a book-value doctrine ('the correlation between intrinsic business value and book value throughout the investment universe is... virtually no correlation'). The register's claim 'acquisitions outrank' is stronger than the text: the text ranks by per-share value added at the price - [E5-24]'s first law again. 2022:1035-45 companion not re-read this pass."
E5-32,E5,"And then he said we never really figured out how to put the books together. This was the largest audit company in the United States, Arthur Andersen, that’s responsible for signing this thing. So, we had this number and every day it moves around. And it’s just put in there to make assets equal liabilities.",2022,Annual Meetings/2022 Annual Meeting.txt,"THE FILED STATEMENT IS NOT BEDROCK - Salomon's floating plug: a daily invented number to make assets equal liabilities, signed by Arthur Andersen for 12 years",Q3 flags (the limit of every filing-based test); E5-17 humility; Q4 cross-checks,"Register M2-22. 2022 meeting lines 811-813; Munger names it 'the floating plug' (815). The remedy at 817-819: sample complex contracts and compare the two counterparties' marks under the same auditor ('we're valuing a contract at $28 million, the other guy's valuing it at $33 million'). Companion to E5-17 and Royal Dutch: audited does not mean true - the A-minus-L equity cross-check and the cash-tax tell exist because of this."
E2-58,E2,"In many industries, differentiation simply can’t be made meaningful. A few producers in such industries may consistently do well if they have a cost advantage that is both wide and sustainable. By definition such exceptions are few, and, in many industries, are non-existent. For the great majority of companies selling “commodity”products, a depressing equation of business economics prevails: persistent over-capacity without administered prices (or costs) equals poor profitability. Of course, over-capacity may eventually self-correct, either as capacity shrinks or demand expands. Unfortunately for the participants, such corrections often are long delayed. When they finally occur, the rebound to prosperity frequently produces a pervasive enthusiasm for expansion that, within a few years, again creates over-capacity and a new profitless environment. In other words, nothing fails like success. What finally determines levels of long-term profitability in such industries is the ratio of supply-tight to supply-ample years.",1982,Shareholder Letters/1982 Letter.txt,THE COMMODITY EQUATION - persistent over-capacity without administered prices equals poor profitability; profitability set by the ratio of supply-tight to supply-ample years; the cost-advantage exception is 'wide and sustainable' and 'by definition few',"Q2 (the commodity end of the spectrum, and its one exception); Q4","Register L1-7. 1982 letter lines 493-514. Also carries 'nothing fails like success' (the rebound to prosperity creates the next over-capacity) - which is register L1-17's high-profits-attract-capacity half; L1-17's strip-favourable-conditions half is E4-41. The 2018 restatement of the exception: 'Being the low-cost producer... is a terribly important moat' (E5-23's source, line 565)."
E2-59,E2,"Businesses in industries with both substantial over-capacity and a “commodity” product (undifferentiated in any customer-important way by factors such as performance, appearance, service support, etc.) are prime candidates for profit troubles. These may be escaped, true, if prices or costs are administered in some manner and thereby insulated at least partially from normal market forces. This administration can be carried out (a) legally through government intervention (until recently, this category included pricing for truckers and deposit costs for financial institutions), (b) illegally through collusion, or (c) “extra- legally” through OPEC-style foreign cartelization (with tag-along benefits for domestic non-cartel operators).",1982,Shareholder Letters/1982 Letter.txt,"ADMINISTERED PRICING AS RESCUE - commodity profit troubles 'may be escaped, true, if prices or costs are administered'; the escape belongs to the REGIME, not the business",Q2 (scopes E3-03 criterion 3: regulation caps a franchise but can floor a commodity business),Register L1-8. Lines 465-478; the insurance history at 560-569 (verified): companies 'could legally price their way to profitability even in the face of substantial over-capacity' - then 'That day is gone.' Resolves the claimed tension with [E3-03]: price regulation makes a would-be franchise not-a-franchise (caps the upside); administered pricing can rescue a commodity business's profits while the administration lasts - a regime-moat that evaporates like [E3-51]'s wave when the regime ends. Not a franchise class.
E2-60,E2,"The first point to understand is that all earnings are not created equal. In many businesses particularly those that have high asset/profit ratios - inflation causes some or all of the reported earnings to become ersatz. The ersatz portion - let’s call these earnings “restricted” - cannot, if the business is to retain its economic position, be distributed as dividends. Were these earnings to be paid out, the business would lose ground in one or more of the following areas: its ability to maintain its unit volume of sales, its long-term competitive position, its financial strength. No matter how conservative its payout ratio, a company that consistently distributes restricted earnings is destined for oblivion unless equity capital is otherwise infused.",1984,Shareholder Letters/1984 Letter.txt,"RESTRICTED EARNINGS - the ersatz portion cannot be distributed without losing ground in unit volume, competitive position, OR FINANCIAL STRENGTH",Q4 owner earnings ((c) scope: a THIRD maintenance dimension beyond E2-23's two),"Register L1-10. Lines 1189-1200. E2-23's (c) names unit volume and competitive position; this passage adds financial strength as a third thing maintenance spending must preserve - a company distributing earnings its balance sheet needed is paying restricted earnings out. Reading: where leverage rises to fund the payout ratio, (c) was understated."
E2-61,E2,"In most businesses, of course, insolvent companies run out of cash. Insurance is different: you can be broke but flush. Since cash comes in at the inception of an insurance policy and losses are paid much later, insolvent insurers don’t run out of cash until long after they have run out of net worth. In fact, these “walking dead” often redouble their efforts to write business, accepting almost any price or risk, simply to keep the cash flowing in. With an attitude like that of an embezzler who has gambled away his purloined funds, these companies hope that somehow they can get lucky on the next batch of business and thereby cover up earlier shortfalls. Even if they don’t get lucky, the penalty to managers is usually no greater for a $100 million shortfall than one of $10 million; in the meantime, while the losses mount, the managers keep their jobs and perquisites.",1984,Shareholder Letters/1984 Letter.txt,BROKE BUT FLUSH - float businesses do not run out of cash until long after net worth; cash-based liquidity scoring is INVALID for insurers; the walking dead redouble writing,Q4 staying power (strength 2 read for float businesses); Q3 (the walking-dead incentive),"Register L1-23. Lines 934-947. For insurers and float businesses, Q4's massive-liquid-assets test must be read as reserve adequacy and net worth, never cash on hand - cash inflow is the SYMPTOM of the walking dead ('accepting almost any price or risk, simply to keep the cash flowing in'). Penalty asymmetry noted: 'no greater for a $100 million shortfall than one of $10 million' - E5-22's subject from the other side."
E2-62,E2,"We remain unconventional in the degree to which we concentrate the investments of our insurance companies, including those in WPPSS bonds. This concentration makes sense only because our insurance business is conducted from a position of exceptional financial strength. For almost all other insurers, a comparable degree of concentration (or anything close to it) would be totally inappropriate. Their capital positions are not strong enough to withstand a big error, no matter how attractive an investment opportunity might appear when analyzed on the basis of probabilities.",1984,Shareholder Letters/1984 Letter.txt,CONCENTRATION IS LICENSED BY LOSS-ABSORPTION - 'makes sense only because... exceptional financial strength'; for weaker capital positions it 'would be totally inappropriate',Q5 sizing (the balance-sheet condition on E3-45's take-the-best rule),"Register L1-30. Lines 1104-1113. E3-45 says capital goes to rank #1; this row supplies its license: the concentrating owner's OWN capital position must withstand a big error, 'no matter how attractive an investment opportunity might appear when analyzed on the basis of probabilities.' Sizing is a function of the holder's strength, not only the idea's quality. Applies to the analyst too [P-29 queued]."
E2-63,E2,"This ceiling on upside potential is an important minus. It should be realized, however, that the great majority of operating businesses have a limited upside potential also unless more capital is continuously invested in them. That is so because most businesses are unable to significantly improve their average returns on equity - even under inflationary conditions, though these were once thought to automatically raise returns.",1984,Shareholder Letters/1984 Letter.txt,"CAPPED UPSIDE IS A STATED Q5 OUTPUT - and most operating businesses are ALSO capped 'unless more capital is continuously invested', because average ROE barely moves",Q5 (state the ceiling alongside the yield); Q4,"Register L1-31. Lines 1019-1033, the WPPSS bond-as-a-business analysis: face value 48% above cost was the stated maximum. The general lesson runs the other way too: a business unable to raise its ROE is a bond with a coupon habit - the growth the price pays for must come from somewhere [E4-44, E4-35]. A Q5 verdict states what the upside is CAPPED by, not just what the yield is."
E2-64,E2,"Unlike most businesses, Berkshire did not finance because of any specific immediate needs. Rather, we borrowed because we think that, over a period far shorter than the life of the loan, we will have many opportunities to put the money to good use. The most attractive opportunities may present themselves at a time when credit is extremely expensive - or even unavailable. At such a time we want to have plenty of financial firepower.",1980,Shareholder Letters/1980 Letter.txt,"PRE-EMPTIVE BORROWING - borrow before the need, because 'the most attractive opportunities may present themselves at a time when credit is extremely expensive - or even unavailable'",Q4 staying power (strength as an OFFENSIVE asset); Q3 rationality,Register L1-32. 1980 letter lines 851-857. The offensive face of E2-55's worst-case design and E5-21's bills-only liquidity: strength is held not merely to survive the storm but to buy in it. A management financing ahead of need at good terms is showing the foresight this row names; one financing INTO the need is showing its absence.
E2-65,E2,"regardless of price, we have no interest at all in selling any good businesses that Berkshire owns, and are very reluctant to sell sub-par businesses as long as we expect them to generate at least some cash and as long as we feel good about their managers and labor relations. We hope not to repeat the capital-allocation mistakes that led us into such sub-par businesses. And we react with great caution to suggestions that our poor businesses can be restored to satisfactory profitability by major capital expenditures. (The projections will be dazzling - the advocates will be sincere - but, in the end, major additional investment in a terrible industry usually is about as rewarding as struggling in quicksand.) Nevertheless, gin rummy managerial behavior (discard your least promising business at each turn) is not our style. We would rather have our overall results penalized a bit than engage in it.",1983,Shareholder Letters/1983 Letter.txt,THE GIN-RUMMY CONCESSION - good businesses never sold regardless of price; sub-par businesses held reluctantly; a stated performance PENALTY accepted,"Q6 (open question 1 evidence: the anti-ranking attitude, scoped to CONTROLLED businesses)","Register L1-29. 1983 letter lines 116-133, an owner-related business principle. Scope matters: 'businesses that Berkshire owns' - controlled subsidiaries with managers and labor relations, where [E1-16]'s no-exit weight runs BOTH ways. For marketable securities the 1987 hold test [E2-28] governs, and its overvaluation trigger stands. Feeds open question 1 (trim conflict) as evidence, does not resolve it. Also restates the quicksand caution: 'major additional investment in a terrible industry usually is about as rewarding as struggling in quicksand.'"
E5-33,E5,"We have never, however, singled out restructuring charges and told you to ignore them in estimating our normal earning power. If there were to be some truly major expenses in a single year, I would, of course, mention it in my commentary. Indeed, when there is a total rebasing of a business, such as occurred when Kraft and Heinz merged, it is imperative that for several years the huge one-time costs of rationalizing the combined operations be explained clearly to owners. That's precisely what the CEO of Kraft Heinz has done, in a manner approved by the company's directors (who include me). But, to tell owners year after year, ""Don't count this,"" when management is simply making business adjustments that are necessary, is misleading. And too many analysts and journalists fall for this baloney.",2016,Shareholder Letters/2016 Letter.txt,"SERIAL RESTRUCTURING BELONGS IN OWNER EARNINGS - 'to tell owners year after year, Don't count this... is misleading'; a true rebasing is explained for several years, not annualized away",Q4 owner earnings (charges stay in the mean); Q3 flags (completes E3-53),"Register L3-21. 2016 letter lines 808-815; 2018:178-184 verified as companion: 'restructurings of one sort or another are common in business - Berkshire has gone down that road dozens of times, and our shareholders have always borne the costs', capped by Lincoln's dog's-tail ('calling a tail a leg doesn't make it one'). The operational split the passage itself draws: a disclosed one-time rebasing (Kraft Heinz, explained for years) vs the annual don't-count-this - only the second is the flag; BOTH stay in the owner-earnings mean. ALIAS NOTE (2026-09-20, decision 20): one passage, two ids. This row is the LONGER cut of the 2016 restructuring-charges passage and [E5-10] is its first two sentences. The runs of record cite this row 58 times and E5-10 zero times. Both ids resolve and neither is retired."
E4-43,E4,"A company that needs large increases in capital to engender its growth may well prove to be a satisfactory investment. There is, to follow through on our example, nothing shabby about earning $82 million pre-tax on $400 million of net tangible assets. But that equation for the owner is vastly different from the See's situation. It's far better to have an ever-increasing stream of earnings with virtually no major capital requirements. Ask Microsoft or Google.",2007,Shareholder Letters/2007 Letter.txt,"THE GOOD CLASS PASSES - capital-hungry growth 'may well prove to be a satisfactory investment'; great/good/gruesome is a RANKING, not a gate",Q4 great/good/gruesome (reading note on E4-20),"Register L3-26. 2007 letter lines 381-385, inside E4-20's own source passage (FlightSafety the worked example of good). Guards against over-reading E4-20: only the gruesome class (growth that consumes capital at inadequate returns) fails Q4; the good class passes and simply ranks below the great at Q5. 'Nothing shabby about earning $82 million pre-tax on $400 million of net tangible assets.'"
E4-44,E4,"So I come back to my postulation of 5% growth in GDP and remind you that it is a limiting factor in the returns you’re going to get: You cannot expect to forever realize a 12% annual increase–much less 22%–in the valuation of American business if its profitability is growing only at 5%. The inescapable fact is that the value of an asset, whatever its character, cannot over the long term grow faster than its earnings do.",1999,Fortune Essays (Buffett)/1999 - Mr Buffett on the Stock Market.txt,"THE GROWTH CEILING - 'the value of an asset, whatever its character, cannot over the long term grow faster than its earnings do'",Q5 (with E4-35: the two bounds every growth belief must clear),Register L3-32. Fortune 1999 line 59; line 61 supplies the discipline ('give me your assumptions... The Tinker Bell approach - clap if you believe - just won't cut it') and line 55 the aggregate bound (profits above ~6% of GDP requires wild optimism). Q5 use: a written growth belief faces E4-35's base rate (fewer than 1 in 20 sustain 15%/20yr) AND this identity (value growth is capped by earnings growth; multiple expansion is not a perpetual term).
E5-34,E5,"When Charlie and I buy stocks � which we think of as small portions of businesses � our analysis is very similar to that which we use in buying entire businesses. We first have to decide whether we can sensibly estimate an earnings range for five years out, or more. If the answer is yes, we will buy the stock (or business) if it sells at a reasonable price in relation to the bottom boundary of our estimate. If, however, we lack the ability to estimate future earnings � which is usually the case � we simply move on to other prospects. In the 54 years we have worked together, we have never foregone an attractive purchase because of the macro or political environment, or the views of other people. In fact, these subjects never come up when we make decisions.",2013,Shareholder Letters/2013 Letter.txt,THE BOTTOM-BOUNDARY ROUTINE - estimate an earnings range five years out or more; buy only at a reasonable price against the BOTTOM boundary; inability to estimate ('usually the case') means move on,Q4/Q5 (the corpus's own compact statement of the whole method); verdict honesty,"Register L3-7/8. 2013 letter lines 1028-1034 (source renders em dashes as U+FFFD; stored as-extracted). The framework's Q4 range, Q5 conservative-end pricing, and the UNRESEARCHED/UNKNOWABLE verdicts are this paragraph operationalized - including 'which is usually the case' (most names should close unresolved [E5-13]) and the macro exclusion ('never foregone an attractive purchase because of the macro or political environment'), which feeds open question 3."
E3-56,E3,"we couldn’t have told that — if we hadn’t gone a little further, though, than just looking at numbers, we would not have been able to make that decision.",1995,Annual Meetings/1995 Annual Meeting.txt,"BEYOND THE NUMBERS - Wells Fargo: 'if we hadn't gone a little further... than just looking at numbers, we would not have been able to make that decision'",Q3 (the read that numbers alone cannot do); Q5 sizing companion,"Register M1-A9. 1995 meeting line 1197; Munger at 1195 (verified): the position was a bet that Wells's real-estate loan quality and collection methods were 'way better than average' through the biggest collapse in 40-50 years - a manager-quality judgment underwriting a concentration [E2-62]. Companion to [E3-27]: the filing is read for guidelines, and the judgment goes further than the figures."
E3-57,E3,"there are two different kinds of agency costs. One, the guy favors himself at the expense of the shareholders, and the other is he’s — he does foolish things. Or he’s not trying to favor himself, he just is foolish by nature. Either way, it’s very costly to you, as the shareholder. So, you have to judge those two aspects of human character, and they’re terribly important. And on the other hand, there are some businesses so good that they’ll easily stand a lot of folly in the managerial suite. And I — much as we like perfect people, I don’t think we’ve always invested with them.",1995,Annual Meetings/1995 Annual Meeting.txt,"TWO AGENCY COSTS, ONE AXIS - self-dealing and foolishness are 'either way, very costly'; and the veto was not absolute: 'I don't think we've always invested with them'","Q3 (the binary's scope: integrity refused, folly priced)","Register M1-A12. 1995 meeting line 1345, Munger. Keeps the E2-31/E5-16 binary honest: dishonesty is refused outright; foolishness is an agency COST, priced through the business's capacity to stand it ('some businesses so good that they'll easily stand a lot of folly in the managerial suite' - E5-18's doctrine in the same breath). The perfect-people preference was a preference, not a rule."
E4-45,E4,"even if you had something you were really familiar with and were very sure on the 8 percent, 8 1/2 wouldn’t tempt you if somebody came along, as a practical matter.",2007,Annual Meetings/2007 Annual Meeting.txt,THE SWITCHING THRESHOLD - 8 to 8.5 does not move capital: half a point over a sure position 'wouldn't tempt you... as a practical matter',Q5 ranking (a small spread does not justify a switch); Q6 trigger 2 scope,"Register M1-A11. 2007 meeting line 781, in E4-21's own passage (the hurdle answer). Behavioral companion to the E2-46 tax arithmetic: even pre-tax, a marginal edge over a well-understood holding does not clear the switch. Q6's better-idea trigger requires a MATERIAL gap, not a ranking inversion of half a point."
E3-58,E3,"if you take a CEO that’s in a job for 10 years, and he has a business that earns, say, 12 percent on equity, and he’s — and he pays out a third, that means he’s got 8 percent per year of equity. I mean, when you think of his tenure in office, how much capital he’s allocated, it’s an enormous factor over time. And yet, probably relatively few chief executives are either trained for, or are selected on, the basis of their ability to allocate capital. I mean, they get there through other routes. So, I’ve said it’s like somebody playing the piano all their life, and then getting to Carnegie Hall and they hand him a violin.",1994,Annual Meetings/1994 Annual Meeting.txt,ALLOCATION IS NOT DELEGATED - the tenure math (10 years of retention is an enormous share of capital) and the Carnegie Hall violin: CEOs are neither trained nor selected for it,Q3 rationality (delegation of allocation is a flag; the tenure-weighted stakes),"Register M1-C7. 1994 meeting lines 1269-1273. Context (verified): 'we allocate all the capital ourselves... we don't feel we should delegate' and delegating it to staff or consultants is 'a terrible mistake, because it is, if not the key function of the CEO, one of two or three key functions at 80 or 90 percent of all companies.' Flag form: allocation visibly outsourced (serial banker-led M&A, consultant-driven programs) while the CEO works the operations."
E3-59,E3,"you judge management by two yardsticks. One is how well they run the business and I think you can learn a lot about that by reading about both what they’ve accomplished and what their competitors have accomplished, and seeing how they have allocated capital over time. You have to have some understanding of the hand they were dealt when they themselves got a chance to play the hand. But, if you understand something about the business they’re in — and you can’t understand it in every business, but you can find industries or companies where you can understand it — then you simply want to look at how well they have been doing in playing the hand, essentially, that’s been dealt with them. And then the second thing you want to figure out is how well that they treat their owners.",1994,Annual Meetings/1994 Annual Meeting.txt,"THE TWO YARDSTICKS - how well they run the business (against the hand they were dealt, read against competitors) and how well they treat the owners",Q3 (the whole test in two questions; the MS's organizing pair),Register M1-C8. 1994 meeting line 199. Carries the hand-dealt qualifier ('You have to have some understanding of the hand they were dealt when they themselves got a chance to play the hand') and the competitor-report method ('reading of competitors' reports') - [E3-28] applied to managers. Line 201 adds the correlation: the poor operators 'also turn out to be the ones that really don't think that much about the shareholders. The two often go hand in hand.'
E4-46,E4,"we can make a decision in five minutes very easily. I mean, it just is not that complicated. Now, we know about a number of businesses and industries, and there’s a lot of businesses and industries we don’t know anything about. We know a lot of things about certain kinds of bonds, and we know — there’s a variety of things we know about, and it’s nice if we can expand that universe of knowledge. But the most important thing is that anything that gets through is in an area of knowledge. And the truth is, if we can’t make a decision in five minutes, we can’t make it in five months. You know, we’re not going to learn enough in the followings five months to make up for the fact that we went in deficient in the first place.",2008,Annual Meetings/2008 Annual Meeting.txt,"THE FIVE-MINUTE RULE - 'if we can't make a decision in five minutes, we can't make it in five months'; study does not repair a deficient starting position",Verdict machinery (scopes UNRESEARCHED vs Q1 OUT); Q1,Register M1-C9. 2008 meeting lines 825-827; Munger at 831 (verified): the blotter-out systems ('We don't do startups... there's a whole layer of complexity that goes out of your life'). Scope it draws for the four verdicts: UNRESEARCHED is for a NAMED DOCUMENT inside an understood area; a name that needs months of learning is outside the circle and closes Q1 OUT - no fetch fixes competence. 'The most important thing is that anything that gets through is in an area of knowledge.'
E4-47,E4,"inflation destroys value, but it destroys it very unequally. The best business to have during inflation is one that retains its earning power in real dollars without commensurate investment to, in effect, fund the inflation-produced nominal growth.",2005,Annual Meetings/2005 Annual Meeting.txt,"INFLATION CONDITIONS (c) - the best business retains real earning power 'without commensurate investment'; under inflation, replacement capex in current dollars outruns D&A in old dollars",Q4 owner earnings (conditions the E3-44/E2-41 D&A default); Q2 class,"Register M1-C10. 2005 meeting lines 549-553. The utility example (verified): 'it costs a lot more money to maintain capital expenditures now in dollar terms than it would've 30 years ago.' Conditioning rule: the D&A-as-(c) default was stated in low-to-moderate inflation; in high inflation it systematically understates maintenance for asset-heavy filers, and the E5-20 exception class widens. See's/brain-surgeon examples mark the immune class (old-dollar assets, current-dollar earning power)."
E3-60,E3,"Obviously, if you understood a business perfectly — the future of a business — you would need very little in the way of a margin of safety. So the more volatile the business is — or possibility is — but assuming you still want invest in it, the larger the margin of safety. I think in that first edition of [Benjamin] Graham — I doubt if I’m right — was it (inaudible) and said, you know, maybe it was worth somewhere between 30 or 110, or some number. He said, “Well, that sounds — how much good does that do you to know that it’s worth between 30 and 110?” Well, it does you some good if it’s selling below 30 or above 110.” That’s — you need a large margin of safety. Well, if you’re driving a truck across a bridge that holds — it says it holds 10,000 pounds — and you’ve got a 9,800 pound vehicle, you know, if the bridge is about six inches above the crevice that it covers, you may feel OK. But if it’s, you know, over the Grand Canyon, you may feel you want a little larger margin of safety, in terms of only driving a 4,000 pound truck, or something, across. So it depends on the nature of the underlying risk. We don’t get the margin of safety now that we got in a 1973-4 period, for example. The biggest thing to do is understand the business.",1997,Annual Meetings/1997 Annual Meeting.txt,THE MARGIN SCALES WITH THE UNDERLYING - perfect understanding needs 'very little in the way of a margin of safety'; the Grand Canyon bridge demands a bigger one; understanding substitutes for margin,"Q5 (Bar 1's margin is graded, not fixed); Q1 (understanding is the primary protection)","Register M1-B3. 1997 meeting lines 841-843, incl. Graham's 30-110 range ('it does you some good if it's selling below 30') and the bridge analogy. Completes the certainty-priced-once doctrine [E3-42/E4-11]: certainty never enters the RATE, and the end margin is graded by the nature of the underlying risk - 'get into the kind of businesses where surprises, by their nature, are few.' Also scopes E3-26's ceiling as arithmetic of its example, not a universal constant."
E4-48,E4,"I think you take all of the variables and calculate them reasonably conservatively. But you don’t try and put too much windage in at every level. And then when you get all through, you apply the margin of safety. So I would say, don’t focus too much on taking it on each variable in terms of the discount rate and the growth rate and so on. But try to be as realistic as you can on those numbers, but with any errors being on the conservative side. And then when you get all through, you apply the margin of safety.",2004,Annual Meetings/2004 Annual Meeting.txt,"REALISTIC AT EVERY LEVEL, ONE MARGIN AT THE END - 'don't try and put too much windage in at every level... be as realistic as you can... with any errors being on the conservative side. And then when you get all through, you apply the margin of safety'",Q5 (the windage rule's exact source form); E4-11,"Register M1-B4. 2004 meeting lines 593-597, with the earthquake worked example (assume 30-32 quakes against 26 observed - not 50 - then put the margin in the PRICE at the end). The framework's conservatism-spent-once rule in the authors' own words: stacked per-variable windage is the named error; the margin is applied once, after the estimate. ALIAS NOTE (2026-09-20, decision 20): this quote sits wholly inside [E4-11], the longer cut of the same 2004 answer. The pair is used TOGETHER on purpose in 10 runs and both are cited by the runs of record, E4-11 46 times and this row 16. Both ids resolve and neither is retired."
E4-49,E4,"the history that Charlie and I have had of persuading decent, intelligent people, who we thought were doing unintelligent things, to change their course of action has been poor. Would you agree with that, Charlie, or no? CHARLIE MUNGER: Worse than poor. WARREN BUFFETT: Yeah. (Laughter) So I would say that if you really think you’re in with people that have got a good business, but they’re going to keep doing dumb things with your money, you’ll probably do better to get out and get in with people who’ve got a good business and you think they’re going to do sensible things with it.",2001,Annual Meetings/2001 Annual Meeting.txt,PERSUASION IS WORSE THAN POOR - the base rate for changing a management's course; the remedy is 'get out and get in with people... going to do sensible things',Q6 (E4-24's scope: exit over engagement for non-control positions),"Register M1-B7. 2001 meeting lines 1159-1163; asked explicitly about a MARKETABLE 20% stake (line 1157); Munger's full answer to the base-rate question: 'Worse than poor.' Engagement is retained as an option ('you also have the option of trying to persuade them') with a stated failure rate - 'when people want to do something, they want to do something.' The E4-24 exit rule carries this as its reason."
E5-35,E5,"You can turn any investment into a bad deal by paying too much. What you can’t do is turn any investment into a good deal by paying little, which is sort of how I started out in this world.",2019,Annual Meetings/2019 Annual Meeting.txt,"CHEAPNESS IS NEVER A REMEDY - 'What you can't do is turn any investment into a good deal by paying little'; price ruins, price does not rescue",Q3 weight rule (the no-price-compensates branch); Q5,"Register M2-3. 2019 meeting line 217, the Kraft Heinz post-mortem ('we paid too much... It'd still be earning the same amount'); line 219: 'buying the cigar butts that are declining or poor businesses for a bargain price is not something that we try to do anymore.' The asymmetry the weight rule rests on, stated as a law: overpaying wrecks a good business's investment case, underpaying cannot repair a bad one - [E3-29]'s no-cheap-price doctrine generalized."
E5-36,E5,"We don’t know how to buy stocks just by looking at financial figures and making judgments based on the ratios. We may be influenced a little by some of that data, but we need to know more about how the company actually functions. And anything a computer could be functioned to do, in terms of screening — I know I never do it.",2013,Annual Meetings/2013 Annual Meeting.txt,"NO SCREENS, EVEN FOR CANDIDATES - 'anything a computer could be functioned to do, in terms of screening - I know I never do it'; ratios influence, function decides","Division of labor (tools fetch and compute, never conclude); every flag a prompt to read","Register M2-6. 2013 meeting line 825, Munger; Buffett at 831 (verified): 'we don't really use screens... We are looking at businesses exactly like we'd look at them if somebody came in and offered us the entire business, and then we try to think, what is this place going to look like in five or ten years, and how sure are we of it.' The corpus source for operator rule 8: arithmetic automated, judgment never - a screen output is a reading list, not a shortlist."
E5-37,E5,different numbers are of different importance — or various numbers are of different importance — depending on the kind of business.,2013,Annual Meetings/2013 Annual Meeting.txt,THE METRIC SET IS SELECTED BY BUSINESS TYPE FIRST - 'different numbers are of different importance... depending on the kind of business'; there is not one-size-fits-all,Q4 inputs (sector method); Q3 primary-test scoping,"Register M2-14. 2013 meeting line 817; line 821 (verified): 'there is not one-size-fits-all. We have certain things we think about, in terms of a bank, that are different than we think about when we're buying ISCAR... certain things we think about when we're buying an insurance company.' The sector-method rows (E2-61 broke-but-flush, L2-29's cost-of-float) are instances of this general rule."
E5-38,E5,"I’ve watched people who I would be delighted to have live next to me, you know, if I was going away for two weeks and my kids were to stay at somebody’s house, it’d be fine with me if they stayed there. If I lost my wallet someplace and they found it, they’d return it to me. But they’d play games with any number that came to them.",2022,Annual Meetings/2022 Annual Meeting.txt,WALLET-RETURNERS GAME NUMBERS - personally honest people 'would play games with any number that came to them'; accounting games and personal integrity separate,"Q3 flags (scope: a fired flag prompts reading, never a venality verdict)","Register M2-8. 2022 meeting line 795 (the GAAP answer; line 797 recounts writing the four audit questions, E4-34, 'and nobody adopted them'). Keeps the cockroach doctrine [E4-22] honest in both directions: games are common enough that decent people play them (E2-30's 'not venality or stupidity'), AND the games still corrupt the figures - the flag reads the accounting, the binary [E5-16] judges the person on conduct, and the two tests stay distinct."
E5-39,E5,"We always will have $20 billion around Berkshire. We will never be dependent on the kindness of strangers. It didn’t work that well for Blanche DuBois, either. But in any event, the — we don’t count on bank lines. You know, we don’t count on — we don’t count on anything. There will be some time in the next 100 years, and it may be tomorrow and it may be 100 years from now, and nobody knows, you know, where we cannot depend on anybody else to keep our own strength and to maintain our operations. And we spent too long building Berkshire to have that one moment destroy us.",2014,Annual Meetings/2014 Annual Meeting.txt,"NEVER DEPENDENT ON THE KINDNESS OF STRANGERS - no bank lines counted, nothing depended on; 'cash is a lot like oxygen'; one moment must not destroy the work","Q4 staying power (strengths 2 and 3, the reason); E5-21 companion","Register M2-12. 2014 meeting lines 359-361; line 361: 'available cash or credit is a lot like oxygen: you don't notice it 99.9 percent of the time. But if it's absent, it's the only thing you notice.' 2020:1043 verified as companion: 'we own nothing but Treasury bills... we never buy commercial paper - we don't count on bank lines.' The lender-of-last-resort record named in the passage: Harley-Davidson at 15% while short rates were half a percent - the E2-64 firepower doctrine executed."
E5-40,E5,"cash-consuming businesses, by their nature, are unattractive unless the cash they consume gets to earn a reasonable return. And, in the electric utility business, you know, we can expect, cash retained to perhaps earn an average of 12 percent or something like that, which we regard as quite satisfactory.",2012,Annual Meetings/2012 Annual Meeting.txt,THE GOOD CLASS HAS A NUMBER - ~12% on retained capital in the utility 'we regard as quite satisfactory'; unattractive only when consumed cash earns no reasonable return,Q4 great/good/gruesome (calibrates E4-43/E4-20); Q3 retention test,"Register M2-15. 2012 meeting lines 721-723. Also names the railroad spending 'way more than depreciation charges' every year (E5-20's exception class, from the owner's chair) and the float advantage ('some of that capital being consumed is generated by float, which doesn't cost us anything'). Calibration: the good class earns roughly sovereign-plus-a-few-points on RETAINED capital and stays worth owning; the E4-28 ~10% floor is an ENTRY expectancy test, a different question."
E5-41,E5,"In respect to EBITDA, depreciation is an expense. And it’s the worst kind of an expense. You know, we love to talk about float. And float is where we get the money first and we have the expense later. Depreciation is where you spend the money first, you know, and, then, record the expense later. And it’s reverse float. And it’s not a good thing.",2017,Annual Meetings/2017 Annual Meeting.txt,"REVERSE FLOAT - 'Depreciation is where you spend the money first... and record the expense later'; the worst kind of expense, and EBITDA's central omission",Q3 flags (the mechanism under E4-29); Q4 owner earnings,"Register M2-19. 2017 meeting line 1455; the passage continues: EBITDA is 'a mass delusion... in the interests of Wall Street, enormously... because it results in higher borrowing power, higher valuations.' The float/depreciation inversion is the cleanest statement of why D&A is real: float is money-first-expense-later (an asset), depreciation is spend-first-expense-later (a liability already paid)."
E5-42,E5,"When we look at what’s a good business, we’re defining it in terms of the capital actually needed in the business. Whether it’s a good investment for us depends on how much we pay for that in the end.",2010,Annual Meetings/2010 Annual Meeting.txt,GOOD BUSINESS vs GOOD INVESTMENT - business quality is defined by capital NEEDED IN the business; investment quality by the price paid; the two judgments never merge,Q2/Q5 boundary (why the sequence exists); Q4,"Register M2-24. 2010 meeting line 1097 ('you could run the Coca-Cola Company, assuming you had the bottling systems, with no capital'); negative-capital classes named (magazines, Blue Chip Stamps float). 2020:1683-95 verified as companion: 'they don't take much capital. And that's why they're worth a lot of money.' This is why Q2-Q4 judge the business and only Q5 judges the price - ASML 2026-08-28 is the worked case: a great business refused as an investment."
E5-43,E5,"we don’t have any formula that evaluates risk, but we certainly make our own calculation of risk versus reward in every transaction we do. And that’s true whether it’s marketable securities, that’s true whether it’s private investments, that’s true whether it’s making an investment in a business. And sometimes we’re wrong, and we’re going to be wrong sometimes in the future. You can’t make a lot of decisions in this business without being wrong. But we don’t think the procedure — or the results — would be changed favorably by having lots of committees and lots of spreadsheets and that sort of thing. It just — you know — If I had a group under me, they would try and figure out what I wanted the answer to be, and they would tell me what I wanted to hear. And I’ve watched that approach at 20 public companies.",2019,Annual Meetings/2019 Annual Meeting.txt,"FORMULAS RETURN DESIRED ANSWERS - 'If I had a group under me, they would try and figure out what I wanted the answer to be'; no committees, no spreadsheet apparatus","Q5 (the ONE BOOK's reason: engines compute, never vote); E3-24 scope","Register M2-28. 2019 meeting lines 1147-1153; line 1153: 'if the hurdle rate is 15 percent or something, having them all come out at 15.1 or 15.2, because that's what's going to happen.' Scope on E3-24: the quantified death mechanism stays - line 1149 does the math itself ('we go on to figure out the math of gain versus loss and how much loss we can afford') - but it is the analyst's own arithmetic AFTER the understanding hurdle, never an apparatus that manufactures the wanted output. The DCF-as-engine-not-vote rule carries this as its reason."
E3-61,E3,"In some businesses, the participants behave like a demented Kellogg. In other businesses, they don’t. Unfortunately, I do not have a perfect model for predicting how that’s going to happen. For example, if you look around at bottler markets, you’ll find many markets where bottlers of Pepsi and Coke both make a lot of money and many others where they destroy most of the profitability of the two franchises. That must get down to the peculiarities of individual adjustment to market capitalism. I think you’d have to know the people involved to fully understand what was happening.",1994,"Munger Talks (PCA)/Talk 02 - A Lesson on Elementary Worldly Wisdom (USC, 1994-04-14).txt",THE PEOPLE RESIDUAL - identical structures produce different profits ('a demented Kellogg'); 'I do not have a perfect model for predicting how that's going to happen',Q2 (the competitor row's stated limit); Q3,"Register P-6. Talk 02:205-211: cereals at 15-40% on capital vs airlines negative; bottler markets identical in structure, opposite in outcome - 'the peculiarities of individual adjustment to market capitalism. I think you'd have to know the people involved.' The causal model [E4-36] carries a residual no structural analysis reaches; the competitor row shows position, not conduct."
E3-62,E3,"there are all kinds of wonderful new inventions that give you nothing as owners except the opportunity to spend a lot more money in a business that’s still going to be lousy. The money still won’t come to you. All of the advantages from great improvements are going to flow through to the customers. Conversely, if you own the only newspaper in Oshkosh and they were to invent more efficient ways of composing the whole newspaper, then when you got rid of the old technology and got new, fancy computers and so forth, all of the savings would come right through to the bottom line. In all cases, the people who sell the machinery—and, by and large, even the internal bureaucrats urging you to buy the equipment—show you projections with the amount you’ll save at current prices with the new technology. However, they don’t do the second step of the analysis, which is to determine how much is going to stay home and how much is just going to flow through to the customer. I’ve never seen a single projection incorporating that second step in my life.",1994,"Munger Talks (PCA)/Talk 02 - A Lesson on Elementary Worldly Wisdom (USC, 1994-04-14).txt",THE SECOND STEP - who KEEPS the productivity gains: in a commodity business they flow to customers; in the Oshkosh monopoly they stick; no vendor projection ever asks,Q2 (capex evaluation by moat class); Q3 flags (vendor projections); Q4 (c),"Register P-21. Talk 02:231-235, the textile-loom lesson worked ('Nothing was going to stick to our ribs as owners'). 'They don't do the second step of the analysis, which is to determine how much is going to stay home and how much is just going to flow through to the customer. I've never seen a single projection incorporating that second step.' The commodity equation [E2-58] from the capex side; E3-48's nine-in-ten projections lack exactly this step."
E3-63,E3,"So you do get an occasional opportunity to get into a wonderful business that’s being run by a wonderful manager. And, of course, that’s hog heaven day. If you don’t load up when you get those opportunities, it’s a big mistake. Occasionally, you’ll find a human being who’s so talented that he can do things that ordinary skilled mortals can’t. I would argue that —who was second-generation in Marks and Spencer of England—was such a man. Patterson was such a man at National Cash Register. And Sam Walton was such a man. These people do come along, and, in many cases, they’re not all that hard to identify.",1994,"Munger Talks (PCA)/Talk 02 - A Lesson on Elementary Worldly Wisdom (USC, 1994-04-14).txt","LOAD UP ON HOG-HEAVEN DAYS - wonderful business + wonderful manager: 'If you don't load up when you get those opportunities, it's a big mistake'; the superstars 'in many cases... not all that hard to identify'","Q5 sizing (E3-45's companion); Q3 (the E2-48 class, identifiable)","Register P-3. Talk 02:391-395, two paragraphs above E3-39's averaged-out guardrail (397) - the same passage holds both: bet the business over the manager on average, AND load up when both align. PCA rendering artifacts kept: the Eisner/Wells names are cut at 385 (restored by the 389 pull-quote) and Simon Marks's name is cut at 393-395 ('I would argue that [cut] -who was second-generation in Marks and Spencer'). Not smoothed."
E3-64,E3,"Another very simple effect I very seldom see discussed either by investment managers or anybody else is the effect of taxes. If you’re going to buy something that compounds for 30 years at 15 percent per annum and you pay one 35 percent tax at the very end, the way that works out is that after taxes, you keep 13.3 percent per annum. In contrast, if you bought the same investment but had to pay taxes every year of 35 percent out of the 15 percent that you earned, then your return would be 15 percent minus 35 percent of 15 percent—or only 9.75 percent per year compounded. So the difference there is over 3.5 percent. And what 3.5 percent does to the numbers over long holding periods like 30 years is truly eye-opening. If you sit on your ass for long, long stretches in great companies, you can get a huge edge from nothing but the way income taxes work.",1994,"Munger Talks (PCA)/Talk 02 - A Lesson on Elementary Worldly Wisdom (USC, 1994-04-14).txt",THE TAX-DEFERRAL EDGE QUANTIFIED - 15%/30yr taxed once at the end keeps 13.3%/yr vs 9.75% taxed annually: over 3.5 points from sitting still - WITH its counterweight: over-minimizing taxes is a standard dumb mistake,Q6 (binds trigger 2 with E2-46); Q5 ranking,"Register P-25. Talk 02:401-413; the counterweight at 407: 'trying to minimize taxes too much is one of the great standard causes of really dumb mistakes. I see terrible mistakes from people being overly motivated by tax considerations.' Both directions bind: the switch must clear the deferral penalty [E2-46], AND tax must never veto a right decision - the corpus's own 2024 Apple trim and the ASML 2026-08-28 exit both paid the tax when the view crystallized [E2-40]."
E3-65,E3,"we bought it at about 20 percent of the value to a private owner. So we bought it on a Ben Graham-style basis—at one-fifth of obvious value—and, in addition, we faced a situation where you had both the top hand in a game that was clearly going to end up with one winner and a management with a lot of integrity and intelligence. That one was a real dream. They’re very high-class people, the Katharine Graham family. That’s why it was a dream—an absolute, damn dream.",1994,"Munger Talks (PCA)/Talk 02 - A Lesson on Elementary Worldly Wisdom (USC, 1994-04-14).txt","THE DREAM PURCHASE - Washington Post at 20% of private-owner value, PLUS the top hand in a game with one winner, PLUS integrity-and-intelligence management",Q5 bars (calibration: what a screamer actually looked like),Register P-14. Talk 02:427-431. Calibrates the price discipline's range: E3-26's ~60%-of-value ceiling is the OUTER bound of buyable; the fortunes were made at one-fifth of obvious value with the structure and the managers aligned. Talk 09:143-47 companion not re-read this pass. A run reporting 'price at 95% of generous value' is nowhere near the class that built the record.
E3-66,E3,"the culture and legal systems of the United States are especially favorable to shareholder interests compared to other interests and compared to most other countries. Indeed, there are many other countries where any good going to public shareholders has a very low priority and almost every other constituency stands higher in line. This factor, I think, is under-weighed at many investment institutions, probably because it does not easily lead to quantitative thinking using modern financial technique. But some important factor doesn’t lose share of force just because some “expert” can better measure other types of force.",1998,Munger Talks (PCA)/Talk 06 - Investment Practices of Leading Charitable Foundations (1998-10-14).txt,JURISDICTION - where public shareholders stand in the queue; under-weighed 'because it does not easily lead to quantitative thinking'; a factor loses no force for being unmeasurable,Q4 staying power (foreign names); Q1 (what the analyst must understand),"Register P-22. Talk 06:93-99 ('there are many other countries where any good going to public shareholders has a very low priority and almost every other constituency stands higher in line'). PCA artifact: a name is cut at 93 ('I agree with [cut] that the culture...'). Directly live for the JPY holdings: a Japanese governance read is part of Q4 for NCLTY/MITSY, and the unsponsored-ADR layer (NHNKY) adds a queue position of its own."
E3-67,E3,"the total cost of all the investment management, plus the frictional costs of fairly often getting in and out of many large investment positions, can easily reach 3 percent of foundation net worth per annum if foundations, urged on by consultants, add new activity year after year. This full cost doesn’t show up in conventional accounting. But that is because accounting has limitations and not because the full cost isn’t present.",1998,Munger Talks (PCA)/Talk 06 - Investment Practices of Leading Charitable Foundations (1998-10-14).txt,"THE CROUPIERS' TAKE - management plus frictional costs of getting in and out 'can easily reach 3 percent per annum'; invisible to accounting, inescapable in aggregate",Q6 (a switch's gross spread must clear friction too); Q5,"Register P-24. Talk 06:19-25; the arithmetic at 23-25: at 5% gross real returns, 3% of croupiers' take plus 5% donations shrinks the foundation 3%/yr - 'exactly half of the investors will get a result below the median result after the croupiers' take.' Talk 07:71-77 companion not re-read this pass. With E2-46 (tax) and E4-45 (threshold): the full switching bar is tax + friction + a material gap."
E3-68,E3,"His formal education is wide enough to cover practically everything useful in piloting. His knowledge of practically everything needed by pilots is not taught just well enough to enable him to pass one test or two; instead, all his knowledge is raised to practice-based fluency, even in handling two or three intertwined hazards at once. Like any good algebraist, he is made to think sometimes in a forward fashion and sometimes in reverse, and so he learns when to concentrate mostly on what he wants to happen and also when to concentrate mostly on avoiding what he does not want to happen. His training time is allocated among subjects so as to minimize damage from his later malfunctions, and so what is most important in his performance gets the most training coverage and is raised to the highest fluency levels. Checklist routines are always mandatory for him. Even after original training, he is forced into a special knowledge maintenance routine: regular use of the aircraft simulator to prevent atrophy through long disuse of skills needed to cope with rare and important problems.",1998,"Munger Talks (PCA)/Talk 05 - The Need for More Multidisciplinary Skills (Harvard Law 50th Reunion, 1998-04-24).txt","CHECKLISTS MANDATORY, SIMULATOR MAINTENANCE OBLIGATORY - the six-element pilot system: 'Checklist routines are always mandatory'; skills atrophy without 'regular use of the aircraft simulator'",Operator method (the flags/self-audit ARE checklists; calibration cases ARE the simulator),"Register P-16 + P-30 (one passage, both claims). Talk 05:49-61. Resolves the claimed tension with the no-formulas rule [E5-43]: checklists are for COVERAGE (never miss a hazard class); formulas are for DECISIONS (and manufacture wanted answers) - the corpus mandates the first and refuses the second. The simulator obligation is the standing re-run discipline: worked calibration cases (Citigroup 2007, Coca-Cola 1988, the MS section 8 table) exist to be re-flown. Talk 11:687-93 companion not re-read this pass."
E4-50,E4,"A wiser board would then have bought in Quant Tech’s stock very aggressively, using up all cash on hand and also borrowing funds to use in the same way.",2000,Munger Talks (PCA)/Talk 08 - The Great Financial Scandal of 2003 (written 2000).txt,"THE IDEAL BUYBACK - at a genuinely cheap price the wiser board buys 'very aggressively, using up all cash on hand and also borrowing funds'",Q3 buybacks (scope on condition 1: borrowing capacity counts at a real discount),"Register P-10. Talk 08:43 (the Quant Tech parable, written 2000; the fictional wiser-board counterfactual at 15x earnings in a high-rate year). Confirms E4-31's 1999 clause ('cash plus sensible borrowing capacity') from Munger's side: at a true discount, aggression including sensible borrowing is the rational course - the condition-2 discount does the licensing, never the borrowing itself."
E4-51,E4,I have what I call an iron prescription that helps me keep sane when I drift toward preferring one intense ideology over another. I feel that I’m not entitled to have an opinion unless I can state the arguments against my position better than the people who are in opposition. I think that I am qualified to speak only when I’ve reached that state.,2007,Munger Talks (PCA)/Talk 10 - USC Gould School of Law Commencement (2007-05-13).txt,THE IRON PRESCRIPTION - 'I'm not entitled to have an opinion unless I can state the arguments against my position better than the people who are in opposition',Verdict discipline (an IN owes the opposing case); operator rule 9,"Register P-23. Talk 10:121. Talk 11:293 and 677 companions not re-read this pass. Operational form already half-present in the framework (hunt disconfirming evidence hardest for the favourite hypothesis, E4-26); this row sets the BAR: the bear case must be stated well enough that its holders would accept the statement. A run file's 'the named way it dies' section is the iron prescription's written artifact."
E4-52,E4,"Lollapalooza tendency—the tendency to get extreme consequences from confluences of psychological tendencies acting in favor of a particular outcome This tendency was not in any of the psychology texts I once examined, at least in any coherent fashion, yet it dominates life.",2005,Munger Talks (PCA)/Talk 11 - The Psychology of Human Misjudgment (PCA revised).txt,"LOLLAPALOOZA - extreme consequences from CONFLUENCES of tendencies acting toward one outcome; absent from the textbooks, 'yet it dominates life'","Q3 flags (converging flags are a different event, not a sum); Q2 [E4-36]","Register P-26. Talk 11:763-765. Flag arithmetic: one fired flag is a prompt to read; several firing TOGETHER toward the same outcome (weak accounting + trumpeted projections + serial issuance + stock-price targeting) are a confluence, and the read must treat them as one reinforcing system - E4-22's cockroach doctrine squared. Same mechanism as E4-36's nonlinear-combination cause of success, running in reverse."
E4-53,E4,"Proper allocation of capital is an investor’s number one job. Remember that the highest and best use is always measured by the next best use (opportunity cost). Good ideas are rare—when the odds are greatly in your favor, bet (allocate) heavily.",2005,"Munger Talks (PCA)/99 - End Matter (talk revisits, highlights, index).txt","THE ANALYST'S OWN ALLOCATION - capital allocation is the INVESTOR'S number one job too; highest use measured by next-best use; when odds are greatly favorable, bet heavily",Q5 (the operator audited by the same standard as the CEO); E3-45/E2-62,"Register P-29. PCA End Matter lines 605-609 (the book's distilled investing principles - shelf material, editorial distillation rather than transcribed speech; labelled as such). Closes the loop the MS opens: every test this framework runs on a CEO's allocation (E2-29, E3-58, E3-54) applies to the operator's own portfolio decisions, and the register of runs is the operator's own record."
E1-18,E1,"My self-imposed standard limit regarding borrowing is 25% of partnership net worth, although something extraordinary could result in modifying this for a limited period of time.",1963,Partnership Letters/1963-01-18 Partnership Letter.txt,"THE OPERATOR'S OWN LEVERAGE CEILING - a self-imposed 25%-of-net-worth borrowing limit, and the borrowing only against hedged work-outs","Q4 leverage (scopes the no-ratio claim: the corpus supplies no COMPANY screen, but does supply the operator's own ceiling); operator discipline","Register P-13. 1963-01-18 letter lines 252-254; restated 1962-01-24:202 ('standard limit regarding borrowing is 25% of partnership net worth. Oftentimes we owe no money'). Context: the loans 'were to offset work-outs' - hedged, not directional. Corrects v4's absence claim in scope: no leverage ratio exists for judging SUBJECT companies; a number does exist for the analyst's own account, and it is conservative."
E2-66,E2,"SAFECO is a much better insurance operation than our own (although we believe certain segments of ours are much better than average), is better than one we could develop and, similarly, is far better than any in which we might negotiate purchase of a controlling interest. Yet our purchase of SAFECO was made at substantially under book value. We paid less than 100 cents on the dollar for the best company in the business, when far more than 100 cents on the dollar is being paid for mediocre companies in corporate transactions. And there is no way to start a new operation - with necessarily uncertain prospects - at less than 100 cents on the dollar. Of course, with a minor interest we do not have the right to direct or even influence management policies of SAFECO. But why should we wish to do this? The record would indicate that they do a better job of managing their operations than we could do ourselves. While there may be less excitement and prestige in sitting back and letting others do the work, we think that is all one loses by accepting a passive participation in excellent management. Because, quite clearly, if one controlled a company run as well as SAFECO, the proper policy also would be to sit back and let management do its job.",1978,Shareholder Letters/1978 Letter.txt,"PASSIVE PARTICIPATION IN EXCELLENT MANAGEMENT - better than one we could build or buy control of, bought under book; 'sitting back' loses only excitement and prestige","Q3 (manager quality as a written thesis; the non-control stance chosen, not settled for)","Register L1-5. 1978 letter lines 426-447 ('We paid less than 100 cents on the dollar for the best company in the business, when far more than 100 cents on the dollar is being paid for mediocre companies in corporate transactions'). The corollary sentence closes it: even WITH control, the proper policy for a SAFECO-quality operation 'would be to sit back and let management do its job.' E4-49's exit-over-engagement doctrine, stated from the happy side."
E2-67,E2,"It is important that you understand the magnitude of the errors that have been involved in our reserving. You can thus see for yourselves just how imprecise the process is, and also judge whether we may have some systemic bias that should make you wary of our current and future figures.",1984,Shareholder Letters/1984 Letter.txt,"THE PUBLISHED SELF-RESTATEMENT - a table of one's own reserving errors, offered so owners can 'judge whether we may have some systemic bias'",Q3 candor (the positive pole; what E2-26 looks like when performed),"Register L1-25. 1984 letter lines 823-829; the table at 841-855 restates four years of reported underwriting results against corrected figures, and 863-865 names the direction: 'my errors in reporting to you have been substantial and recently have always presented a better underwriting picture than was truly the case.' A filer publishing its own error table WITH direction is the strongest candor evidence the shelf contains; its absence in a reserve-driven filer [E2-50] is the read."
E2-68,E2,"You learn a great deal about a person when you purchase a business from him and he then stays on to run it as an employee rather than as an owner. Before the purchase the seller knows the business intimately, whereas you start from scratch. The seller has dozens of opportunities to mislead the buyer - through omissions, ambiguities, and misdirection. After the check has changed hands, subtle (and not so subtle) changes of attitude can occur and implicit understandings can evaporate. As in the courtship-marriage sequence, disappointments are not infrequent. From the time we first met, Gene shot straight 100% of the time - the only behavior pattern he had within him. At the outset of negotiations, he laid all negative factors face up on the table",1980,Shareholder Letters/1980 Letter.txt,"THE SELLER-STAYS-ON TEST - dozens of opportunities to mislead 'through omissions, ambiguities, and misdirection'; the clean case lays negatives face up",Q3 (conduct read across an information asymmetry),"Register L1-33. 1980 letter lines 887-900, the Gene Abegg tribute ('shot straight 100% of the time... for years after the transaction was completed he would tell me periodically of some previously undiscussed items of value'). Public-market form: management's disclosure conduct when THEY hold the information advantage - guidance at issuance, reserve-setting, deal proxies - is the same test."
E2-69,E2,"Because we made this choice of unaudited but current figures, as opposed to the alternative of audited but far from current figures, Peat, Marwick, Mitchell & Co. were unable to express an opinion on our 1973 earnings attributable to Blue Chip Stamps.",1973,Shareholder Letters/1973 Letter.txt,THE CANDOR-DIRECTION QUALIFIER - Berkshire accepted an auditor's scope disclaimer to report CURRENT reality over stale audited figures; deviation toward candor is not the flag,Q3 flags (qualifies flag one: judge the DIRECTION of an accounting deviation),"Register L1-24. 1973 letter line 56. The opposite direction is 1984:925-932 (verified): 'external auditors cannot effectively police... the corpse is supposed to file the death certificate. Under this honor system of mortality, the corpse sometimes gives itself the benefit of the doubt.' A deviation disclosed, reasoned, and against self-interest is candor; one that flatters the filer is the flag."
E2-70,E2,"Insurance companies offer standardized policies which can be copied by anyone. Their only products are promises. It is not difficult to be licensed, and rates are an open book. There are no important advantages from trademarks, patents, location, corporate longevity, raw material sources, etc., and very little consumer differentiation to produce insulation from competition. It is commonplace, in corporate annual reports, to stress the difference that people make. Sometimes this is true and sometimes it isn’t. But there is no question that the nature of the insurance business magnifies the effect which individual managers have on company performance.",1977,Shareholder Letters/1977 Letter.txt,"UNDIFFERENTIATED PRODUCT MAGNIFIES MANAGERS - 'their only products are promises'; no trademark, patent, location or longevity advantage; the manager IS the variance","Q3 weight rule (the daily-execution determinant's earliest statement, 1977)","Register L1-6. 1977 letter lines 211-222. Not a fourth weight determinant - the FIRST statement of the one E3-38/E3-43 made canonical: where the product cannot differ, management differences set the outcome, so Q3 weighs more the nearer the business sits to commodity. Completes the arc: 1977 insurance, 1982 the commodity equation [E2-58], 1990 the bank version [E3-29], 1995 retail [E3-38]."
E2-71,E2,Our evaluation of the integrity of Mrs. B and her family was demonstrated when we purchased 90% of the business: NFM had never had an audit and we did not request one; we did not take an inventory nor verify the receivables; we did not check property titles. We gave Mrs. B a check for $55 million and she gave us her word. That made for an even exchange.,1984,Shareholder Letters/1984 Letter.txt,"THE ZERO-VERIFICATION PURCHASE - no audit, no inventory count, no receivables check, no title search: $55 million against her word",Q3 calibration (the private-deal branch; what a DEMONSTRATED record can license),"Register L1-11. 1984 letter lines 379-384 ('sell cheap and tell the truth', line 377). Scope, stated: this licenses nothing for public-market runs - the filing remains mandatory [E3-27]. NFM was a control purchase after years of observed conduct in one city; the verification standard scaled with a record the buyer had watched directly. The row exists to mark the branch, not to open it."
E2-72,E2,"But when you do receive a communication from us, it will come from the fellow you are paying to run the business. Your Chairman has a firm belief that owners are entitled to hear directly from the CEO as to what is going on and how he evaluates the business, currently and prospectively. You would demand that in a private company; you should expect no less in a public company. A once-a-year report of stewardship should not be turned over to a staff specialist or public relations consultant who is unlikely to be in a position to talk frankly on a manager- to-owner basis.",1979,Shareholder Letters/1979 Letter.txt,THE CEO WRITES THE LETTER - 'owners are entitled to hear directly from the CEO'; stewardship reporting is not delegated to specialists or PR consultants,Q3 candor (authorship as a tell; MS section 5),"Register L1-34. 1979 letter lines 698-707 ('You would demand that in a private company; you should expect no less in a public company'). Read form: does the shareholder letter engage the business's actual economics and mistakes, or is it a communications product? Pairs with E2-26 (positions-reversed test) and E2-67 (the self-restatement)."
E2-73,E2,"the managers of the units should be judged by the returns they achieve on the underlying assets; what we pay for a business does not affect the amount of capital its manager has to work with. (If, to become a shareholder and part owner of Commerce Clearing House, you pay, say, six times book value, that does not change CCH's return on equity.)",1987,Shareholder Letters/1987 Letter.txt,THE UNDERLYING-ASSETS DENOMINATOR - managers judged on returns on the assets they operate; 'what we pay for a business does not affect the amount of capital its manager has to work with',"Q3 primary test (denominator scoping, with E2-43); Q5 [E5-42]","Register L2-25. 1987 letter lines 77-84 (the CCH six-times-book example). Companions verified: 1985:770-773 ('in some our managers enjoy tailwinds not of their own making, in others they fight unavoidable headwinds') and 1988:115-120 (question three of what reporting must answer: 'How good a job are its managers doing, given the hand they have been dealt?'). Three denominators now scoped: book equity [E2-01], unleveraged net tangible [E2-43], underlying assets ex-purchase-premium [E2-73] - pick by what question is being asked."
E2-74,E2,"we had no major common stock investments (that is, over $50 million) other than those we consider permanent or arbitrage holdings. However, Mr. Market will offer us opportunities - you can be sure of that - and, when he does, we will be willing and able to participate. o In the meantime, our major parking place for money is medium-term tax-exempt bonds",1987,Shareholder Letters/1987 Letter.txt,"THE PARKING PLACE - between opportunities, money waits in permanent holdings, arbitrage and bonds; the box exists so cash pressure never bends the standards",Q5 (the 'or nothing' option has a location); operator discipline,"Register L2-26. 1987 letter lines 1120-1128; companions located: 1985:1332 ('in effect, a parking place for money'), 1986:913. 'Mr. Market will offer us opportunities - you can be sure of that - and, when he does, we will be willing and able to participate.' The ranking's nothing-option [E4-21] is not idleness; it is parked, liquid, and waiting - which is what makes the standards enforceable."
E3-69,E3,"what should the measure of an insurer's profitability be? Analysts and managers customarily look to the combined ratio - and it's true that this yardstick usually is a good indicator of where a company ranks in profitability. We believe a better measure, however, to be a comparison of underwriting loss to float developed. This loss/float ratio, like any statistic used in evaluating insurance results, is meaningless over short time periods: Quarterly underwriting figures and even annual ones are too heavily based on estimates to be much good. But when the ratio takes in a period of years, it gives a rough indication of the cost of funds generated by insurance operations. A low cost of funds signifies a good business; a high cost translates into a poor business.",1990,Shareholder Letters/1990 Letter.txt,"COST OF FLOAT - the insurer's measure is underwriting loss against float developed, over YEARS; 'a low cost of funds signifies a good business'",Q4 sector method (insurers; with E2-61); Q2,"Register L2-29. 1990 letter lines 243-247, with the full 1967-on table following (cost of funds beside the year's long-bond yield - the sovereign comparison built into the corpus's own table). 1993:526-539 companion not re-read this pass. The insurer run's owner-earnings analogue: float growth at negative-to-low cost, judged multi-year, never quarterly ('too heavily based on estimates to be much good')."
E3-70,E3,"When we consider investing in an option- issuing company, we make an appropriate downward adjustment to reported earnings, simply subtracting an amount equal to what the company could have realized by publicly selling options of like quantity and structure. Similarly, if we contemplate an acquisition, we include in our evaluation the cost of replacing any option plan. Then, if we make a deal, we promptly take that cost out of hiding.",1998,Shareholder Letters/1998 Letter.txt,"THE SBC MEASURE - subtract 'what the company could have realized by publicly selling options of like quantity and structure'; market value, not the accounting charge",Q4 owner earnings (sharpens E5-06: the subtraction's measure),"Register L2-19. 1998 letter lines 644-648; the passage answers the objections (forfeiture and tax deduction offset by repricing, 650-656) and quantifies: revisions 'frequently cut the reported per-share figures by 5%, with 10% not all that uncommon,' sometimes changing the decision itself (663-666). Where SBC is material, the market-equivalent value governs, and the reported charge is the floor of the subtraction, not the measure."
E3-71,E3,"Thus, if the value of the advantage from the interest-free tax-deferral """"loan'' present was $25 per Wesco share at yearend 1997, and after-tax liquidating value was then about $248 per share (�gures that seem rational to the writer), Wesco's intrinsic value per share would become about $273 per share at yearend 1997, up 39% from intrinsic value as guessed in a similar calculation at the end of 1996. And, �nally, this reasonable-to-this-writer, $273-per-share �gure for intrinsic per share value of Wesco stock should be compared with the $300 per share price at which Wesco stock was selling on December 31, 1997. This comparison indicates that Wesco stock was then selling about 10% above intrinsic value.",1997,Wesco Letters (Munger)/1997 Wesco Letter.txt,"THE ASSET-PLUS-FLOAT VALUATION, WORKED - liquidating value plus the deferred-tax interest-free-loan advantage; Munger publishes his own IV against the quote and calls his stock 10% over",Q5 sector method (holding companies with float/deferred taxes); Q3 candor,"Register P-2 + P-28 (one passage carries both: the method and the deferred-tax haircut - the liability valued as an interest-free loan's ADVANTAGE, ~$25/share, never at face and never at zero). Wesco 1997 letter lines 412-429; method statement at 412-417. Not a third book: a sector method for float-bearing holding companies, inside ONE BOOK's yield-and-asset practice. The candor datum is extreme: a chairman printing that his own stock trades above his own value estimate. Source artifacts: doubled quote marks and fi/ff ligatures rendered as replacement characters; stored as-extracted."
E4-54,E4,"Why in the world would a company be assuming 7.5% when it could get nearly 10.5% on government bonds? The answer is that rear-view mirror again: Investors who'd been through the collapse of the Nifty Fifty in the early 1970s were still feeling the pain of the period and were out of date in their thinking about returns. They couldn't make the necessary mental adjustment. Now fast-forward to 2000, when we had long-term governments at 5.4%. And what were the four companies saying in their 2000 annual reports about expectations for their pension funds? They were using assumptions of 9.5% and even 10%. I'm a sporting type, and I would love to make a large bet with the chief financial officer of any one of those four companies, or with their actuaries or auditors, that over the next 15 years they will not average the rates they've postulated. Just look at the math, for one thing. A fund's portfolio is very likely to be one-third bonds, on which--assuming a conservative mix of issues with an appropriate range of maturities--the fund cannot today expect to earn much more than 5%. It's simple to see then that the fund will need to average more than 11% on the two-thirds that's in stocks to earn about 9.5% overall. That's a pretty heroic assumption, particularly given the substantial investment expenses that a typical fund incurs.",2001,Fortune Essays (Buffett)/2001 - Warren Buffett on the Stock Market.txt,THE PENSION TEST - assumed return read against the OBSERVED bond (7.5% assumed at 10.5% bonds = stale; 9.5% assumed at 5.4% bonds = heroic); restate earnings when heroic,Q3 flags (operationalizes E4-22's fanciful-pension-assumptions clause),"Register L3-24. Fortune 2001 lines 359-377, with the arithmetic: a one-third bond portfolio earning ~5% forces the equity two-thirds to clear 11% for a 9.5% blended assumption - 'a pretty heroic assumption, particularly given the substantial investment expenses.' Mechanical form: compare the filed expected-return assumption to the run's own dated sovereign; a spread of several points in the flattering direction fires, and the earnings restate."
E4-55,E4,"In 2006, Precision Steel's service center volume was 46 million pounds, down from 69 million pounds sold as recently as 1999. This decline in physical volume is a serious reverse, not likely to disappear in some """"bounce back'' e�ect. Nor do we expect another sharp rise in prices like the approximately 40% rise that recently occurred, holding dollar volume roughly level despite a precipitous drop in physical volume.",2006,Wesco Letters (Munger)/2006 Wesco Letter.txt,PHYSICAL UNIT VOLUME IS THE MONITORING SERIES - pounds fell 69M to 46M while price rises held dollar revenue level; the pounds told the truth,Q6 monitoring (the E4-32 widening metric made physical); Q4,"Register P-18. Wesco 2006 letter lines 282-287 ('This decline in physical volume is a serious reverse, not likely to disappear in some bounce back effect'); the same passage recurs across the 2007-2009 letters - a monitoring series maintained for years in print. Where units exist, monitor units: dollar revenue flattered by pricing is how a shrinking franchise hides. The HRB volume tripwire and TBTC installed-base finding (both 2026-08-28) are this row applied. Ligature artifacts in source stored as-is."
E5-44,E5,The intrinsic value of the shares you give in an acquisition must not be greater than the intrinsic value of the business you receive.,2014,Special Letters/2014 Warren Buffett - Past Present Future.txt,"VALUE GIVEN vs VALUE RECEIVED - shares issued in a deal are priced at intrinsic value, and what is given must not exceed what is received",Q3 capital allocation (stock deals); with E5-15 (serial issuance),"Register L3-17. 2014 Special letter lines 192-195 ('Too often CEOs seem blind to an elementary reality'); the surrounding passage notes Berkshire suffered this as a shareholder 'with the errors sometimes occurring while I was serving as a director.' An Owner's Manual Principle 10 is the standing form ('We will issue common stock only when we receive as much in business value as we give'). Deal test: measure the acquirer's shares at IV, not at quote, and the premium paid in undervalued paper is larger than it looks."
E5-45,E5,"My successor will need one other particular strength: the ability to fight off the ABCs of business decay, which are arrogance, bureaucracy and complacency. When these corporate cancers metastasize, even the strongest of companies can falter. The examples available to prove the point are legion, but to maintain friendships I will exhume only cases from the distant past. In their glory days, General Motors, IBM, Sears Roebuck and U.S. Steel sat atop huge industries. Their strengths seemed unassailable. But the destructive behavior I deplored above eventually led each of them to fall to depths that their CEOs and directors had not long before thought impossible. Their one-time financial strength and their historical earning power proved no defense.",2014,Special Letters/2014 Warren Buffett - Past Present Future.txt,"THE ABCs OF BUSINESS DECAY - arrogance, bureaucracy, complacency; when they metastasize, 'even the strongest of companies can falter'; strength and history are no defense",Q3 (decay vectors beyond loss-of-focus and integrity); Q6 monitoring,"Register L3-10. 2014 Special letter lines 633-641, naming GM, IBM, Sears Roebuck and U.S. Steel - 'Their one-time financial strength and their historical earning power proved no defense.' Extends the two damage vectors (E3-40 loss of focus, E2-31 integrity) with the slow institutional third; its tells are the E2-30 imperative behaviours aging in place. 'Only a vigilant and determined CEO can ward off such debilitating forces.'"
E5-46,E5,"The first component of value is our investments: stocks, bonds and cash equivalents. At yearend these totaled $158 billion at market value. Insurance float � money we temporarily hold in our insurance operations that does not belong to us � funds $66 billion of our investments. This float is ""free"" as long as insurance underwriting breaks even, meaning that the premiums we receive equal the losses and expenses we incur. Of course, underwriting results are volatile, swinging erratically between profits and losses. Over our entire history, though, we've been significantly profitable, and I also expect us to average breakeven results or better in the future. If we do that, all of our investments � those funded both by float and by retained earnings � can be viewed as an element of value for Berkshire shareholders.",2010,Shareholder Letters/2010 Letter.txt,"THE FIRST COMPONENT OF A FLOAT-BEARING COMPANY'S VALUE IS THE INVESTMENTS THEMSELVES - float 'does not belong to us', funds them, and is free ONLY on a breakeven-underwriting condition that is volatile year to year","Q5 sector method for insurers and float-bearing holding companies; Q4 (the condition is underwriting, not cash)","2010 letter lines 293-302. The corpus's own answer to the question this project had never faced: for an insurer, owner earnings is NOT the whole valuation - the investments are a component of value in their own right, and float enters as the FUNDING of that component rather than as an earnings stream. Note the condition is stated twice and hedged both times ('as long as ... breaks even'; 'underwriting results are volatile, swinging erratically'), which is why E5-49's decade-averaging companion is required and why E3-69's loss/float ratio is judged over years. Pairs with E3-52 (liabilities without covenants or due dates) and E3-71 (Munger's worked asset-plus-float calculation). ARTIFACT: the U+FFFD characters stand where em dashes belong in the source file; preserved unsmoothed per PRIME RULE 1."
E5-47,E5,"Berkshire's second component of value is earnings that come from sources other than investments and insurance underwriting. These earnings are delivered by our 68 non-insurance companies, itemized on page 106. In Berkshire's early years, we focused on the investment side. During the past two decades, however, we've increasingly emphasized the development of earnings from non-insurance businesses, a practice that will continue.",2010,Shareholder Letters/2010 Letter.txt,THE SECOND COMPONENT IS EARNINGS FROM SOURCES OTHER THAN INVESTMENTS AND INSURANCE UNDERWRITING - the operating businesses valued separately from the securities portfolio,Q5 sector method; Q1 (the perimeter of what is being valued),"2010 letter lines 304-308. The two-business method the HOG run of 2026-08-31 reached independently for a manufacturer with a captive finance arm is the corpus's OWN method for Berkshire, stated twenty-five years earlier. Amended by the filer in 2015 to INCLUDE insurance underwriting income in the second factor [E5-48] - a published change of method, with its reason given."
E5-48,E5,"Here is an update of the two quantitative factors: In 2015 our per-share cash and investments increased 8.3% to $159,794 (with our Kraft Heinz shares stated at market value), and earnings from our many businesses � including insurance underwriting income � increased 2.1% to $12,304 per share. We exclude in the second factor the dividends and interest from the investments we hold because including them would produce a double-counting of value. In arriving at our earnings figure, we deduct all corporate overhead, interest, depreciation, amortization and minority interests. Income taxes, though, are not deducted. That is, the earnings are pre-tax. I used the italics in the paragraph above because we are for the first time including insurance underwriting income in business earnings. We did not do that when we initially introduced Berkshire's two quantitative pillars of",2015,Shareholder Letters/2015 Letter.txt,"THE ANTI-DOUBLE-COUNTING RULE AND THE PRE-TAX CONVENTION - dividends and interest are EXCLUDED from the earnings factor because counting them beside the investments that produce them counts the same value twice; overhead, interest, D&A and minority interests ARE deducted; income taxes are NOT",Q5 sector method (the arithmetic rule that makes it addable),"2015 letter lines 382-390. This is the row that makes the two components ADDABLE rather than merely adjacent, and it is the trap any insurer run would otherwise fall into: investment income sits inside an insurer's reported operating cash flow, so adding a cash yield to a portfolio value counts the portfolio twice. The passage also records the filer CHANGING ITS OWN METHOD in public - underwriting income was newly included in 2015 - which is E2-67's published-self-restatement standard applied to a valuation method rather than to reserves. ARTIFACT: U+FFFD for em dashes; preserved."
E5-49,E5,"paragraph of this section. Over the past decade, annual underwriting income has averaged $1,434 per share, and we anticipate being profitable in most years. You should recognize, however, that underwriting in any given year could well be unprofitable, perhaps substantially so.",2015,Shareholder Letters/2015 Letter.txt,"UNDERWRITING INCOME IS STATED AS A DECADE AVERAGE WITH THE SINGLE-YEAR WARNING ATTACHED - 'underwriting in any given year could well be unprofitable, perhaps substantially so'","Q5 sector method; Q4 (the loss year is expected, not a break)","2015 letter lines 399-402. The multi-year-mean discipline owner earnings already requires, restated by the filer for the one line item where a single year is least meaningful. Companion to E3-69, which says the loss/float ratio 'is meaningless over short time periods' because quarterly and even annual figures are 'too heavily based on estimates'. Together these two forbid a one-year insurer yield in either direction."
E5-50,E5,"There is a third, more subjective, element to an intrinsic value calculation that can be either positive or negative: the efficacy with which retained earnings will be deployed in the future. We, as well as many other businesses, are likely to retain earnings over the next decade that will equal, or even exceed, the capital we presently employ. Some companies will turn these retained dollars into fifty-cent pieces, others into two-dollar bills. This ""what-will-they-do-with-the-money"" factor must always be evaluated along with the ""what-do-we-have-now"" calculation in order for us, or anybody, to arrive at a sensible estimate of a company's intrinsic value. That's because an outside investor stands by helplessly as management reinvests his share of the company's earnings. If a CEO can be expected to do this job well, the reinvestment prospects add to the company's current value; if the CEO's talents or motives are suspect, today's value must be discounted. The difference in outcome can be huge. A dollar of then-value in the hands of Sears Roebuck's or Montgomery Ward's CEOs in the late 1960s had a far different destiny than did a dollar entrusted to Sam Walton.",2010,Shareholder Letters/2010 Letter.txt,"THE THIRD, SUBJECTIVE ELEMENT - 'the efficacy with which retained earnings will be deployed in the future'; the 'what-will-they-do-with-the-money' factor must ALWAYS be evaluated beside the 'what-do-we-have-now' calculation, and it can be NEGATIVE","Q5 sector method (the third element of the calculation); Q3 (the allocator's record is priced, not assumed)","2010 letter lines 348-359. Named as an element OF THE VALUATION, not as a separate gate, and explicitly two-sided: 'today's value must be discounted' where 'the CEO's talents or motives are suspect'. This is what stops the two-component method from being a book-value exercise - a pile of investments plus operating earnings is only worth its sum if the retained dollars are turned into two-dollar bills rather than fifty-cent pieces. Companion to E3-54 (the retention test: $1 of market value per $1 retained, five-year rolling), which is the same idea expressed as a measurement rather than a judgment. Verified companion reference: the same passage is reproduced by the filer in the 2012, 2013, 2014 and 2015 letters as 'the three elements - one of them qualitative'."
E4-56,E4,"Think airlines. Here a durable competitive advantage has proven elusive ever since the days of the Wright Brothers. Indeed, if a farsighted capitalist had been present at Kitty Hawk, he would have done his successors a huge favor by shooting Orville down. The airline industry's demand for capital ever since that first flight has been insatiable. Investors have poured money into a bottomless pit, attracted by growth when they should have been repelled by it. And I, to my shame, participated in this foolishness when I had Berkshire buy U.S. Air preferred stock in 1989. As the ink was drying on our check, the company went into a tailspin, and before long our preferred dividend was no longer being paid. But we then got very lucky. In one of the recurrent, but always misguided, bursts of optimism for airlines, we were actually able to sell our shares in 1998 for a hefty gain. In the decade following our sale, the company went bankrupt. Twice.",2007,Shareholder Letters/2007 Letter.txt,THE AIRLINE VERDICT AS A FRANCHISE STATEMENT - 'a durable competitive advantage has proven elusive ever since the days of the Wright Brothers'; capital demand 'insatiable'; the USAir position named as the author's own error,Q2 franchise (durability); Q4 great/good/gruesome; Q3 the analyst's own incentives,"Lines 409-420 of the 2007 letter. RESTORED 2026-09-07 BY THE DAL RUN, which needed the corpus's airline verdict AT Q2 and found that E4-20's quoted text - taken from the same paragraph - elides exactly the clause that makes it a franchise statement: E4-20 runs 'Think airlines. [...] Investors have poured money into a bottomless pit', cutting 'Here a durable competitive advantage has proven elusive ever since the days of the Wright Brothers' and the whole USAir confession. E4-20 therefore supports only the Q4 great/good/gruesome test, and a run reaching for the corpus's airline verdict at Q2 had no ledger row to cite. This is the SECOND instance of the same defect class: E4-29 was likewise 'previously dropped by v4's own ellipsis' from the 2002 passage. E4-20 is NOT edited (operator rule 6 - no editing history); this row is added beside it. Note also what the passage does NOT say: it does not say every airline earns nothing, and it records that Berkshire sold USAir 'for a hefty gain' - the durability claim is about the ADVANTAGE, not about any single year's profit. The self-implicating clause ('I, to my shame, participated in this foolishness') is the E4-27/E3-41 antidote practised on the author's own position."
E4-57,E4,"This explains, by the way, why we don't own stocks of tech companies, even though we share the general view that our society will be transformed by their products and services. Our problem -- which we can't solve by studying up -- is that we have no insights into which participants in the tech field possess a truly durable competitive advantage.",1999,Shareholder Letters/1999 Letter.txt (lines 804-807),"NO TECH INSIGHT IS THE STATED REASON FOR THE EXCLUSION - not a view that the industry has no future ('we share the general view that our society will be transformed by their products and services') but an admission of no insight into WHICH participants hold a durable advantage, and one that studying cannot fix","Q2 franchise ([E4-04] scope); Q1 circle of competence; verdict machinery (UNKNOWABLE, not OUT)","Added 2026-09-20 from the corpus search on [E4-04] and banks. The 1999 letter's own words for what [E4-04] would state as a rule eight years later. Note the shape of the sentence: the object of the doubt is the analyst's insight, not the businesses. 'Our problem -- which we can't solve by studying up' is the corpus distinguishing an UNKNOWABLE from an UNRESEARCHED in one clause: no document would resolve it, so the file closes rather than waits."
E4-58,E4,"If we have a strength, it is in recognizing when we are operating well within our circle of competence and when we are approaching the perimeter. Predicting the long-term economics of companies that operate in fast-changing industries is simply far beyond our perimeter. If others claim predictive skill in those industries -- and seem to have their claims validated by the behavior of the stock market -- we neither envy nor emulate them. Instead, we just stick with what we understand.",1999,Shareholder Letters/1999 Letter.txt (lines 816-820),THE PERIMETER - the strength claimed is recognising where the circle ends; 'Predicting the long-term economics of companies that operate in fast-changing industries is simply far beyond our perimeter'; others' apparently validated predictive skill is 'neither envied nor emulated',Q1 circle of competence; Q2 franchise ([E4-04] scope); operator discipline (a closed file is not a loss),"Added 2026-09-20 from the corpus search on [E4-04] and banks. Companion to E4-57 in the same section, fifteen lines later. The clause that matters for the operator protocol is the refusal to be moved by other people's results: 'If others claim predictive skill in those industries -- and seem to have their claims validated by the behavior of the stock market -- we neither envy nor emulate them.' Written in 1999, at the top of the market it describes."
E3-72,E3,"However, Berkshire Hathaway, by and large, does not invest in these people who are surfing on complicated technology. After all, we’re cranky and idiosyncratic, as you may have noticed. And Warren and I don’t feel like we have any great advantage in the high-tech sector. In fact, we feel like we’re at a big disadvantage in trying to understand the nature of technical developments in software, computer chips, or what have you. So we tend to avoid that stuff, based on our personal inadequacies.",1994,"Munger Talks (PCA)/Talk 02 - A Lesson on Elementary Worldly Wisdom (USC, 1994-04-14).txt (line 253)","MUNGER GROUNDS THE TECH EXCLUSION IN 'OUR PERSONAL INADEQUACIES', NOT IN THE INDUSTRY - 'we feel like we're at a big disadvantage in trying to understand the nature of technical developments in software, computer chips, or what have you'",Q2 franchise ([E4-04] scope); Q1 circle of competence,"Added 2026-09-20 from the corpus search on [E4-04] and banks. Talk 02's own sequel to E3-51 twelve lines later: E3-51 gives the surfing MODEL (the advantage lives in the wave), this row gives the CONCLUSION drawn from it, and the reason given is an inadequacy of the observer rather than a defect in the business. Named sectors: software and computer chips - which is what makes the 2018 Apple row [E5-52] and the 2023 TSMC row [E5-53] readable as the same question asked again."
E3-73,E3,"Some of you may find opportunities surfing along in the new high-tech fields—the Intels, the Microsofts, and so on. The fact that we don’t think we’re very good at it and have pretty well stayed out of it doesn’t mean that it’s irrational for you to do it.",1994,"Munger Talks (PCA)/Talk 02 - A Lesson on Elementary Worldly Wisdom (USC, 1994-04-14).txt (line 263)",THE EXCLUSION IS NOT A VERDICT ON THE BUSINESS - 'the fact that we don't think we're very good at it and have pretty well stayed out of it doesn't mean that it's irrational for you to do it',Q2/Q1 ([E4-04] scope); verdict machinery (an UNKNOWABLE-to-this-analyst is not an OUT for the company),"Added 2026-09-20 from the corpus search on [E4-04] and banks. The sharpest statement in the corpus that the fast-change exclusion is indexed to the analyst and not to the industry, said to an audience Munger expected to invest in the Intels and Microsofts he had just declined. It is the row that stops [E4-04] being read as a claim about the businesses, and it is why a closed file on this ground must be recorded as such rather than as a negative franchise verdict."
E5-51,E5,"I think it is quite interesting that we got into BYD, because BYD is surfing along on the developing edge of new technology, and that has not — we have always bragged about avoiding that. Isn’t that a fair statement? WARREN BUFFETT: That’s fair. CHARLIE MUNGER: And yet here we are. I think it’s because we’ve shown some capability for learning.",2010,Annual Meetings/2010 Annual Meeting.txt (lines 1155-1159),"THE EXCLUSION BREACHED IN PUBLIC, WITH BOTH MEN ON THE RECORD - BYD 'is surfing along on the developing edge of new technology, and that has not - we have always bragged about avoiding that'; Buffett: 'That's fair'; and the reason offered for the breach is 'we've shown some capability for learning'","Q2 franchise ([E4-04] scope: the exclusion is a default, not an absolute); Q3 rationality","Added 2026-09-20 from the corpus search on [E4-04] and banks. Munger raises it himself, unprompted, as the thing about Berkshire he finds most interesting - the corpus auditing its own rule. The exchange keeps Buffett's assent in place, so this is not one partner's deviation. What it does NOT supply is a test: 'some capability for learning' is not a criterion, which is exactly why a run that wants to cross [E4-04] must say what it knows, not cite this row as permission."
E5-52,E5,"And I didn’t go into Apple because it was a tech stock in the least. I mean, I went into Apple because I made certain — came to certain conclusions about both the intelligence with which the capital would be employed, but more important, about the value of an ecosystem and how permanent that ecosystem could be, and what the threats were to it, and a whole bunch of things. And that didn’t — I don’t think that required me to, you know, take apart an iPhone or something and figure out what all the components were or anything. It’s much more the nature of consumer behavior. And some things strike me as having a lot more permanence than others.",2018,Annual Meetings/2018 Annual Meeting.txt (line 1251),"THE LARGEST HOLDING IN THE EXCLUDED SECTOR WAS NOT UNDERWRITTEN AS TECHNOLOGY - the stated inputs are capital allocation, 'the value of an ecosystem and how permanent that ecosystem could be', and 'the nature of consumer behavior'; explicitly NOT taking apart an iPhone","Q2 franchise ([E4-04] scope: the sector label is not the test); Q1 (what must be understood is the customer, not the device)","Added 2026-09-20 from the corpus search on [E4-04] and banks. Said in the same answer in which he declines Amazon and Google on the ground that he 'tends not to bet on' something he thinks will be a miracle - so the 2018 record is a decline, a decline and a purchase, all three inside the excluded sector, separated by whether consumer behaviour or the technology carried the durability claim. Read with E5-23 from the same meeting (moats need continuous defence) and with E3-72."
E5-53,E5,"Taiwan Semiconductor’s one of the best managed companies and important companies in the world. And I think you’ll be able to say the same thing five, or ten, or 20 years from now. I don’t like its location. And I’ve reevaluated that. [...] And there’s nobody in the chip industry that’s in their league, at least in my view. [...] But marvelous people and marvelous competitive position and everything, I’d rather find it in the United States. I feel better about the capital that we’ve got deployed in Japan than Taiwan. I wish it weren’t so, but I think that’s the reality. And I’ve reevaluated that in the light of certain things that were going on.",2023,Annual Meetings/2023 Annual Meeting.txt (lines 877-889),"A CONCEDED BEST-IN-CLASS BUSINESS SOLD FOR A REASON OUTSIDE THE BUSINESS - 'one of the best managed companies and important companies in the world', 'nobody in the chip industry that's in their league', and sold anyway: 'I don't like its location'; 'I feel better about the capital that we've got deployed in Japan than Taiwan'",Q6 sell (a sell trigger that is not a moat downgrade and not a price); Q4 the named way it dies (jurisdiction); Q2,"Added 2026-09-20 from the corpus search on [E4-04] and banks. Bought and sold inside a few months, which the questioner puts to him directly. The answer separates the franchise verdict (intact, and reaffirmed for 'five, or ten, or 20 years from now') from the capital decision, so it does not fit E4-17's gradual-moat-downgrade exit and is not E2-28's overvaluation trigger either. The comparison is made against an alternative use of the SAME capital (Japan), which is the ranking [E4-28]/[E4-21] doing the work rather than a verdict on the company."
E3-74,E3,"Yeah, to some extent, Charlie and I try and distinguish between businesses where you have to have been smart once and businesses where you have to stay smart. And, I mean, retailing is a good case of a business where you have to stay smart. But you can — you are under attack all of the time. People are in your store. If you’re doing something successful, they’re in your store the next day trying to figure out what it is about your success that they can transplant and maybe add a little something on in their own situation. So, you cannot coast in retailing. There are other businesses where you only have to be smart once, at least for a very long time.",1995,Annual Meetings/1995 Annual Meeting.txt (line 555),"SMART ONCE vs STAY SMART - the durability axis as a classification of businesses, with the mechanism named (competitors are 'in your store the next day') and the verdict 'you cannot coast in retailing'",Q2 franchise (durability); Q4 the named way it dies; Q3 (where management matters least and most),"Added 2026-09-20 from the corpus search on [E4-04] and banks. The same distinction [E4-04] makes with 'a moat that must be continuously rebuilt', twelve years earlier and stated as a question to ask of any candidate. The passage goes on to price it: the network-TV-affiliate owner 'could be a terrible manager and make a fortune' because 'the one decision to own the network TV affiliate overcame almost any deficiency that existed from that point forward'. Sits directly beneath Munger's scale-and-agency-cost answer at the same meeting (E3-57)."
E3-75,E3,"In this mea culpa, I am not talking about missing out on some company that depends upon an esoteric invention (such as Xerox), high-technology (Apple), or even brilliant merchandising (Wal-Mart). We will never develop the competence to spot such businesses early.",1991,Shareholder Letters/1991 Letter.txt (lines 872-876),"THE ADMISSION ATTACHED TO THE EXCLUDED CLASS - Xerox, Apple and Wal-Mart named as misses that do NOT count as errors: 'We will never develop the competence to spot such businesses early'","Q2 franchise ([E4-04] scope); verdict machinery (which closed files are chargeable, with E3-47)","Added 2026-09-20 from the corpus search on [E4-04] and banks. The four lines immediately after E3-47 (lines 869-872), and the clause E3-47's note already flagged: only omissions WITHIN the circle count as errors. So the corpus prices the fast-change exclusion at zero regret by design - and names Apple as one of the things it costs, twenty-five years before [E5-52] bought it on a non-technology thesis. 'never' is the author's word, not a hedge."
E2-75,E2,"simple businesses (if there's lots of technology, we won't understand it)",1987,Shareholder Letters/1987 Letter.txt (lines 1422-1423),"THE TECHNOLOGY EXCLUSION AS A PUBLISHED ACQUISITION CRITERION - 'simple businesses (if there's lots of technology, we won't understand it)'","Q1 (the criterion is the analyst's understanding); Q2 ([E4-04] scope, earliest form)","Added 2026-09-20 from the corpus search on [E4-04] and banks. Criterion (5) of the six published acquisition criteria; E2-25 rows criterion (2) from the same list. VERIFIED SPREAD: the phrase 'lots of technology' appears in the 1982, 1983, 1984, 1985, 1986, 1987, 1988, 1989, 1990 and 1991 letters - ten consecutive years - and again in 2014. So the exclusion was in print as a purchase rule for a decade before the 1999 letter explained it (E4-57, E4-58) and twenty years before [E4-04] generalised it to 'rapid and continuous change'. The parenthesis is the whole content: the disqualifier is 'we won't understand it', not the technology."
E4-59,E4,"And Charlie and I would have said 20 years ago — and we’ve done things in banking from time to time, including owning a bank. But if you had said to us, in a world of 4 3/4 percent long-term governments, will one major bank after another be earning more than 20 percent on tangible equity, dealing in what is basically a commodity — money — we would have said that that condition just wouldn’t persist. Now, part of that is because the banks are geared up more. So if you earn 1 1/2 percent on deposits, you know, and you have — or 1 1/2 percent on assets — and you have assets of 15 times equity, you’re going to be earning 22 1/2 percent on equity. And by gearing up more, it does improve the return on equity. But you still would think that would be self-neutralizing.",2007,Annual Meetings/2007 Annual Meeting.txt (line 193),"THE BANK-RETURN ANOMALY STATED AS AN ANOMALY - one major bank after another earning over 20 percent on tangible equity 'dealing in what is basically a commodity - money' in a 4 3/4 percent long-bond world; gearing is named as part of the answer, and the objection stands: 'you still would think that would be self-neutralizing'",Q2 franchise (a commodity product earning franchise returns - the case the commodity test does not explain); Q4 (the return's source is leverage),"Added 2026-09-20 from the corpus search on [E4-04] and banks. Buffett does the arithmetic in the passage: 1 1/2 percent on assets at 15 times equity is 22 1/2 percent on equity, so the equity return is the asset return times the gearing. The next paragraph presses the point ('after one guy did it, another guy would do it') and records that it did not happen. Said in 2007. The corpus's own explanation arrives later and elsewhere: the cheap funding plus the implicit federal guarantee [E5-54] and the regulator's capital lever [E5-55]. Read with E2-58/E2-59 on commodity economics."
E4-60,E4,We trudged around and we found some very oddball banks that we liked. And they were characterized by very little risk on the asset side and very cheap money on the deposit side. And even Charlie and I can understand that.,2002,Annual Meetings/2002 Annual Meeting.txt (line 281),WHAT THE BANKS THEY ACTUALLY BOUGHT HAD IN COMMON - 'very little risk on the asset side and very cheap money on the deposit side. And even Charlie and I can understand that',Q2 franchise (the two-sided bank test); Q4 survival; Q1,"Added 2026-09-20 from the corpus search on [E4-04] and banks. The closest thing in the corpus to a positive specification for a bank, and it is two conditions on the two sides of the balance sheet, not a multiple and not a growth rate. 'And low prices, incidentally, too' follows immediately, which keeps the price test where the framework keeps it - after the business tests, not inside them. The same pair reappears in 2011 as one sentence with the funding advantage explained [E5-54]."
E4-61,E4,"I would not characterize all banks as the same. I mean, we have in this room John Forlines, who runs the Bank of Granite — Granite, North Carolina — and they’ve earned 2 percent on assets without taking any real risks for decades. It’s a tremendous record. And then you have other banks that have been run by people that took them right into the ground.",2002,Annual Meetings/2002 Annual Meeting.txt (line 273),'I would not characterize all banks as the same' - dispersion INSIDE the industry is the point: Bank of Granite earning 2 percent on assets 'without taking any real risks for decades' set against banks 'run by people that took them right into the ground',"Q2 franchise (the competitor row is required within the industry, not just against it); Q3 management","Added 2026-09-20 from the corpus search on [E4-04] and banks. Answering a question about the whole sector's relative multiple, and refusing the sector as the unit of analysis: 'they're not a homogeneous group.' Q2's competitor row exists because a moat is a relative claim; this row says that for banks the comparison set is other banks' underwriting conduct, and that the spread inside the industry is wider than the spread between industries. Companion in the same answer: 'People always want a formula ... And it really doesn't work that way.'"
E4-62,E4,I would argue that Warren and I have failed to properly diagnose banking. I think we underestimated the general good results that would happen because we were so afraid of what non-bankers might do when they were in charge of banks.,2002,Annual Meetings/2002 Annual Meeting.txt (line 285),MUNGER RECORDS THE ERROR IN THE UNDERESTIMATING DIRECTION - 'Warren and I have failed to properly diagnose banking': they underestimated the general good results 'because we were so afraid of what non-bankers might do when they were in charge of banks',"Q3 (the analyst as subject of the psychology, with E4-27 and E3-41); Q2 (a named, admitted error in a sector verdict)","Added 2026-09-20 from the corpus search on [E4-04] and banks. Munger opens by telling the questioner he may be 'asking the wrong people that question'. The confessed mechanism is a specific one: a vivid fear of bad actors displaced the base rate for the industry - an availability error, and the mirror image of the errors the misjudgment catalogue usually catches in managements. Buffett states the same admission in his own words in the next paragraph ('We been wrong in the sense that banks have earned a lot more money on tangible equity than Charlie and I would have thought possible'). A sector the corpus says it got wrong is a sector no run may treat as settled by citation."
E3-76,E3,"We may have in the audience today — he was here earlier — the CEO of the Bank of Granite, which is in Granite, North Carolina. And that bank earned 2.58 percent on assets, I believe, in the most recent quarter, annualized, and had a 33 percent efficiency ratio. [...] It’s a business that can be a very good business, when run right, as the Bank of Granite or Illinois National Bank in Rockford proved. There’s no magic to it. You just have to stay away from doing something foolish. [...] we like businesses like banking, if we’ve got somebody in charge of them that is going to run them right.",1996,Annual Meetings/1996 Annual Meeting.txt (lines 1337-1343),"THE BANK FRANCHISE IS THE OPERATOR, NOT THE SCALE - Bank of Granite at 2.58 percent on assets and a 33 percent efficiency ratio on 400-500 million of assets, more efficient than the large banks assembled to get those ratios; 'There's no magic to it. You just have to stay away from doing something foolish'; and the conditional form of the Q2 pass: 'we like businesses like banking, IF we've got somebody in charge of them that is going to run them right'",Q2 franchise (bank-specific: scale is not the moat); Q3 management as the CONDITION of the Q2 pass; Q4,"Added 2026-09-20 from the corpus search on [E4-04] and banks. Cut as ONE row with two marked elisions rather than two rows, because the three fragments are one argument and splitting them would let the numbers be cited without the conditional that governs them. The passage answers a question about the Wells Fargo / First Interstate merger by denying the scale rationale: 'it doesn't need to be 5 billion in order to get more efficient or anything of the sort', and 'there is nothing magic about the community of Granite, North Carolina. Nor does he work under laws that are way different than the rest of bankers.' Gene Abegg's Illinois National is given as the second instance - two percent on assets 'with way less leverage than anyone else and lower loan losses'. This is the row that makes E4-63 necessary: if the franchise is the operator, the buy decision needs the culture, and that is 'hard to do for 99 percent of the banks'."
E5-54,E5,"Banking, if you just keep out of trouble on the asset side, is a very good business because you get your money so cheap and, you know, because of the implicit federal guarantee, and you do get to leverage up to a fair extent, and America’s been a pretty good place to lend money.",2011,Annual Meetings/2011 Annual Meeting.txt (line 307),"THE BANK ENGINE IN ONE SENTENCE, WITH ITS CONDITION FIRST - 'Banking, if you just keep out of trouble on the asset side, is a very good business because you get your money so cheap and, you know, because of the implicit federal guarantee, and you do get to leverage up to a fair extent'",Q2 franchise (bank-specific: the three sources of the return); Q4 the named way it dies (the asset side),"Added 2026-09-20 from the corpus search on [E4-04] and banks. The answer E4-59 asked for four years earlier: the funding is cheap BECAUSE of the implicit federal guarantee, so part of a bank's franchise return is a public subsidy rather than anything the bank owns - which is why E5-55's capital lever can withdraw it. The conditional is not decoration: the same answer says 'banks periodically go crazy. It's always on the asset side.' Same passage, stated at the top: 'profitability will be considerably less, in my view, in the period ahead than it was ... And a very important reason is that the leverage will be reduced.'"
E5-55,E5,"You can change the math of banking, and the attractiveness of banking, totally, by capital requirements. Obviously, if you said every bank had to be 100 percent equity, it would be a terrible business. You couldn’t possibly earn any money that was significant on capital. And if you let people operate with 1 percent capital ratios, they can make a lot of money and they will cause the system all kinds of trouble.",2016,Annual Meetings/2016 Annual Meeting.txt (line 409),"CAPITAL REQUIREMENTS ARE AN EXOGENOUS LEVER ON THE WHOLE BANK FRANCHISE - 'You can change the math of banking, and the attractiveness of banking, totally, by capital requirements', with both limits named: 100 percent equity would make it 'a terrible business', 1 percent capital ratios would let them 'make a lot of money and they will cause the system all kinds of trouble'","Q2 franchise (an advantage set by a third party, with E2-59); Q4; Q6 monitoring (the tripwire is a rule change, not a result)","Added 2026-09-20 from the corpus search on [E4-04] and banks. The passage says the policy since 2008-9 was specifically designed to make very large banks less profitable relative to smaller ones, and that this works 'primarily - through capital requirements'; the verdict on the effect is graded, not fatal - 'it hasn't turned it into a bad business, it's turned it into a less attractive business than earlier.' Pairs with E2-59, where administered pricing rescues a commodity business's profits: in both, the profitability of the industry is partly a regulator's decision, so a bank's Q2 pass carries a dependency the company does not control."
E5-56,E5,"A ""non-real"" amortization charge at Wells Fargo, however, is not highlighted by the company and never, to my knowledge, has been noted in analyst reports. The earnings that Wells Fargo reports are heavily burdened by an ""amortization of core deposits"" charge, the implication being that these deposits are disappearing at a fairly rapid clip. Yet core deposits regularly increase. The charge last year was about $1.5 billion. In no sense, except GAAP accounting, is this whopping charge an expense.",2012,Shareholder Letters/2012 Letter.txt (lines 628-632),"A BANK-SPECIFIC OWNER-EARNINGS ADD-BACK, WITH THE TEST FOR IT IN ONE LINE - the 'amortization of core deposits' charge carries the implication 'that these deposits are disappearing at a fairly rapid clip. Yet core deposits regularly increase'; about $1.5 billion in the year, and 'In no sense, except GAAP accounting, is this whopping charge an expense'","Q4 owner earnings (the (b) line: a charge that is not an economic cost); Q3 ('is not highlighted by the company and never, to my knowledge, has been noted in analyst reports')","Added 2026-09-20 from the corpus search on [E4-04] and banks. Owner earnings adds back non-cash charges only where the charge does not correspond to an economic cost, and this is the corpus showing the test being applied rather than asserted: the accounting says the asset is wasting, the observable series says it is growing, and the observable series wins. Note the two-sided candour reading - the charge flatters nobody, and Buffett records that neither the company nor the analysts adjusted for it. Directly beside the IBM 'adjusted operating earnings' remark, which he endorses ('Analysts focus on this number, as they should'), so the row is not a licence for every adjusted figure."
E4-63,E4,"I think you should know something about the culture of the management and the institution to make a firm buy decision on a bank, and that’s hard to do for 99 percent of the banks.",2008,Annual Meetings/2008 Annual Meeting.txt (line 899),"THE BANK GATE IS CULTURE, AND THE CORPUS PUTS A NUMBER ON HOW OFTEN IT IS KNOWABLE - 'you should know something about the culture of the management and the institution to make a firm buy decision on a bank, and that's hard to do for 99 percent of the banks'","Q3 (a bank-specific precondition for a buy decision); verdict machinery (UNKNOWABLE is the DEFAULT answer on a bank, not the exception)","Added 2026-09-20 from the corpus search on [E4-04] and banks. Asked about small regional banks in 2008 and refusing the category: 'I don't think you should make a categorical decision about something like - however you define them - small, mid cap, whatever, regional, or national banks.' What he claims for the three he owns is not a franchise measurement but knowledge of 'the DNA of the institution, in terms of how it behaves' - immunity from 'institutional stupidity', not immunity from problems. With E3-76 (the franchise IS the operator) this sets the burden a bank run has to carry, and says that in ninety-nine cases out of a hundred it cannot be carried."
E4-64,E4,"Second, reported earnings of many auto insurers have benefitted in the last few years from reserve releases, made possible because the companies overestimated their loss costs in still-earlier years. This reservoir of redundant reserves has now largely dried up, and future boosts to earnings from this source will be minor at best.",1999,Shareholder Letters/1999 Letter.txt (lines 323-325),"RESERVE RELEASES ARE A FINITE SOURCE OF REPORTED EARNINGS, AND THE CORPUS DATES THE EXHAUSTION - earnings 'benefitted in the last few years from reserve releases, made possible because the companies overestimated their loss costs in still-earlier years. This reservoir of redundant reserves has now largely dried up, and future boosts to earnings from this source will be minor at best'","Q4 owner earnings (an earnings stream that is a reversal of an earlier estimate, not an operating result); Q4 the named way it dies; Q3 candour","Added 2026-09-20 from the corpus ruling on survival shapes; grounds shape #23. The mechanism in one paragraph: an overestimate in an earlier year is released as income in a later one, so the reported figure of the release years is borrowing from the reserving of the earlier ones. What makes the row usable at Q4 rather than merely illustrative is the second half - Buffett states that the reservoir is a stock, that it is nearly spent, and that the source therefore stops. A run reading an insurer whose recent earnings improvement coincides with favourable development has the corpus's own words for what that is and for what happens when it runs out. Said of the whole auto industry in 1999, not of one company, and set alongside the two other negatives named in the same passage (regulatory delay in rate increases, and contracts that must run their course)."
E3-77,E3,"An example from the property-casualty insurance industry will illuminate the possibilities. When a p-c company is acquired, the buyer sometimes simultaneously increases its loss reserves, often substantially. This boost may merely reflect the previous inadequacy of reserves -- though it is uncanny how often an actuarial ""revelation"" of this kind coincides with the inking of a deal. In any case, the move sets up the possibility of `earnings"" flowing into income at some later date, as reserves are released.",1998,Shareholder Letters/1998 Letter.txt (lines 752-756),"THE ACQUISITION-TIME RESERVE BOOST AS A MANUFACTURED EARNINGS STREAM - 'When a p-c company is acquired, the buyer sometimes simultaneously increases its loss reserves, often substantially [...] it is uncanny how often an actuarial ""revelation"" of this kind coincides with the inking of a deal'; the move 'sets up the possibility of `earnings"" flowing into income at some later date, as reserves are released'","Q3 honesty (accounting chosen at the moment of a deal); Q4 owner earnings (post-deal earnings that are a release, not a result); Q4 the named way it dies","Added 2026-09-20 from the corpus ruling on survival shapes; grounds shape #23. Also grounds shape #24. The companion to E4-64 from the other end: E4-64 is the release running out, this is the reservoir being built on purpose. Note the two readings Buffett keeps open - the boost 'may merely reflect the previous inadequacy of reserves' - and the timing test he applies instead of an accusation. The 1998 letter's own control is quoted for the contrast: 'In all of our acquisitions, we have left the loss reserve figures exactly as we found them.' The source carries a typesetting artifact, a backtick where the opening quotation mark of `earnings"" belongs; kept exactly, per PRIME RULE 1."
E2-76,E2,"The antagonism that the public feels toward the industry can have serious consequences: Proposition 103, a California initiative passed last fall, threatens to push auto insurance prices down sharply, even though costs have been soaring.  The price cut has been suspended while the courts review the initiative, but the resentment that brought on the vote has not been suspended: Even if the initiative is overturned, insurers are likely to find it tough to operate profitably in California. (Thank heavens the citizenry isn’t mad at bonbons: If Proposition 103 applied to candy as well as insurance, See’s would be forced to sell its product for $5.76 per pound. rather than the $7.60 we charge - and would be losing money by the bucketful.) The immediate direct effects on Berkshire from the initiative are minor, since we saw few opportunities for profit in the rate structure that existed in California prior to the vote.  However, the forcing down of prices would seriously affect GEICO, our 44%-owned investee, which gets about 10% of its premium volume from California.  Even more threatening to GEICO is the possibility that similar pricing actions will be taken in other states, through either initiatives or legislation.",1988,Shareholder Letters/1988 Letter.txt (lines 614-634),"A PRICE SET BY REFERENDUM, AND THE PUBLIC ANTAGONISM THAT CARRIES IT - Proposition 103 'threatens to push auto insurance prices down sharply, even though costs have been soaring'; 'the resentment that brought on the vote has not been suspended: Even if the initiative is overturned, insurers are likely to find it tough to operate profitably in California'; and the contagion named: 'Even more threatening to GEICO is the possibility that similar pricing actions will be taken in other states'","Q4 the named way it dies (the price is not the company's to set); Q2 franchise (an advantage a third party can legislate away, with E2-59); Q6 monitoring (the tripwire is a ballot measure, not a result)","Added 2026-09-20 from the corpus ruling on survival shapes; grounds shape #17. Cut as TWO rows: this one is lines 614-634, the ballot measure and its spread; E2-77 is lines 636-647, where the below-cost price ends in government provision and the low-cost producer loses most. Split because the two halves are separately citable - the first is a monitoring trigger, the second is a survival verdict - and because a single row would run to 1,929 characters, longer than any quote the ledger holds (the longest is E4-41 at 1,387), and could then be cited for either half without the other. The brief that ordered this row proposed 614-635 and 636-645; the paragraph boundaries on disk are 614-625, 627-634 and 636-647, so the cut follows the paragraphs. The bonbons parenthetical is kept inside the cut, because it is the corpus pricing the same rule against a business it owned: See's 'would be forced to sell its product for $5.76 per pound. rather than the $7.60 we charge - and would be losing money by the bucketful' (the stray full stop after 'pound' is in the letter)."
E2-77,E2,"If voters insist that auto insurance be priced below cost, it eventually must be sold by government.  Stockholders can subsidize policyholders for a short period, but only taxpayers can subsidize them over the long term.  At most property-casualty companies, socialized auto insurance would be no disaster for shareholders.  Because of the commodity characteristics of the industry, most insurers earn mediocre returns and therefore have little or no economic goodwill to lose if they are forced by government to leave the auto insurance business.  But GEICO, because it is a low-cost producer able to earn high returns on equity, has a huge amount of economic goodwill at risk.  In turn, so do we.",1988,Shareholder Letters/1988 Letter.txt (lines 636-647),"BELOW-COST PRICING ENDS IN GOVERNMENT PROVISION, AND THE LOW-COST PRODUCER HAS THE MOST TO LOSE - 'If voters insist that auto insurance be priced below cost, it eventually must be sold by government. Stockholders can subsidize policyholders for a short period, but only taxpayers can subsidize them over the long term'; the commodity majority has 'little or no economic goodwill to lose', 'But GEICO, because it is a low-cost producer able to earn high returns on equity, has a huge amount of economic goodwill at risk'","Q4 the named way it dies (nationalisation by price control); Q2 franchise (the franchise is what the risk is measured against); Q5 (the value at risk is the economic goodwill, not the book)","Added 2026-09-20 from the corpus ruling on survival shapes; grounds shape #17. The second half of the Proposition 103 passage; E2-76 is lines 614-634. Two findings a run can use separately. First, the endpoint of a politically capped price is stated as a sequence with a reason, not as a fear: shareholders can subsidise briefly, taxpayers indefinitely, so the business ends up with the taxpayer. Second, and against the intuition, the exposure is INVERSE to the industry's average quality - the mediocre insurer loses almost nothing because it has almost no economic goodwill, and the low-cost producer earning high returns on equity loses the most. That is the corpus warning that a Q2 franchise pass can enlarge a Q4 political exposure rather than offset it, and it is said of a company Berkshire then owned 44% of."
E4-65,E4,"Well, I think those are examples where the moats got less hostile for the competitors. Part of the trouble was the buying power got more concentrated and tougher. I mean, the big grocery chains now have a lot of clout. And then you add the Walmarts and the Costcos and the Sam’s and the — it’s a different world faced by the Kelloggs than the one they had 30 or 40 years ago. [...] Yeah, there will be a battle, always, between brands and retailers, because the retailer would like his name to be the brand. And, to the extent that people trust Costco or Walmart more than they — or as much as — they trust the brand, then the value of having the brand moves over to the retailer from the product itself. And that’s gone on for a long, long time. [...] The muscle power of the Sam’s Clubs and the Costcos has gotten very extreme. A little earlier this morning, when I was autographing books, a very good looking woman came up to me and said she wanted to thank me. And I said, “For what?” And she said, “You told me to buy this pantyhose I’m wearing from Costco.” And I’d evidently made some previous comment about how amazing it was that Costco could get Hanes, of all people, to allow a co-branded pantyhose, Hanes-dash-Kirkland, in the Costco stores. That wouldn’t have happened 20 years ago.",2001,Annual Meetings/2001 Annual Meeting.txt (lines 1037-1043),"THE BRAND-VERSUS-RETAILER BATTLE, WITH BOTH MEN NAMING THE DIRECTION OF TRAVEL - Munger: 'those are examples where the moats got less hostile for the competitors. Part of the trouble was the buying power got more concentrated and tougher'; Buffett: 'the retailer would like his name to be the brand. And, to the extent that people trust Costco or Walmart more than they [...] trust the brand, then the value of having the brand moves over to the retailer from the product itself'; Munger: 'The muscle power of the Sam's Clubs and the Costcos has gotten very extreme'","Q2 franchise (the customer's trust is the asset, and it can change owners); Q4 the named way it dies (the channel takes the brand's economics); Q2 competitor row (the buyer, not only the rival)","Added 2026-09-20 from the corpus ruling on survival shapes; grounds shape #19. Three fragments in document order from one exchange about cereals and soup. The value of the row is the mechanism, which is stated as a transfer and not as competition: the brand's economics live in whom the consumer trusts, so when the consumer trusts the retailer the economics move 'over to the retailer from the product itself'. Buffett dates the first instance to A&P in the 1930s and records that A&P lost - 'a great American success story for a while, and then it was a great American failure' - which is why the row is not a prediction but a two-sided history. The third fragment keeps Munger's Hanes-Kirkland co-branding anecdote, because it is the transfer happening to a named brand: 'Costco could get Hanes, of all people, to allow a co-branded pantyhose, Hanes-dash-Kirkland, in the Costco stores. That wouldn't have happened 20 years ago.' Read with E5-57, which puts a number on it eighteen years later."
E5-57,E5,"And we paid too much for the Kraft side of Kraft Heinz. [...] But you’re quite correct that Amazon itself has become a brand. Kirkland, at Costco, is a $39 billion brand. All of Kraft Heinz is $26 billion. And it’s been around for — on the Heinz side — it’s been around for 150 years. [...] And that brand moves from product to product, which is terrific, if a brand travels. [...] Kirkland does more business than Coca Cola does. And Kirkland operates through 775 or so stores. They call them warehouses at Costco. And Coca Cola is through millions of distribution outlets.",2019,Annual Meetings/2019 Annual Meeting.txt (line 215),"THE RETAILER'S OWN LABEL MEASURED AGAINST THE BRANDS, AND THE PRICE PAID CONCEDED - 'Kirkland, at Costco, is a $39 billion brand. All of Kraft Heinz is $26 billion', against 150 years of Heinz and 'billions and billions and billions of dollars' of advertising; 'Kirkland does more business than Coca Cola does' through '775 or so stores' against Coca-Cola's 'millions of distribution outlets'; and 'we paid too much for the Kraft side of Kraft Heinz'",Q2 franchise (the private label as the competitor row); Q4 the named way it dies (the channel's label outgrows the brand); Q5 price (a wonderful business bought at too high a price); Q3 candour,"Added 2026-09-20 from the corpus ruling on survival shapes; grounds shape #19. The arithmetic E4-65 predicted, eighteen years later and with the numbers said out loud. The comparison is deliberately unfair to Kirkland on every input except outcome - fewer outlets, no advertising history, no century of goodwill - and Kirkland is the larger. Buffett keeps the two verdicts separate and a run must too: the business is 'a wonderful business' at 6 billion pretax on 7 billion of tangible assets, and the mistake was the price - 'you can pay too much for a wonderful business', 'the business does not know how much you paid for it'. He also grants the questioner's premise about moats in consumer foods rather than resisting it: 'certain retailers - the retail system - has gained some power [...] relative to brands.' Four fragments in document order from one answer."
E5-58,E5,"Back then, accounting shenanigans of all sorts � many of them ridiculously transparent � were excused or overlooked. Indeed, having an accounting wizard at the helm of an expanding conglomerate was viewed as a huge plus: Shareholders in those instances could be sure that reported earnings would never disappoint, no matter how bad the operating realities of the business might become. In the late 1960s, I attended a meeting at which an acquisitive CEO bragged of his ""bold, imaginative accounting."" Most of the analysts listening responded with approving nods, seeing themselves as having found a manager whose forecasts were certain to be met, whatever the business results might be. [...] Eventually, however, the clock struck twelve, and everything turned to pumpkins and mice. Once again, it became evident that business models based on the serial issuances of overpriced shares � just like chain-letter models � most assuredly redistribute wealth, but in no way create it. Both phenomena, nevertheless, periodically blossom in our country � they are every promoter's dream � though often they appear in a carefully-crafted disguise. The ending is always the same: Money flows from the gullible to the fraudster. And with stocks, unlike chain letters, the sums hijacked can be staggering. [...] At both BPL and Berkshire, we have never invested in companies that are hell-bent on issuing shares. That behavior is one of the surest indicators of a promotion-minded management, weak accounting, a stock that is overpriced and � all too often � outright dishonesty.",2014,Shareholder Letters/2014 Letter.txt (lines 1458-1477),"THE ACCOUNTING WIZARD AS A SELLING POINT, AND THE END OF THE MODEL - 'having an accounting wizard at the helm of an expanding conglomerate was viewed as a huge plus: Shareholders in those instances could be sure that reported earnings would never disappoint, no matter how bad the operating realities of the business might become'; 'Eventually, however, the clock struck twelve'; 'business models based on the serial issuances of overpriced shares [...] most assuredly redistribute wealth, but in no way create it'; and the test: continuous share issuance is 'one of the surest indicators of a promotion-minded management, weak accounting, a stock that is overpriced and [...] outright dishonesty'",Q3 honesty and rationality (the issuance test); Q4 the named way it dies (the model needs a price to keep issuing at); Q1 (a business whose product is its own paper),"Added 2026-09-20 from the corpus ruling on survival shapes; grounds shape #21. Written for the fiftieth anniversary about the 1960s conglomerate era, and it supplies both halves of a shape: the mechanism (issue overpriced shares, report earnings that cannot disappoint, repeat) and the indicator a reader can apply prospectively (hell-bent on issuing shares). Buffett names the four things the indicator indicates, in order, and dishonesty is last and hedged with 'all too often' - so the row is a prompt to read, not a verdict. Note what it does NOT say: it does not claim the wealth destroyed exceeds the wealth transferred; the claim is that the model 'most assuredly redistribute[s] wealth, but in no way create[s] it'. Three fragments in document order; the page number 29 falls inside the elision between the first and second. The U+FFFD characters are where em dashes belong in the shelf extraction, and are left as found."
E5-59,E5,"And I would say a great many of the conglomerates have been — have had, as their underlying premise, stock promotion. You know, you saw what happened with Tyco or — the serial acquirers were usually interested in issuing a lot of stock. I think if you had to look at one of the primary indicators of what sort of species you’re viewing, you would see whether somebody’s issuing — if they’re issuing stock continuously, one way or another, they’ve probably got a chain letter game going on. And that does come to a bad end.",2014,Annual Meetings/2014 Annual Meeting.txt (line 611),"THE ONE-LINE TEST FOR THE SHAPE - 'if you had to look at one of the primary indicators of what sort of species you're viewing, you would see whether somebody's issuing - if they're issuing stock continuously, one way or another, they've probably got a chain letter game going on. And that does come to a bad end'","Q3 honesty and rationality (the issuance test, stated as a test); Q4 the named way it dies; Q1 (the conglomerate whose premise is stock promotion)","Added 2026-09-20 from the corpus ruling on survival shapes; grounds shape #21. The same test as E5-58, in the same year, put as a question to ask of a candidate rather than as a history: continuous issuance tells you the species. Tyco is named in the passage as an instance, and Buffett's contrast is his own method - 'acquiring for cash, and acquiring good businesses'. Two qualifications a run must carry with the row. First, the hedge is in the corpus's own words, 'probably', so the indicator is a prompt to read the issuance record, not a disqualification. Second, Munger's answer immediately after gives the two things he says distinguish Berkshire from the failed conglomerate model, and neither is share issuance: an alternative use for the money when no company is cheap, and no compulsion to buy - 'We're willing to just sit until something makes sense.'"
E4-66,E4,"And they also know how to use that very valuation to bootstrap value into the business, because if you have a stock that’s selling at 100 that’s worth 10, obviously it’s to your interest to go out and issue a whole lot of shares. And if you do that, when you get all through, the value can be 50. In fact, there’s a lot of chain letter-type stock promotions that are sort of based on the implicit assumption that the management will keep doing that. And if they do it once and build it to 50 by issuing a lot of shares at 100 when it’s worth 10, now the value is 50 and people say, “Well, these guys are so good at that. Let’s pay 200 for it or 300,” and then they could do it again and so on. It’s not usually that — quite that clear in their minds. But that’s the basic principle underlying a lot of stock promotions. And if you get caught up in one of those that is successful, you know, you can run out of money before the promoter runs out of ideas.",2001,Annual Meetings/2001 Annual Meeting.txt (line 1059),"THE BOOTSTRAP ARITHMETIC, AND WHY BEING RIGHT EARLY IS NOT ENOUGH - 'if you have a stock that's selling at 100 that's worth 10, obviously it's to your interest to go out and issue a whole lot of shares. And if you do that, when you get all through, the value can be 50'; the market then pays 200 or 300 for the skill and 'they could do it again and so on'; 'if you get caught up in one of those that is successful, you know, you can run out of money before the promoter runs out of ideas'","Q4 the named way it dies (the overvaluation is the fuel, not the flaw); Q3 honesty ('on some scale between promoter and crook'); Q6 sell (the timing problem of a correct short thesis)","Added 2026-09-20 from the corpus ruling on survival shapes; grounds shape #21. Also grounds shape #24. The row does the arithmetic the other issuance rows assert: an overpriced share is a currency, so issuance at 100 against a value of 10 makes the value 50 and the promotion self-validating for as long as the market pays for the trick. Said while declining to short, which is what makes the last clause a rule about the analyst rather than about the company - 'you can run out of money before the promoter runs out of ideas' is a statement that the thesis and the position can both be right and still lose, and Buffett records in the same answer that the eventual batting average 'is very high'. The corpus's own account of where such stocks come from is in the sentence before: people with very overvalued stocks 'are frequently on some scale between promoter and crook. And that's why they get there.'"
E4-67,E4,"Some reinsurers � particularly those who, in turn, are accustomed to laying off much of their business on a second layer of reinsurers known as retrocessionaires � are in a weakened condition and would have difficulty surviving a second mega-cat. When a daisy chain of retrocessionaires exists, a single weak link can pose trouble for all. In assessing the soundness of their reinsurance protection, insurers must therefore apply a stress test to all participants in the chain, and must contemplate a catastrophe loss occurring during a very unfavorable economic environment. After all, you only find out who is swimming naked when the tide goes out. At Berkshire, we retain our risks and depend on no one. And whatever the world's problems, our checks will clear.",2001,Shareholder Letters/2001 Letter.txt (lines 553-559),"THE DAISY CHAIN AND THE STRESS TEST OF EVERY PARTICIPANT - reinsurers 'accustomed to laying off much of their business on a second layer of reinsurers known as retrocessionaires [...] would have difficulty surviving a second mega-cat'; 'When a daisy chain of retrocessionaires exists, a single weak link can pose trouble for all'; insurers 'must therefore apply a stress test to all participants in the chain, and must contemplate a catastrophe loss occurring during a very unfavorable economic environment. After all, you only find out who is swimming naked when the tide goes out'","Q4 the named way it dies (counterparty failure correlated with the event insured); Q4 survival (the stress test is of the chain, not the company); Q1 (what a reinsurance recoverable asset actually is)","Added 2026-09-20 from the corpus ruling on survival shapes; grounds shape #25. Grepped first: the naked-swimmer sentence was NOT in the ledger, so the passage is cut whole rather than trimmed to the daisy-chain sentences. Two things make it a Q4 instrument and not an aphorism. The correlation is named - the test must assume 'a catastrophe loss occurring during a very unfavorable economic environment', so the counterparty is weakest exactly when it is needed. And the unit of analysis is the chain: 'a single weak link can pose trouble for all', which means a company's own balance sheet is not a sufficient read when its protection is reinsured onward. Berkshire's position is given as the control - 'we retain our risks and depend on no one' - so the row also states what the absence of the shape looks like. Written months after September 11th; E3-78 states the same policy five years earlier."
E3-78,E3,"Were a truly cataclysmic disaster to occur, it is not impossible that a financial panic would quickly follow.  If that happened, there could well be respected reinsurers that would have difficulty paying at just the moment that their clients faced extraordinary needs. Indeed, one reason we never ""lay off"" part of the risks we insure is that we have reservations about our ability to collect from others when disaster strikes.  When it's Berkshire promising, insureds know with certainty that they can collect promptly.",1996,Shareholder Letters/1996 Letter.txt (lines 414-421),"THE REASON GIVEN FOR NEVER LAYING OFF RISK IS DOUBT ABOUT COLLECTING - 'Were a truly cataclysmic disaster to occur, it is not impossible that a financial panic would quickly follow. If that happened, there could well be respected reinsurers that would have difficulty paying at just the moment that their clients faced extraordinary needs. Indeed, one reason we never ""lay off"" part of the risks we insure is that we have reservations about our ability to collect from others when disaster strikes'",Q4 the named way it dies (counterparty failure correlated with the event insured); Q3 rationality (a policy adopted against an unquantified risk); Q4 survival,"Added 2026-09-20 from the corpus ruling on survival shapes; grounds shape #25. Five years before E4-67 and stating the same mechanism as a standing policy rather than as an observation about others. The word that carries the row is 'respected': the doubt is not about weak counterparties but about sound ones, because the panic and the claim arrive together. Note the epistemic form - 'it is not impossible that' - which is the corpus declining to put a probability on the thing it is nonetheless underwriting against, and the reason it gives for the policy is its own inability to verify collection rather than any measurement of the counterparties. Cut from line 414 rather than the 418 the ordering brief proposed, because the two preceding sentences are the mechanism and the row is not self-contained without them."
E4-68,E4,"Those who trade derivatives are usually paid (in whole or part) on ""earnings"" calculated by mark-to-market accounting. But often there is no real market (think about our contract involving twins) and ""mark-to-model"" is utilized. This substitution can bring on large-scale mischief. As a general rule, contracts involving multiple reference items and distant settlement dates increase the opportunities for counterparties to use fanciful assumptions. In the twins scenario, for example, the two parties to the contract might well use differing models allowing both to show substantial profits for many years. In extreme cases, mark-to-model degenerates into what I would call mark-to-myth.",2002,Shareholder Letters/2002 Letter.txt (lines 788-794),"MARK-TO-MYTH - 'Those who trade derivatives are usually paid (in whole or part) on ""earnings"" calculated by mark-to-market accounting. But often there is no real market [...] and ""mark-to-model"" is utilized'; 'contracts involving multiple reference items and distant settlement dates increase the opportunities for counterparties to use fanciful assumptions'; two parties 'might well use differing models allowing both to show substantial profits for many years'; 'In extreme cases, mark-to-model degenerates into what I would call mark-to-myth'","Q4 owner earnings (an earnings figure produced by a model, not a transaction); Q3 honesty (the incentive named: the trader is paid on the model's output); Q4 the named way it dies","Added 2026-09-20 from the corpus ruling on survival shapes; grounds shape #26. Grepped first: 'mark-to-myth' was not in the ledger. The row is cited for the phrase but the evidence is the two preceding mechanisms. First the incentive - the mark determines the pay, so the marker is the beneficiary - which is the misjudgment catalogue's own point applied to an accounting policy rather than to a person. Second the arithmetic impossibility that exposes it: both sides of one contract can book profits for years, which cannot both be true and which no single company's statements would reveal. The passage also prices the audit defence honestly: 14,384 contracts and 672 counterparties at General Re Securities, on which 'expert auditors could easily and honestly have widely varying opinions' - so the check a reader would reach for is stated to be incapable, not corrupt."
E4-69,E4,"The valuation problem is far from academic: In recent years, some huge-scale frauds and near-frauds have been facilitated by derivatives trades. In the energy and electric utility sectors, for example, companies used derivatives and trading activities to report great ""earnings"" � until the roof fell in when they actually tried to convert the derivatives-related receivables on their balance sheets into cash. ""Mark-to-market"" then turned out to be truly ""mark-to-myth.""",2002,Shareholder Letters/2002 Letter.txt (lines 805-809),"THE SHAPE WITH ITS ENDING ATTACHED, IN A NAMED SECTOR - 'In the energy and electric utility sectors, for example, companies used derivatives and trading activities to report great ""earnings"" [...] until the roof fell in when they actually tried to convert the derivatives-related receivables on their balance sheets into cash. ""Mark-to-market"" then turned out to be truly ""mark-to-myth""'",Q4 owner earnings (the cash-conversion test applied to a reported receivable); Q4 the named way it dies; Q3 honesty ('the reported earnings were a sham'),"Added 2026-09-20 from the corpus ruling on survival shapes; grounds shape #26. The companion to E4-68 eleven lines later, and the more usable of the two because it names the moment of discovery and the test that discovers it: the attempt to convert the derivatives-related receivable into cash. That is Q4's cash question asked of a balance-sheet asset rather than of an earnings line, and it is the reason the framework's owner-earnings figure starts from cash and not from a mark. The passage closes with the asymmetry, which belongs to Q3: 'the marking errors in the derivatives business have not been symmetrical. Almost invariably, they have favored either the trader who was eyeing a multi-million dollar bonus or the CEO who wanted to report impressive ""earnings""'; and 'Only much later did shareholders learn that the reported earnings were a sham.'"
E4-70,E4,"Through our Clayton purchase, we acquired a significant manufactured-housing finance operation. Clayton, like others in this business, had traditionally securitized the loans it originated. The practice relieved stress on Clayton's balance sheet, but a by-product was the ""front-ending"" of income (a result dictated by GAAP). We are in no hurry to record income, have enormous balance-sheet strength, and believe that over the long-term the economics of holding our consumer paper are superior to what we can now realize through securitization. So Clayton has begun to retain its loans.",2003,Shareholder Letters/2003 Letter.txt (lines 941-948),"THE FRONT-ENDING OF INCOME NAMED, AND THE REMEDY CHOSEN AGAINST IT - securitisation 'relieved stress on Clayton's balance sheet, but a by-product was the ""front-ending"" of income (a result dictated by GAAP)'; 'We are in no hurry to record income, have enormous balance-sheet strength, and believe that over the long-term the economics of holding our consumer paper are superior to what we can now realize through securitization. So Clayton has begun to retain its loans'",Q4 owner earnings (income recognised at origination rather than earned over the loan's life); Q3 rationality (a management choosing later income over sooner); Q4 the named way it dies,"Added 2026-09-20 from the corpus ruling on survival shapes; grounds shape #26. The cleanest statement in the corpus that a reporting convention, not a fraud, can put the profit of a multi-year loan into the year it is written - 'a result dictated by GAAP' - and it is stated as a by-product of a financing decision rather than as an accusation. Two uses. It names the question to ask of any originate-and-distribute lender: is the reported income the spread earned or the gain booked at sale? And it records the corpus acting on its own answer at a cost, because retaining the loans defers the income and consumes balance sheet: 'We are in no hurry to record income.' Berkshire's stated funding rule for the retained book is in the same passage - finance interest-bearing receivables 'almost entirely with debt (just as a bank would)' - which is the shape's antidote, not a contradiction of the conservatism."
E4-71,E4,"Yeah, the derivatives business has the very significant problem that the accounting profession sold out. The accounting is improper. It front-ends way too much income. It’s irrationally optimistic because that’s the way the denizens of the field want it because it creates bigger compensation. This is intrinsically an irresponsible system. And it’s another case where the accounting profession has failed the wider civilization.",2001,Annual Meetings/2001 Annual Meeting.txt (line 857),"MUNGER PUTS THE FRONT-ENDING DOWN TO THE INCENTIVE, NOT TO ERROR - 'the derivatives business has the very significant problem that the accounting profession sold out. The accounting is improper. It front-ends way too much income. It's irrationally optimistic because that's the way the denizens of the field want it because it creates bigger compensation. This is intrinsically an irresponsible system'",Q4 owner earnings (a reported figure the corpus calls improper at the level of the standard); Q3 honesty (the incentive runs through the auditor); Q4 the named way it dies,"Added 2026-09-20 from the corpus ruling on survival shapes; grounds shape #26. A year before the 2002 letter's derivatives section, and it goes further than E4-68 and E4-69 in one respect that matters to a reader deciding how much weight an audit opinion carries: the charge is against the standard and its setters, not against the individual company - 'the accounting profession sold out' - so a clean opinion on a front-ended income statement is consistent with Munger's claim rather than evidence against it. The chain of causation is given in full and is four links long: compensation is calculated on the reported figure, the figure is set by a model, the model's optimism is what the field wants, and the profession accommodated it. Buffett adds the measurement in the next answer: single positions at Salomon 'mismarked by close to $20 million'."
E5-60,E5,"Historically, the survival of a local electric company did not depend on its efficiency. In fact, a ""sloppy"" operation could do just fine financially. That's because utilities were usually the sole supplier of a needed product and were allowed to price at a level that gave them a prescribed return upon the capital they employed. The joke in the industry was that a utility was the only business that would automatically earn more money by redecorating the boss's office. And some CEOs ran things accordingly. That's all changing. Today, society has decided that federally-subsidized wind and solar generation is in our country's long-term interest. Federal tax credits are used to implement this policy, support that makes renewables price-competitive in certain geographies. Those tax credits, or other government-mandated help for renewables, may eventually erode the economics of the incumbent utility, particularly if it is a high-cost operator.",2015,Shareholder Letters/2015 Letter.txt (lines 1131-1143),"THE REGULATED RETURN MADE EFFICIENCY OPTIONAL, AND A SUBSIDY CAN THEN END THE INCUMBENT - 'Historically, the survival of a local electric company did not depend on its efficiency. In fact, a ""sloppy"" operation could do just fine financially'; utilities 'were allowed to price at a level that gave them a prescribed return upon the capital they employed. The joke in the industry was that a utility was the only business that would automatically earn more money by redecorating the boss's office. And some CEOs ran things accordingly'; 'Those tax credits, or other government-mandated help for renewables, may eventually erode the economics of the incumbent utility, particularly if it is a high-cost operator'",Q2 franchise (a return granted by a regulator rather than earned against competitors); Q4 the named way it dies (a subsidised entrant against a cost base built without pressure); Q3 (where the incentive to be efficient was absent),"Added 2026-09-20 from the corpus ruling on survival shapes; grounds shape #14. Cut as ONE row rather than two, on E3-76's precedent: the regulated return, the redecorating joke and the subsidised entrant are one argument, and splitting them would let the joke be cited as colour or the erosion be cited as a policy risk, when the corpus's point is that the first CAUSES the second - a cost base assembled under a prescribed return is what a subsidised competitor erodes. Three things to keep with it. The hedge is Buffett's: 'may eventually erode', and the condition is named - 'particularly if it is a high-cost operator'. The policy is not opposed; it is described as something 'society has decided'. And the row is written about a business Berkshire owns, with the claimed defence being the thing the shape attacks: BHE's 'long-established emphasis on efficiency [...] even when the company didn't need it to attain authorized earnings', evidenced in the same section by 3,700 people producing 19 million megawatt-hours before 1999 against 3,500 producing 29 million after."
E4-72,E4,"Progress in design and construction was not matched, however, by progress in distribution and financing. Instead, as the years went by, the industry's business model increasingly centered on the ability of both the retailer and manufacturer to unload terrible loans on naive lenders. When ""securitization"" then became popular in the 1990s, further distancing the supplier of funds from the lending transaction, the industry's conduct went from bad to worse. Much of its volume a few years back came from buyers who shouldn't have bought, financed by lenders who shouldn't have lent. The consequence has been huge numbers of repossessions and pitifully low recoveries on the units repossessed.",2003,Shareholder Letters/2003 Letter.txt (lines 256-262),"THE BUSINESS MODEL THAT SELLS THE PRODUCT BY UNLOADING THE LOAN - 'the industry's business model increasingly centered on the ability of both the retailer and manufacturer to unload terrible loans on naive lenders. When ""securitization"" then became popular in the 1990s, further distancing the supplier of funds from the lending transaction, the industry's conduct went from bad to worse. Much of its volume a few years back came from buyers who shouldn't have bought, financed by lenders who shouldn't have lent'","Q1 (what the business actually sells, and to whom the risk goes); Q4 the named way it dies (the demand was financed, not real); Q2 franchise (the product improved while the model rotted)","Added 2026-09-20 from the corpus ruling on survival shapes; grounds shape #18. First of two rows on the manufactured-housing passage; E4-73 is lines 282-289, the model required instead. The distinction this row draws is the one a run needs at Q1: the product was fine and improving - the industry 'can deliver very good value to home purchasers' and 'both the quality and variety of manufactured houses consistently improved' - and the failure was entirely in distribution and financing. So a product verdict is not a business verdict. Securitisation is named as the accelerant and the reason is given as distance, 'further distancing the supplier of funds from the lending transaction', which is a structural test a reader can apply rather than a judgment about anyone's character. The corpus prices its own error in the same section: Buffett bought Oakwood debt and 'Oakwood rather promptly went bankrupt'."
E4-73,E4,"Today, the manufactured housing industry remains awash in problems. Delinquencies continue high, repossessed units still abound and the number of retailers has been halved. A different business model is required, one that eliminates the ability of the retailer and salesman to pocket substantial money up front by making sales financed by loans that are destined to default. Such transactions cause hardship to both buyer and lender and lead to a flood of repossessions that then undercut the sale of new units. Under a proper model � one requiring significant down payments and shorter-term loans � the industry will likely remain much smaller than it was in the 90s. But it will deliver to home buyers an asset in which they will have equity, rather than disappointment, upon resale.",2003,Shareholder Letters/2003 Letter.txt (lines 282-289),"THE TEST IS WHETHER THE SELLER CAN BE PAID BEFORE THE LOAN CAN FAIL - 'A different business model is required, one that eliminates the ability of the retailer and salesman to pocket substantial money up front by making sales financed by loans that are destined to default'; the proper model is specified - 'one requiring significant down payments and shorter-term loans' - and its cost is stated: 'the industry will likely remain much smaller than it was in the 90s. But it will deliver to home buyers an asset in which they will have equity, rather than disappointment, upon resale'",Q1 (the incentive inside the sale is part of the business model); Q4 the named way it dies (volume that cannot survive its own credit terms); Q3 rationality (a management that chooses the smaller model),"Added 2026-09-20 from the corpus ruling on survival shapes; grounds shape #18. Second of two rows; E4-72 is lines 256-262, the model being described. This is the operative half, because it converts the diagnosis into something checkable at Q1: can the person making the sale be paid in full before the loan can go bad? Where the answer is yes, the volume is not demand. Two features of the row are worth keeping. It names the terms that fix it - significant down payments, shorter-term loans - so the test has a positive form and not only a negative one. And it states the price of the fix without hedging: the industry 'will likely remain much smaller', which is the corpus declining to promise that the sound model is also the larger one. Written in the year Berkshire bought Clayton, whose conduct the same section grades as 'considerably better than its major competitors' rather than clean."
E3-79,E3,"After 15 years of operation, our store in Albuquerque was endangered: The landlord would not renew our lease, wanting us instead to move to an inferior location in the mall and even so to pay a much higher rent. These changes would have wiped out the store's profit. After extended negotiations got us nowhere, we set a date for closing the store.",1990,Shareholder Letters/1990 Letter.txt (line 134),"THE LEASE AS THE THING THAT CAN END A PROFITABLE LOCATION - 'After 15 years of operation, our store in Albuquerque was endangered: The landlord would not renew our lease, wanting us instead to move to an inferior location in the mall and even so to pay a much higher rent. These changes would have wiped out the store's profit. After extended negotiations got us nowhere, we set a date for closing the store'","Q4 the named way it dies (an input the business does not own and cannot replace at the same price); Q2 franchise (the location as part of the moat, and the landlord's claim on it); Q4 owner earnings (rent as a renegotiable cost)","Added 2026-09-20 from the corpus ruling on survival shapes; grounds shape #13. Small in the letter and precise in what it shows: a fifteen-year-old, profitable unit of one of the corpus's own franchise businesses was set for closure because the counterparty holding a non-owned input asked for the whole of the profit - 'would have wiped out the store's profit' - and See's was ready to close rather than pay. The bargaining outcome is in the corpus too, and a run must not cite the row without it: 263 customers wrote and telephoned, a newspaper picked up the story, and 'our landlord offered us a satisfactory deal'. So the passage is evidence on both sides - the exposure is real and a genuine franchise has a defence against it, which is exactly the relative claim Q2 requires. Note the defence was the customers' attachment, not the company's size."
E3-80,E3,"The question is about the future of the tobacco business? I don’t — I probably know no more about that then you do because it’s fraught with questions that relate to societal attitudes and you can form an opinion on that just as well as I could. But, I would not like to have a significant percentage of my net worth in the tobacco business myself, but — They may have better futures than I envision. I don’t really think that I have special insights on that. [...] You have to come to a conclusion as to how society is going to want to treat — and the present administration for that matter. And the economics of the business may be fine, but that doesn’t mean it has a great future.",1994,Annual Meetings/1994 Annual Meeting.txt (lines 427-431),"GOOD ECONOMICS IS NOT A FUTURE - 'the economics of the business may be fine, but that doesn't mean it has a great future'; the reason given is that the question is 'fraught with questions that relate to societal attitudes' on which 'you can form an opinion on that just as well as I could'; and the personal conclusion: 'I would not like to have a significant percentage of my net worth in the tobacco business myself'","Q4 the named way it dies (society, not a competitor); verdict machinery (UNKNOWABLE: no document resolves a societal attitude); Q2 franchise (an intact moat with no claim on the future)","Added 2026-09-20 from the corpus ruling on survival shapes; grounds shape #22. The ordering brief cited line 427 for the sentence; on disk the sentence is at line 431, in Buffett's follow-up, so the row is cut as two fragments in document order, 427 and 431, and the line locator records both. This is the sharpest separation in the corpus between the two things Q2 and Q4 ask: the economics can be excellent and the future still unavailable, and the corpus does not resolve the tension by pretending to a view - 'I probably know no more about that then you do' ('then' is in the transcript; kept per PRIME RULE 1). What it does instead is the verdict machinery working: the input is a societal attitude, no document would settle it, so it closes as unknowable and the position is declined. Munger's whole answer at the end of the exchange is one word: 'No.'"
E4-74,E4,"Oh, tobacco. I don’t know about Warren, but I think the legislative threat to tobacco is serious, and I haven’t the faintest idea of how to predict it.",1999,Annual Meetings/1999 Annual Meeting.txt (line 1175),"MUNGER NAMES THE THREAT AND DECLINES TO PREDICT IT IN ONE SENTENCE - 'I think the legislative threat to tobacco is serious, and I haven't the faintest idea of how to predict it'","Q4 the named way it dies (legislation); verdict machinery (a risk can be serious and unknowable at once, and that closes the file); Q3 (candour about the limit of one's own judgment)","Added 2026-09-20 from the corpus ruling on survival shapes; grounds shape #22. Five years after E3-80 and the same verdict, now with the channel named: legislative rather than diffuse societal attitude. The row's value is the conjunction, because the two halves are what the framework's UNKNOWABLE verdict is made of - a serious threat, and no method of estimating it - and Munger states them together without resolving either into a discount rate or a haircut. Buffett's answer immediately after supplies the comparison that keeps this from being generic political risk: 'there's no comparison between the threat to tobacco, currently, with the threat to pharmaceuticals in 1993', and the distinction he draws is that with pharmaceuticals 'Nobody was against pharmaceuticals', the dispute being about pricing and distribution, whereas 'tobacco's a different story'. So the corpus does grade this class of risk; it just will not price this instance."
E5-61,E5,"So, since 2009, the rules have been tilted against the larger banks by — primarily — through capital requirements. And that just means returns on equity go down, but returns on equity were awfully high prior to that. So it doesn’t — it hasn’t turned it into a bad business, it’s turned it into a less attractive business than earlier.",2016,Annual Meetings/2016 Annual Meeting.txt (line 409),"THE GRADED VERDICT ON AN EXOGENOUS LEVER - 'since 2009, the rules have been tilted against the larger banks by - primarily - through capital requirements. And that just means returns on equity go down, but returns on equity were awfully high prior to that. So it doesn't - it hasn't turned it into a bad business, it's turned it into a less attractive business than earlier'","Q2 franchise (a degraded advantage is not an absent one); Q4 the named way it dies (the shape can be partial, and the corpus says so); Q5 (the return falls, the ranking changes, the file does not close)","Added 2026-09-20 from the corpus ruling on survival shapes; grounds shape #27. The continuation of the answer E5-55 cuts, from the same line 409 and beginning where E5-55's quote ends, so no sentence is duplicated - E5-55 runs to 'cause the system all kinds of trouble' and this row starts at the next sentence. Cut as its own row because E5-55's evolution note describes the graded verdict without quoting it, and PRIME RULE 6 wants the words on the record before any rule leans on them. What the row supplies that no other does: a named mechanism reducing a named franchise's returns, with the verdict explicitly withheld from both extremes - not a bad business, not the business it was - and the reason the degradation is survivable given in the same breath, 'returns on equity were awfully high prior to that'. That is the corpus refusing a binary at Q2, which is what a survival shape most often needs and most rarely gets."
E2-78,E2,"There have been plenty of mergers, non-dilutive in this limited sense, that were instantly value destroying for the acquirer.  And some mergers that have diluted current and near-term earnings per share have in fact been value-enhancing.  What really counts is whether a merger is dilutive or anti-dilutive in terms of intrinsic business value (a judgment involving consideration of many variables).  We believe calculation of dilution from this viewpoint to be all-important (and too seldom made).",1982,Shareholder Letters/1982 Letter.txt (lines 835-843),"DILUTION IS JUDGED IN INTRINSIC VALUE, AND THE PER-SHARE TEST MISSES IT - 'There have been plenty of mergers, non-dilutive in this limited sense, that were instantly value destroying for the acquirer. And some mergers that have diluted current and near-term earnings per share have in fact been value-enhancing. What really counts is whether a merger is dilutive or anti-dilutive in terms of intrinsic business value (a judgment involving consideration of many variables). We believe calculation of dilution from this viewpoint to be all-important (and too seldom made)'","Q3 rationality (the acquisition test management is judged by); Q4 the named way it dies (value destroyed by deals that pass the reported test); Q5 (intrinsic value, not earnings per share, is the unit)","Added 2026-09-20 from the corpus ruling on survival shapes; grounds shape #24. The row is the corpus separating the accounting test from the economic one, in both directions: a merger can pass the earnings-per-share screen and destroy value instantly, and it can fail that screen and create value. The sentence before is where the earnings test is put in its place - 'current earnings per share (or even earnings per share of the next few years) are an important variable in most business valuations, but far from all powerful' - and the parenthetical at the end is the finding a reader should carry to any acquirer's record: the calculation that matters is 'too seldom made', so its absence is the base case and not a red flag on its own. 1982 is also where the letter's next paragraph refuses the language of the transaction, since 'B Sells to A' hides which party is paying."
E5-62,E5,"But he started as a conglomerate where he was very interested in reporting higher earnings all the time so he could keep the daisy chain going. And when he managed it on the way down, he bought in the stock relentlessly and very logically, like a great chess player should.",2013,Annual Meetings/2013 Annual Meeting.txt (line 537),"THE SAME MAN ON BOTH SIDES OF THE SHAPE - Singleton 'started as a conglomerate where he was very interested in reporting higher earnings all the time so he could keep the daisy chain going. And when he managed it on the way down, he bought in the stock relentlessly and very logically, like a great chess player should'","Q3 rationality (issuance and repurchase as the same decision, read by price); Q4 the named way it dies (the counter-case: the chain can be run in reverse); Q5 (the test is value against price, not the direction of the share count)","Added 2026-09-20 from the corpus ruling on survival shapes; grounds shape #24. Entered as the COUNTER-ROW to the issuance shape, and it is the strongest one available because it is the same operator, the same company and opposite conduct: shares issued while they were dear to keep the daisy chain going, shares bought in relentlessly when they were cheap. So share issuance is not itself the disease - the disease is issuing paper the issuer knows to be overpriced without a use for the proceeds, and the discipline is the willingness to reverse when the price reverses. Munger's admiration is not unqualified in the passage: Singleton ran his companies 'on a way more centralized basis than Berkshire has ever operated', and 'I don't think you should get the idea that just because he was a genius he did it better than we did.' The closing fact is a survival fact: Singleton wanted to sell the bulk of the enterprises to Berkshire, and wanted Berkshire stock for them."
E2-79,E2,"The zero-coupon or PIK bond possesses one additional attraction for the promoter and investment banker, which is that the time elapsing between folly and failure can be stretched out. This is no small benefit. If the period before all costs must be faced is long, promoters can create a string of foolish deals - and take in lots of fees - before any chickens come home to roost from their earlier ventures. But in the end, alchemy, whether it is metallurgical or financial, fails. A base business can not be transformed into a golden business by tricks of accounting or capital structure. The man claiming to be a financial alchemist may become rich. But gullible investors rather than business achievements will usually be the source of his wealth.",1989,Shareholder Letters/1989 Letter.txt (lines 1345-1358),"CAPITAL STRUCTURE BUYS TIME BETWEEN FOLLY AND FAILURE, AND BUYS NOTHING ELSE - the zero-coupon or PIK bond's attraction to the promoter is 'that the time elapsing between folly and failure can be stretched out. This is no small benefit. If the period before all costs must be faced is long, promoters can create a string of foolish deals - and take in lots of fees - before any chickens come home to roost from their earlier ventures'; 'But in the end, alchemy, whether it is metallurgical or financial, fails. A base business can not be transformed into a golden business by tricks of accounting or capital structure'",Q4 survival and the named way it dies (the deferral of the day of reckoning is not its removal); Q3 honesty (the fee-earner's incentive to lengthen the fuse); Q2 franchise (no financing structure creates one),"Added 2026-09-20 from the corpus ruling on survival shapes; grounds shape #5. Absorbs shape #15. Grepped first: the overlapping ledger row on this section of the 1989 letter is E2-54, at lines 1368-1376, which cuts the EBDIT coverage test and no part of this passage, so nothing here is a duplicate. Two findings. The economic one is the corpus's flattest statement that structure is not substance - 'A base business can not be transformed into a golden business by tricks of accounting or capital structure' - which is why Q2 and Q4 are asked of the business and not of the balance sheet. The forensic one is the timing: the interval between folly and failure is a variable the promoter controls, so an absence of failure over several years is not evidence, and the corpus explains what the interval is FOR - a string of further deals and the fees on them. The letter then declines the easy generalisation in the next paragraph: 'many zero-coupon and PIK bonds will not default. We have in fact owned some and may buy more if their market becomes sufficiently distressed.'"
E5-63,E5,"If you can repurchase your shares at a significant discount from intrinsic value, it like buying dollar bills at 90 cents or 80 cents or whatever it may be, and it’s a very sure way of improving per-share value.",2013,Annual Meetings/2013 Annual Meeting.txt (line 981),repurchase below intrinsic value is buying dollar bills at 90 or 80 cents; the discount is what makes it sure,Q5 Bar 1 (margin of safety illustrations); Q3 capital allocation (buybacks),"Added 2026-10-04 at the v5 reconciliation (part 3, row 49). Until then Bar 1 carried the line ""it's hard to go wrong when you're buying dollar bills for 80 cents or less"" cited to E5-09, whose text is about price being all-important in repurchases; those words are not on the shelf and this 2013 answer (heading 8, Berkshire buybacks) is the passage nearest them. Transcript artifact kept: ""it like"" for ""it is like"" (PRIME RULE 1). The v5 ledger carries the same passage as M2013-055's neighbour."
E5-64,E5,"It is true that we own some stocks that I have no intention of selling for as far as the eye can see (and we're talking 20/20 vision). But we have made no commitment that Berkshire will hold any of its marketable securities forever. [...] That principle covers controlled businesses, not marketable securities. This year I've added a final sentence to #11 to ensure that our owners understand that we regard any marketable security as available for sale, however unlikely such a sale now seems.",2016,Shareholder Letters/2016 Letter.txt (lines 1036-1043),marketable securities are never a permanent holding; the never-sell principle covers controlled businesses only; Owner's Manual #11 amended to say so,Q6 permanent designation; THE HOLDINGS FRAMEWORK designation and H4 exemption,"Added 2026-10-05 at the v5 reconciliation (part 3 row 'permanent designation', part 4 rows 21 and 52). The v5 blind read carries it as L2016-010 and the Owner's Manual reprint's matching sentence as R2016-001. The row precedes the PRIME RULE 5 case that asks to withdraw the PERMANENT class for marketable securities (PRIME RULE 6)."
E5-65,E5,"I should have written the ""five-year rolling basis"" sentence differently, an error I didn't realize until I received a question about this subject at the 2009 annual meeting. When the stock market has declined sharply over a five-year stretch, our market-price premium to book value has sometimes shrunk. And when that happens, we fail the test as I improperly formulated it. [...] The five-year test should be: (1) during the period did our book-value gain exceed the performance of the S&P; and (2) did our stock consistently sell at a premium to book, meaning that every $1 of retained earnings was always worth more than $1? If these tests are met, retaining earnings has made sense.",2009,Annual Reports/2009 Annual Report.txt (lines 5585-5594),"the five-year retention test as its author corrected it in 2009: book-value gain over the S&P, and the stock consistently above book so every retained dollar was worth more than a dollar",THE HOLDINGS FRAMEWORK H2 (the retention test); Q3 and Q6 of the v5 drafts,"Added 2026-10-05 at the v5 reconciliation (part 4, finding 2): H2 quotes the 1996 Owner's Manual wording [E3-54] that its author called improperly formulated in 2009. Ninth shelf class (signed report section, the Owner's Manual as printed that year). The v5 read carries it as R2009-002."
