ticker,name,cap_m,oe_bottom_m,oe_top_m,spread,spread_dollars,cap_flag,deal_note,name_change_note,wc_note,yield_bottom,vs_sovereign,growth_required,level_shift,level_note,best_year_dep,best_year_note,level_shift_oe,level_note_oe,best_year_dep_oe,flags_disagree,level_shift_full,years_filed,window_disagree,acq_note,da_note,spread_caveat,newest_filing,newest_periodic
OPFI,OppFi Inc.,602,267,325,0.214,$267M to $325M,,"LIVE DEAL FORM: 3 filing(s) since the annual report of 2026-03-12, first 425 on 2026-05-08 (0001193125-26-212493). IF A DEAL IS LIVE THE QUOTE IS A SPREAD, NOT AN OWNER-EARNINGS PRICE - read it before pricing anything [ROKU, 2026-09-12].","NAME CHANGE inside the data window: was 'FG New America Acquisition Corp.' until 2021-07-20. Possibly a reverse merger, de-SPAC, spin or merger whose predecessor's figures sit under this CIK - or a rebrand (~60% of these are real perimeter events). CHECK THAT MULTI-YEAR FIGURES ARE ONE COMPANY [NEGG, 2026-09-13].",,0.4443,0.3908,-0.3443,1.81,STEP UP - normalize down [E4-41],0.097,no single-year dependence (9-yr OCF series),1.83,STEP UP - normalize down [E4-41],0.095,,1.81,7,,,,4-construction width only (3y/5y x two capex ends): CANNOT see variation older than the 5-year window; rebuild it [E4-25],2025-12-31,2026-06-30
PAGP,PLAINS GP HOLDINGS LP,5535,1318,1750,0.328,"$1,318M to $1,750M",,"2 8-K Item 1.01 filing(s) since 2026-02-27, none carrying a merger agreement (EX-2.1) - most likely a credit facility or offering; open them only if something else is odd.",,"ONE LINE MADE THE CASH: AccountsPayableAndAccruedLiabilities moved 99% of 2021 OCF. Operating cash is not owner earnings when one balance-sheet line produced it (DELL, INOD). Read the 2021 cash-flow statement and liquidity note.",0.2381,0.1846,-0.1381,1.21,no step,0.027,no single-year dependence (9-yr OCF series),1.33,no step,0.039,,1.41,15,,,,4-construction width only (3y/5y x two capex ends): CANNOT see variation older than the 5-year window; rebuild it [E4-25],2025-12-31,2026-06-30
CUBB,"Customers Bancorp, Inc.",740,167,234,0.405,$167M to $234M,"CAP BELOW FILED PUBLIC FLOAT - cap $740M against a filed float of $1,714M (2.32x) as of 2025-06-30. A cap cannot be smaller than a subset of itself. One of the two is wrong - RE-STRIKE THE CAP BY HAND before using any yield on this row [operator rule 4].",,,,0.2254,0.1719,-0.1254,n/a,EARLY HALF STRADDLES ZERO - the pre-window years run from $-,0.27,"ONE YEAR CARRIES THE WINDOW - a tight spread here is arithmetic, not knowledge; re-price on a wi (9-yr OCF series)",n/a,EARLY HALF STRADDLES ZERO - the pre-window years run from $-39.0M to $,0.296,,n/a,17,,,,4-construction width only (3y/5y x two capex ends): CANNOT see variation older than the 5-year window; rebuild it [E4-25],2025-12-31,2026-06-30
SNFCA,SECURITY NATIONAL FINANCIAL CORP,199,43,83,0.947,$43M to $83M,,,,,0.2146,0.1611,-0.1146,n/a,EARLY HALF STRADDLES ZERO - the pre-window years run from $-,0.987,TWO YEARS JOINTLY CARRY THE WINDOW - the exact two-year-boom shape leave-one-out cannot see; re- (9-yr OCF series),n/a,EARLY HALF STRADDLES ZERO - the pre-window years run from $-131.6M to ,1.063,,n/a,17,,"acquisitions are $13M, 6% of cap, inside the window.",,4-construction width only (3y/5y x two capex ends): CANNOT see variation older than the 5-year window; rebuild it [E4-25],2025-12-31,2026-06-30
CASH,"PATHWARD FINANCIAL, INC.",1689,351,408,0.161,$351M to $408M,"CAP BELOW FILED PUBLIC FLOAT - cap $1,689M against a filed float of $1,700M (1.01x) as of 2025-03-31. A cap cannot be smaller than a subset of itself. One of the two is wrong - RE-STRIKE THE CAP BY HAND before using any yield on this row [operator rule 4].",,,,0.208,0.1545,-0.108,1.42,no step,0.089,no single-year dependence (9-yr OCF series),1.45,no step,0.095,,n/a,17,WINDOW DISAGREE - 9yr and the full 17yr series give different KINDS of answer; the 9yr base may already contain the wave [E4-41],,,4-construction width only (3y/5y x two capex ends): CANNOT see variation older than the 5-year window; rebuild it [E4-25],2025-09-30,2026-06-30
UVE,"UNIVERSAL INSURANCE HOLDINGS, INC.",1208,182,217,0.193,$182M to $217M,,"LIVE DEAL FORM: 1 filing(s) since the annual report of 2026-02-27, first S-4 on 2026-09-09 (0001193125-26-386466). IF A DEAL IS LIVE THE QUOTE IS A SPREAD, NOT AN OWNER-EARNINGS PRICE - read it before pricing anything [ROKU, 2026-09-12].",,,0.1509,0.0974,-0.0509,1.03,no step,0.122,one year is doing heavy lifting - check it (9-yr OCF series),1.06,no step,0.266,,n/a,17,WINDOW DISAGREE - 9yr and the full 17yr series give different KINDS of answer; the 9yr base may already contain the wave [E4-41],,,4-construction width only (3y/5y x two capex ends): CANNOT see variation older than the 5-year window; rebuild it [E4-25],2025-12-31,2026-06-30
LEG,LEGGETT & PLATT INC,1257,183,270,0.479,$183M to $270M,,"LIVE DEAL FORM: 10 filing(s) since the annual report of 2026-02-26, first 425 on 2026-04-13 (0001193125-26-153129). IF A DEAL IS LIVE THE QUOTE IS A SPREAD, NOT AN OWNER-EARNINGS PRICE - read it before pricing anything [ROKU, 2026-09-12].",,,0.1453,0.0918,-0.0453,0.8,no step,0.062,no single-year dependence (9-yr OCF series),0.84,no step,0.083,,0.85,18,,"acquisitions are $236M, 19% of cap, inside the window - the numerator and denominator may be different compani",,4-construction width only (3y/5y x two capex ends): CANNOT see variation older than the 5-year window; rebuild it [E4-25],2025-12-31,2026-06-30
SMPL,Simply Good Foods Co,967,128,160,0.249,$128M to $160M,"CAP BELOW FILED PUBLIC FLOAT - cap $967M against a filed float of $3,300M (3.41x) as of 2024-02-23. A cap cannot be smaller than a subset of itself. One of the two is wrong - RE-STRIKE THE CAP BY HAND before using any yield on this row [operator rule 4].","1 8-K Item 1.01 filing(s) since 2025-10-28, none carrying a merger agreement (EX-2.1) - most likely a credit facility or offering; open them only if something else is odd.",,,0.1323,0.0788,-0.0323,2.16,STEP UP - normalize down [E4-41],0.103,no single-year dependence (9-yr OCF series),2.09,STEP UP - normalize down [E4-41],0.111,,2.16,8,,"NET CASH INFLOW on the acquisition line ($282M, 29% of cap) - cash acquired exceeded cash paid, so the CONSIDE",,4-construction width only (3y/5y x two capex ends): CANNOT see variation older than the 5-year window; rebuild it [E4-25],2025-08-30,2026-05-30
SIG,SIGNET JEWELERS LTD,3198,423,599,0.415,$423M to $599M,,"1 8-K Item 1.01 filing(s) since 2026-03-19, none carrying a merger agreement (EX-2.1) - most likely a credit facility or offering; open them only if something else is odd.",,,0.1322,0.0787,-0.0322,0.55,STEP DOWN - the series has changed level; a tight spread her,0.134,one year is doing heavy lifting - check it (9-yr OCF series),0.46,STEP DOWN - the series has changed level; a tight spread here is not s,0.15,,0.92,18,,"acquisitions are $914M, 29% of cap, inside the window - the numerator and denominator may be different compani",,4-construction width only (3y/5y x two capex ends): CANNOT see variation older than the 5-year window; rebuild it [E4-25],2026-01-31,2026-05-02
CALM,CAL-MAINE FOODS INC,3763,491,614,0.252,$491M to $614M,"CAP BELOW FILED PUBLIC FLOAT - cap $3,763M against a filed float of $3,825M (1.02x) as of 2025-11-28. A cap cannot be smaller than a subset of itself. One of the two is wrong - RE-STRIKE THE CAP BY HAND before using any yield on this row [operator rule 4].","1 8-K Item 1.01 filing(s) since 2026-07-22, none carrying a merger agreement (EX-2.1) - most likely a credit facility or offering; open them only if something else is odd.",,,0.1304,0.0769,-0.0304,3.07,STEP UP - normalize down [E4-41],0.262,"ONE YEAR CARRIES THE WINDOW - a tight spread here is arithmetic, not knowledge; re-price on a wi (9-yr OCF series)",n/a,EARLY HALF STRADDLES ZERO - the pre-window years run from $-72.7M to $,0.343,FLAGS DISAGREE - one series refuses the ratio and the other does not; read the filing [E4-25],n/a,17,WINDOW DISAGREE - 9yr and the full 17yr series give different KINDS of answer; the 9yr base may already contain the wave [E4-41],"acquisitions are $643M, 17% of cap, inside the window - the numerator and denominator may be different compani",,4-construction width only (3y/5y x two capex ends): CANNOT see variation older than the 5-year window; rebuild it [E4-25],2026-05-30,2026-05-30
HESM,Hess Midstream LP,5078,650,725,0.115,$650M to $725M,,"1 8-K Item 1.01 filing(s) since 2026-02-25, none carrying a merger agreement (EX-2.1) - most likely a credit facility or offering; open them only if something else is odd.",,,0.1281,0.0746,-0.0281,1.56,no step,0.049,no single-year dependence (9-yr OCF series),1.84,STEP UP - normalize down [E4-41],0.071,,1.56,9,,,,4-construction width only (3y/5y x two capex ends): CANNOT see variation older than the 5-year window; rebuild it [E4-25],2025-12-31,2026-06-30
EMBC,Embecta Corp.,286,35,181,4.151,$35M to $181M,CAP BELOW FILED PUBLIC FLOAT - cap $286M against a filed float of $732M (2.56x) as of 2025-03-31. A cap cannot be smaller than a subset of itself. One of the two is wrong - RE-STRIKE THE CAP BY HAND before using any yield on this row [operator rule 4].,"M&A AGREEMENT ON FILE: EX-2.1 (plan of merger or acquisition) with the 8-K Item 1.01 of 2026-03-20 (0000947871-26-000310). It is filed by the TARGET and the ACQUIRER alike - READ IT: if this company is being bought the quote is a SPREAD, if it is buying the perimeter changes [ACVA, 2026-09-13].","NAME CHANGE inside the data window: was 'Berra Newco, Inc.' until 2021-09-03. Possibly a reverse merger, de-SPAC, spin or merger whose predecessor's figures sit under this CIK - or a rebrand (~60% of these are real perimeter events). CHECK THAT MULTI-YEAR FIGURES ARE ONE COMPANY [NEGG, 2026-09-13].","ONE LINE MADE THE CASH: AccountsPayableAndAccruedLiabilities moved 168% of 2024 OCF. Operating cash is not owner earnings when one balance-sheet line produced it (DELL, INOD). Read the 2024 cash-flow statement and liquidity note.",0.1226,0.0691,-0.0226,0.22,STEP DOWN - the series has changed level; a tight spread her,0.362,TWO YEARS JOINTLY CARRY THE WINDOW - the exact two-year-boom shape leave-one-out cannot see; re- (9-yr OCF series),0.14,STEP DOWN - the series has changed level; a tight spread here is not s,0.447,,0.22,6,,,,4-construction width only (3y/5y x two capex ends): CANNOT see variation older than the 5-year window; rebuild it [E4-25],2025-09-30,2026-06-30
ESNT,Essent Group Ltd.,6129,730,800,0.096,$730M to $800M,,,,,0.1191,0.0656,-0.0191,1.37,no step,0.034,no single-year dependence (9-yr OCF series),1.38,no step,0.034,,2.06,14,,,,4-construction width only (3y/5y x two capex ends): CANNOT see variation older than the 5-year window; rebuild it [E4-25],2025-12-31,2026-06-30
L,LOEWS CORP,22432,2585,2788,0.078,"$2,585M to $2,788M",,,,,0.1152,0.0617,-0.0152,1.26,no step,0.055,no single-year dependence (9-yr OCF series),1.48,no step,0.061,,n/a,19,WINDOW DISAGREE - 9yr and the full 19yr series give different KINDS of answer; the 9yr base may already contain the wave [E4-41],,,4-construction width only (3y/5y x two capex ends): CANNOT see variation older than the 5-year window; rebuild it [E4-25],2025-12-31,2026-06-30
MCFT,"MasterCraft Boat Holdings, Inc.",389,45,57,0.271,$45M to $57M,"CAP BELOW FILED PUBLIC FLOAT - cap $389M against a filed float of $236,100M (606.94x) as of 2024-12-29. A cap cannot be smaller than a subset of itself. One of the two is wrong - RE-STRIKE THE CAP BY HAND before using any yield on this row [operator rule 4].",,"NAME CHANGE inside the data window: was 'MCBC Holdings, Inc.' until 2018-11-02. Possibly a reverse merger, de-SPAC, spin or merger whose predecessor's figures sit under this CIK - or a rebrand (~60% of these are real perimeter events). CHECK THAT MULTI-YEAR FIGURES ARE ONE COMPANY [NEGG, 2026-09-13].","ONE LINE MADE THE CASH: AccountsPayable moved 62% of 2024 OCF. Operating cash is not owner earnings when one balance-sheet line produced it (DELL, INOD). Read the 2024 cash-flow statement and liquidity note.",0.1146,0.0611,-0.0146,1.2,no step,0.186,one year is doing heavy lifting - check it (9-yr OCF series),1.15,no step,0.209,,1.43,12,,,,4-construction width only (3y/5y x two capex ends): CANNOT see variation older than the 5-year window; rebuild it [E4-25],2025-06-30,2026-03-29
BRBR,"BELLRING BRANDS, INC.",1243,139,203,0.468,$139M to $203M,"CAP BELOW FILED PUBLIC FLOAT - cap $1,243M against a filed float of $9,368M (7.54x) as of 2025-03-31. A cap cannot be smaller than a subset of itself. One of the two is wrong - RE-STRIKE THE CAP BY HAND before using any yield on this row [operator rule 4].",,,"ONE LINE MADE THE CASH: AccountsPayableAndAccruedLiabilities moved 49% of 2022 OCF. Operating cash is not owner earnings when one balance-sheet line produced it (DELL, INOD). Read the 2022 cash-flow statement and liquidity note.",0.1115,0.058,-0.0115,1.93,STEP UP - normalize down [E4-41],0.094,no single-year dependence (9-yr OCF series),1.84,STEP UP - normalize down [E4-41],0.087,,1.93,8,,,,4-construction width only (3y/5y x two capex ends): CANNOT see variation older than the 5-year window; rebuild it [E4-25],2025-09-30,2026-06-30
CE,Celanese Corp,4861,521,986,0.893,$521M to $986M,"CAP BELOW FILED PUBLIC FLOAT - cap $4,861M against a filed float of $6,048M (1.24x) as of 2025-06-30. A cap cannot be smaller than a subset of itself. One of the two is wrong - RE-STRIKE THE CAP BY HAND before using any yield on this row [operator rule 4].","1 8-K Item 1.01 filing(s) since 2026-02-24, none carrying a merger agreement (EX-2.1) - most likely a credit facility or offering; open them only if something else is odd.",,,0.1071,0.0536,-0.0071,0.92,no step,0.043,no single-year dependence (9-yr OCF series),0.85,no step,0.046,,1.36,19,,"NET CASH INFLOW on the acquisition line ($11,783M, 242% of cap) - cash acquired exceeded cash paid, so the CON",,4-construction width only (3y/5y x two capex ends): CANNOT see variation older than the 5-year window; rebuild it [E4-25],2025-12-31,2026-06-30
MGPI,MGP INGREDIENTS INC,362,38,73,0.933,$38M to $73M,CAP BELOW FILED PUBLIC FLOAT - cap $362M against a filed float of $423M (1.17x) as of 2025-06-30. A cap cannot be smaller than a subset of itself. One of the two is wrong - RE-STRIKE THE CAP BY HAND before using any yield on this row [operator rule 4].,"1 8-K Item 1.01 filing(s) since 2026-02-25, none carrying a merger agreement (EX-2.1) - most likely a credit facility or offering; open them only if something else is odd.",,,0.1048,0.0513,-0.0048,1.94,STEP UP - normalize down [E4-41],0.094,no single-year dependence (9-yr OCF series),n/a,EARLY HALF STRADDLES ZERO - the pre-window years run from $-0.7M to $3,0.225,FLAGS DISAGREE - one series refuses the ratio and the other does not; read the filing [E4-25],n/a,17,WINDOW DISAGREE - 9yr and the full 17yr series give different KINDS of answer; the 9yr base may already contain the wave [E4-41],"acquisitions are $253M, 70% of cap, inside the window - the numerator and denominator may be different compani",,4-construction width only (3y/5y x two capex ends): CANNOT see variation older than the 5-year window; rebuild it [E4-25],2025-12-31,2026-03-31
GM,General Motors Co,75136,7769,11939,0.537,"$7,769M to $11,939M",,"2 8-K Item 1.01 filing(s) since 2026-01-27, none carrying a merger agreement (EX-2.1) - most likely a credit facility or offering; open them only if something else is odd.",,"ONE LINE MADE THE CASH: AccountsPayable moved 38% of 2022 OCF. Operating cash is not owner earnings when one balance-sheet line produced it (DELL, INOD). Read the 2022 cash-flow statement and liquidity note.",0.1034,0.0499,-0.0034,1.42,no step,0.06,no single-year dependence (9-yr OCF series),1.56,no step,0.112,,1.71,16,,,,4-construction width only (3y/5y x two capex ends): CANNOT see variation older than the 5-year window; rebuild it [E4-25],2025-12-31,2026-06-30
FC,FRANKLIN COVEY CO,231,24,31,0.318,$24M to $31M,CAP BELOW FILED PUBLIC FLOAT - cap $231M against a filed float of $350M (1.51x) as of 2025-02-28. A cap cannot be smaller than a subset of itself. One of the two is wrong - RE-STRIKE THE CAP BY HAND before using any yield on this row [operator rule 4].,,,"ONE LINE MADE THE CASH: ContractWithCustomerLiability moved 43% of 2021 OCF. Operating cash is not owner earnings when one balance-sheet line produced it (DELL, INOD). Read the 2021 cash-flow statement and liquidity note.",0.103,0.0495,-0.003,1.31,no step,0.09,no single-year dependence (9-yr OCF series),1.18,no step,0.116,,1.68,16,,,,4-construction width only (3y/5y x two capex ends): CANNOT see variation older than the 5-year window; rebuild it [E4-25],2025-08-31,2026-05-31
F,FORD MOTOR CO,51810,5184,7924,0.529,"$5,184M to $7,924M",,"2 8-K Item 1.01 filing(s) since 2026-02-11, none carrying a merger agreement (EX-2.1) - most likely a credit facility or offering; open them only if something else is odd.",,,0.1001,0.0466,-0.0001,1.06,no step,0.058,no single-year dependence (9-yr OCF series),n/a,EARLY HALF STRADDLES ZERO - the pre-window years run from $-444.0M to ,0.135,FLAGS DISAGREE - one series refuses the ratio and the other does not; read the filing [E4-25],n/a,19,WINDOW DISAGREE - 9yr and the full 19yr series give different KINDS of answer; the 9yr base may already contain the wave [E4-41],,,4-construction width only (3y/5y x two capex ends): CANNOT see variation older than the 5-year window; rebuild it [E4-25],2025-12-31,2026-03-31
APOG,"APOGEE ENTERPRISES, INC.",787,76,106,0.384,$76M to $106M,CAP BELOW FILED PUBLIC FLOAT - cap $787M against a filed float of $915M (1.16x) as of 2025-08-29. A cap cannot be smaller than a subset of itself. One of the two is wrong - RE-STRIKE THE CAP BY HAND before using any yield on this row [operator rule 4].,"M&A AGREEMENT ON FILE: EX-2.1 (plan of merger or acquisition) with the 8-K Item 1.01 of 2026-05-28 (0000006845-26-000044). It is filed by the TARGET and the ACQUIRER alike - READ IT: if this company is being bought the quote is a SPREAD, if it is buying the perimeter changes [ACVA, 2026-09-13].",,,0.097,0.0435,0.003,1.34,no step,0.079,no single-year dependence (9-yr OCF series),1.69,STEP UP - normalize down [E4-41],0.121,,n/a,17,WINDOW DISAGREE - 9yr and the full 17yr series give different KINDS of answer; the 9yr base may already contain the wave [E4-41],"acquisitions are $232M, 30% of cap, inside the window - the numerator and denominator may be different compani",,4-construction width only (3y/5y x two capex ends): CANNOT see variation older than the 5-year window; rebuild it [E4-25],2026-02-28,2026-05-30
KBH,KB HOME,3217,309,518,0.676,$309M to $518M,"CAP BELOW FILED PUBLIC FLOAT - cap $3,217M against a filed float of $3,510M (1.09x) as of 2025-05-31. A cap cannot be smaller than a subset of itself. One of the two is wrong - RE-STRIKE THE CAP BY HAND before using any yield on this row [operator rule 4].",,,"ONE LINE MADE THE CASH: AccountsPayableAndAccruedLiabilities moved 487% of 2021 OCF. Operating cash is not owner earnings when one balance-sheet line produced it (DELL, INOD). Read the 2021 cash-flow statement and liquidity note.",0.0961,0.0426,0.0039,n/a,EARLY HALF STRADDLES ZERO - the pre-window years run from $-,0.253,"ONE YEAR CARRIES THE WINDOW - a tight spread here is arithmetic, not knowledge; re-price on a wi (9-yr OCF series)",n/a,EARLY HALF STRADDLES ZERO - the pre-window years run from $-105.6M to ,0.384,,n/a,18,,,D&A steps 10.7x at 2019-11-30 - READ Note 1 and the cash-flow statement before using either end of (c) [CERT 2026-09-07],4-construction width only (3y/5y x two capex ends): CANNOT see variation older than the 5-year window; rebuild it [E4-25],2025-11-30,2026-05-31
MNRO,"MONRO, INC.",397,37,107,1.878,$37M to $107M,CAP BELOW FILED PUBLIC FLOAT - cap $397M against a filed float of $541M (1.36x) as of 2025-09-27. A cap cannot be smaller than a subset of itself. One of the two is wrong - RE-STRIKE THE CAP BY HAND before using any yield on this row [operator rule 4].,,,,0.0935,0.04,0.0065,0.68,STEP DOWN - the series has changed level; a tight spread her,0.062,no single-year dependence (9-yr OCF series),n/a,EARLY HALF STRADDLES ZERO - the pre-window years run from $-2.8M to $1,0.265,FLAGS DISAGREE - one series refuses the ratio and the other does not; read the filing [E4-25],0.87,17,,"acquisitions are $90M, 23% of cap, inside the window - the numerator and denominator may be different companie",,4-construction width only (3y/5y x two capex ends): CANNOT see variation older than the 5-year window; rebuild it [E4-25],2026-03-28,2026-03-28
CRTO,Criteo S.A.,865,79,86,0.079,$79M to $86M,"CAP BELOW FILED PUBLIC FLOAT - cap $865M against a filed float of $1,254M (1.45x) as of 2025-06-30. A cap cannot be smaller than a subset of itself. One of the two is wrong - RE-STRIKE THE CAP BY HAND before using any yield on this row [operator rule 4].","LIVE DEAL FORM: 6 filing(s) since the annual report of 2026-02-26, first 425 on 2026-02-27 (0001576427-26-000022). IF A DEAL IS LIVE THE QUOTE IS A SPREAD, NOT AN OWNER-EARNINGS PRICE - read it before pricing anything [ROKU, 2026-09-12].",,,0.0918,0.0383,0.0082,1.14,no step,0.035,no single-year dependence (9-yr OCF series),,,,,1.32,12,,"acquisitions are $156M, 18% of cap, inside the window - the numerator and denominator may be different compani",,4-construction width only (3y/5y x two capex ends): CANNOT see variation older than the 5-year window; rebuild it [E4-25],2025-12-31,2026-06-30
OPHC,"OptimumBank Holdings, Inc.",110,10,12,0.281,$10M to $12M,,"LIVE DEAL FORM: 1 filing(s) since the annual report of 2026-02-26, first S-4 on 2026-09-10 (0001493152-26-042209). IF A DEAL IS LIVE THE QUOTE IS A SPREAD, NOT AN OWNER-EARNINGS PRICE - read it before pricing anything [ROKU, 2026-09-12].",,,0.0887,0.0352,0.0113,n/a,EARLY HALF STRADDLES ZERO - the pre-window years run from $-,0.525,TWO YEARS JOINTLY CARRY THE WINDOW - the exact two-year-boom shape leave-one-out cannot see; re- (9-yr OCF series),n/a,EARLY HALF STRADDLES ZERO - the pre-window years run from $-1.9M to $9,0.561,,n/a,16,,,,4-construction width only (3y/5y x two capex ends): CANNOT see variation older than the 5-year window; rebuild it [E4-25],2025-12-31,2026-06-30
PCB,PCB BANCORP,390,34,40,0.192,$34M to $40M,,,"NAME CHANGE inside the data window: was 'PACIFIC CITY FINANCIAL CORP' until 2019-07-02. Possibly a reverse merger, de-SPAC, spin or merger whose predecessor's figures sit under this CIK - or a rebrand (~60% of these are real perimeter events). CHECK THAT MULTI-YEAR FIGURES ARE ONE COMPANY [NEGG, 2026-09-13].",,0.0862,0.0327,0.0138,n/a,EARLY HALF STRADDLES ZERO - the pre-window years run from $-,0.261,TWO YEARS JOINTLY CARRY THE WINDOW - the exact two-year-boom shape leave-one-out cannot see; re- (9-yr OCF series),n/a,EARLY HALF STRADDLES ZERO - the pre-window years run from $-2.5M to $5,0.273,,n/a,10,,,,4-construction width only (3y/5y x two capex ends): CANNOT see variation older than the 5-year window; rebuild it [E4-25],2025-12-31,2026-06-30
FCAP,FIRST CAPITAL INC,207,18,18,0.023,$18M to $18M,,,,,0.086,0.0325,0.014,1.27,no step,0.044,no single-year dependence (9-yr OCF series),1.31,no step,0.05,,1.74,16,,,,4-construction width only (3y/5y x two capex ends): CANNOT see variation older than the 5-year window; rebuild it [E4-25],2025-12-31,2026-06-30
BLMN,"Bloomin' Brands, Inc.",903,74,159,1.141,$74M to $159M,,,,,0.0821,0.0286,0.0179,1.07,no step,0.076,no single-year dependence (9-yr OCF series),0.61,STEP DOWN - the series has changed level; a tight spread here is not s,0.175,,1.03,16,,,,4-construction width only (3y/5y x two capex ends): CANNOT see variation older than the 5-year window; rebuild it [E4-25],2025-12-28,2026-06-28
FHB,"FIRST HAWAIIAN, INC.",3077,252,317,0.258,$252M to $317M,"CAP BELOW FILED PUBLIC FLOAT - cap $3,077M against a filed float of $3,100M (1.01x) as of 2025-06-30. A cap cannot be smaller than a subset of itself. One of the two is wrong - RE-STRIKE THE CAP BY HAND before using any yield on this row [operator rule 4].","LIVE DEAL FORM: 8 filing(s) since the annual report of 2026-02-27, first 425 on 2026-07-13 (0001104659-26-083110). IF A DEAL IS LIVE THE QUOTE IS A SPREAD, NOT AN OWNER-EARNINGS PRICE - read it before pricing anything [ROKU, 2026-09-12].",,,0.0819,0.0284,0.0181,0.92,no step,0.043,no single-year dependence (9-yr OCF series),0.89,no step,0.053,,1.05,12,,,,4-construction width only (3y/5y x two capex ends): CANNOT see variation older than the 5-year window; rebuild it [E4-25],2025-12-31,2026-06-30
PEBO,PEOPLES BANCORP INC,1428,114,126,0.102,$114M to $126M,,"LIVE DEAL FORM: 2 filing(s) since the annual report of 2026-02-26, first S-4 on 2026-05-29 (0001193125-26-248448). IF A DEAL IS LIVE THE QUOTE IS A SPREAD, NOT AN OWNER-EARNINGS PRICE - read it before pricing anything [ROKU, 2026-09-12].",,,0.08,0.0265,0.02,1.49,no step,0.053,no single-year dependence (9-yr OCF series),1.46,no step,0.06,,2.19,17,,"NET CASH INFLOW on the acquisition line ($313M, 22% of cap) - cash acquired exceeded cash paid, so the CONSIDE",,4-construction width only (3y/5y x two capex ends): CANNOT see variation older than the 5-year window; rebuild it [E4-25],2025-12-31,2026-06-30
SBSI,SOUTHSIDE BANCSHARES INC,952,76,118,0.553,$76M to $118M,,,,,0.0795,0.026,0.0205,0.72,no step,0.119,no single-year dependence (9-yr OCF series),0.66,STEP DOWN - the series has changed level; a tight spread here is not s,0.139,,1.02,17,,,,4-construction width only (3y/5y x two capex ends): CANNOT see variation older than the 5-year window; rebuild it [E4-25],2025-12-31,2026-06-30
BELFB,BEL FUSE INC /NJ,541,40,70,0.734,$40M to $70M,"CAP BELOW FILED PUBLIC FLOAT - cap $541M against a filed float of $1,200M (2.22x) as of 2025-06-30. A cap cannot be smaller than a subset of itself. One of the two is wrong - RE-STRIKE THE CAP BY HAND before using any yield on this row [operator rule 4].","1 8-K Item 1.01 filing(s) since 2026-02-24, none carrying a merger agreement (EX-2.1) - most likely a credit facility or offering; open them only if something else is odd.",,"ONE LINE MADE THE CASH: AccountsPayable moved 517% of 2021 OCF. Operating cash is not owner earnings when one balance-sheet line produced it (DELL, INOD). Read the 2021 cash-flow statement and liquidity note.",0.0743,0.0208,0.0257,3.51,STEP UP - normalize down [E4-41],0.17,one year is doing heavy lifting - check it (9-yr OCF series),n/a,EARLY HALF STRADDLES ZERO - the pre-window years run from $-8.9M to $3,0.235,FLAGS DISAGREE - one series refuses the ratio and the other does not; read the filing [E4-25],3.36,17,,"acquisitions are $337M, 62% of cap, inside the window - the numerator and denominator may be different compani",,4-construction width only (3y/5y x two capex ends): CANNOT see variation older than the 5-year window; rebuild it [E4-25],2025-12-31,2026-06-30
OVLY,Oak Valley Bancorp,288,21,27,0.269,$21M to $27M,,,,,0.0739,0.0204,0.0261,1.85,STEP UP - normalize down [E4-41],0.08,no single-year dependence (9-yr OCF series),1.84,STEP UP - normalize down [E4-41],0.09,,2.51,16,,,,4-construction width only (3y/5y x two capex ends): CANNOT see variation older than the 5-year window; rebuild it [E4-25],2025-12-31,2026-06-30
HBCP,"HOME BANCORP, INC.",548,40,43,0.085,$40M to $43M,,,,,0.0729,0.0194,0.0271,1.06,no step,0.026,no single-year dependence (9-yr OCF series),1.0,no step,0.034,,n/a,17,WINDOW DISAGREE - 9yr and the full 17yr series give different KINDS of answer; the 9yr base may already contain the wave [E4-41],,,4-construction width only (3y/5y x two capex ends): CANNOT see variation older than the 5-year window; rebuild it [E4-25],2025-12-31,2026-06-30
HWBK,"HAWTHORN BANCSHARES, INC.",271,20,22,0.108,$20M to $22M,,"LIVE DEAL FORM: 2 filing(s) since the annual report of 2026-03-05, first S-4 on 2026-06-26 (0001104659-26-078322). IF A DEAL IS LIVE THE QUOTE IS A SPREAD, NOT AN OWNER-EARNINGS PRICE - read it before pricing anything [ROKU, 2026-09-12].",,,0.0727,0.0192,0.0273,1.17,no step,0.054,no single-year dependence (9-yr OCF series),1.09,no step,0.073,,1.32,17,,,,4-construction width only (3y/5y x two capex ends): CANNOT see variation older than the 5-year window; rebuild it [E4-25],2025-12-31,2026-06-30
MNSB,"MainStreet Bancshares, Inc.",179,12,19,0.564,$12M to $19M,,,,,0.0695,0.016,0.0305,0.94,no step,0.082,no single-year dependence (9-yr OCF series),0.73,no step,0.074,,0.94,8,,,,4-construction width only (3y/5y x two capex ends): CANNOT see variation older than the 5-year window; rebuild it [E4-25],2025-12-31,2026-06-30
UVSP,UNIVEST FINANCIAL Corp,1149,79,90,0.139,$79M to $90M,,,,,0.0691,0.0156,0.0309,1.09,no step,0.038,no single-year dependence (9-yr OCF series),1.07,no step,0.039,,1.63,17,,,,4-construction width only (3y/5y x two capex ends): CANNOT see variation older than the 5-year window; rebuild it [E4-25],2025-12-31,2026-06-30
ADM,Archer-Daniels-Midland Co,39328,2709,3358,0.24,"$2,709M to $3,358M",,,,,0.0689,0.0154,0.0311,n/a,EARLY HALF STRADDLES ZERO - the pre-window years run from $-,3.414,TWO YEARS JOINTLY CARRY THE WINDOW - the exact two-year-boom shape leave-one-out cannot see; re- (9-yr OCF series),n/a,"EARLY HALF STRADDLES ZERO - the pre-window years run from $-7,081.0M t",,,n/a,19,,"acquisitions are $2,644M, 7% of cap, inside the window.",,4-construction width only (3y/5y x two capex ends): CANNOT see variation older than the 5-year window; rebuild it [E4-25],2025-12-31,2026-06-30
HBIA,HILLS BANCORPORATION,816,55,61,0.106,$55M to $61M,,"1 8-K Item 1.01 filing(s) since 2026-03-18, none carrying a merger agreement (EX-2.1) - most likely a credit facility or offering; open them only if something else is odd.",,,0.0678,0.0143,0.0322,1.25,no step,0.083,no single-year dependence (9-yr OCF series),1.23,no step,0.091,,1.5,17,,,,4-construction width only (3y/5y x two capex ends): CANNOT see variation older than the 5-year window; rebuild it [E4-25],2025-12-31,2026-06-30
MNSBP,"MainStreet Bancshares, Inc.",184,12,19,0.564,$12M to $19M,,,,,0.0676,0.0141,0.0324,0.94,no step,0.082,no single-year dependence (9-yr OCF series),0.73,no step,0.074,,0.94,8,,,,4-construction width only (3y/5y x two capex ends): CANNOT see variation older than the 5-year window; rebuild it [E4-25],2025-12-31,2026-06-30
UNTY,UNITY BANCORP INC /NJ/,589,40,44,0.106,$40M to $44M,,,,,0.0675,0.014,0.0325,1.52,no step,0.042,no single-year dependence (9-yr OCF series),1.59,no step,0.047,,2.28,16,,,,4-construction width only (3y/5y x two capex ends): CANNOT see variation older than the 5-year window; rebuild it [E4-25],2025-12-31,2026-06-30
IIIN,INSTEEL INDUSTRIES INC,588,40,57,0.441,$40M to $57M,,,,"ONE LINE MADE THE CASH: AccountsPayableAndAccruedLiabilities moved 71% of 2025 OCF. Operating cash is not owner earnings when one balance-sheet line produced it (DELL, INOD). Read the 2025 cash-flow statement and liquidity note.",0.0674,0.0139,0.0326,2.13,STEP UP - normalize down [E4-41],0.238,"ONE YEAR CARRIES THE WINDOW - a tight spread here is arithmetic, not knowledge; re-price on a wi (9-yr OCF series)",n/a,EARLY HALF STRADDLES ZERO - the pre-window years run from $-12.7M to $,0.328,FLAGS DISAGREE - one series refuses the ratio and the other does not; read the filing [E4-25],n/a,17,WINDOW DISAGREE - 9yr and the full 17yr series give different KINDS of answer; the 9yr base may already contain the wave [E4-41],"acquisitions are $72M, 12% of cap, inside the window.",,4-construction width only (3y/5y x two capex ends): CANNOT see variation older than the 5-year window; rebuild it [E4-25],2025-09-27,2026-06-27
SGC,"SUPERIOR GROUP OF COMPANIES, INC.",196,13,35,1.784,$13M to $35M,,"1 8-K Item 1.01 filing(s) since 2026-03-03, none carrying a merger agreement (EX-2.1) - most likely a credit facility or offering; open them only if something else is odd.",,,0.0644,0.0109,0.0356,n/a,EARLY HALF STRADDLES ZERO - the pre-window years run from $-,0.229,"ONE YEAR CARRIES THE WINDOW - a tight spread here is arithmetic, not knowledge; re-price on a wi (9-yr OCF series)",n/a,EARLY HALF STRADDLES ZERO - the pre-window years run from $-17.9M to $,0.408,,n/a,16,,"acquisitions are $32M, 16% of cap, inside the window - the numerator and denominator may be different companie",,4-construction width only (3y/5y x two capex ends): CANNOT see variation older than the 5-year window; rebuild it [E4-25],2025-12-31,2026-06-30
BFST,"Business First Bancshares, Inc.",1021,65,73,0.116,$65M to $73M,,"1 8-K Item 1.01 filing(s) since 2026-02-26, none carrying a merger agreement (EX-2.1) - most likely a credit facility or offering; open them only if something else is odd.",,,0.0639,0.0104,0.0361,2.36,STEP UP - normalize down [E4-41],0.104,no single-year dependence (9-yr OCF series),2.48,STEP UP - normalize down [E4-41],0.121,,3.49,13,,,,4-construction width only (3y/5y x two capex ends): CANNOT see variation older than the 5-year window; rebuild it [E4-25],2025-12-31,2026-06-30
JAKK,JAKKS PACIFIC INC,291,19,22,0.187,$19M to $22M,,,,"ONE LINE MADE THE CASH: AccountsPayable moved 336% of 2021 OCF. Operating cash is not owner earnings when one balance-sheet line produced it (DELL, INOD). Read the 2021 cash-flow statement and liquidity note.",0.0637,0.0102,0.0363,n/a,EARLY HALF STRADDLES ZERO - the pre-window years run from $-,0.44,TWO YEARS JOINTLY CARRY THE WINDOW - the exact two-year-boom shape leave-one-out cannot see; re- (9-yr OCF series),n/a,EARLY HALF STRADDLES ZERO - the pre-window years run from $-16.2M to $,0.892,,n/a,17,,,,4-construction width only (3y/5y x two capex ends): CANNOT see variation older than the 5-year window; rebuild it [E4-25],2025-12-31,2026-06-30
CRC,California Resources Corp,4639,292,411,0.406,$292M to $411M,,"3 8-K Item 1.01 filing(s) since 2026-03-02, none carrying a merger agreement (EX-2.1) - most likely a credit facility or offering; open them only if something else is odd.",,,0.063,0.0095,0.037,1.49,no step,0.07,no single-year dependence (9-yr OCF series),n/a,EARLY HALF STRADDLES ZERO - the pre-window years run from $-274.0M to ,0.393,FLAGS DISAGREE - one series refuses the ratio and the other does not; read the filing [E4-25],0.75,14,,"acquisitions are $1,345M, 29% of cap, inside the window - the numerator and denominator may be different compa",,4-construction width only (3y/5y x two capex ends): CANNOT see variation older than the 5-year window; rebuild it [E4-25],2025-12-31,2026-06-30
USNA,USANA HEALTH SCIENCES INC,263,17,49,1.974,$17M to $49M,CAP BELOW FILED PUBLIC FLOAT - cap $263M against a filed float of $328M (1.25x) as of 2025-06-27. A cap cannot be smaller than a subset of itself. One of the two is wrong - RE-STRIKE THE CAP BY HAND before using any yield on this row [operator rule 4].,,,,0.0629,0.0094,0.0371,0.39,STEP DOWN - the series has changed level; a tight spread her,0.067,no single-year dependence (9-yr OCF series),0.23,STEP DOWN - the series has changed level; a tight spread here is not s,0.088,,0.48,17,,"acquisitions are $210M, 80% of cap, inside the window - the numerator and denominator may be different compani",,4-construction width only (3y/5y x two capex ends): CANNOT see variation older than the 5-year window; rebuild it [E4-25],2026-01-03,2026-07-04
AEO,AMERICAN EAGLE OUTFITTERS INC,2781,173,242,0.399,$173M to $242M,,"1 8-K Item 1.01 filing(s) since 2026-03-30, none carrying a merger agreement (EX-2.1) - most likely a credit facility or offering; open them only if something else is odd.",,,0.0622,0.0087,0.0378,1.39,no step,0.052,no single-year dependence (9-yr OCF series),1.79,STEP UP - normalize down [E4-41],0.135,,1.41,18,,"acquisitions are $358M, 13% of cap, inside the window.",,4-construction width only (3y/5y x two capex ends): CANNOT see variation older than the 5-year window; rebuild it [E4-25],2026-01-31,2026-05-02
ACNB,ACNB CORP,651,39,42,0.085,$39M to $42M,,,,,0.06,0.0065,0.04,1.5,no step,0.068,no single-year dependence (9-yr OCF series),1.5,no step,0.069,,2.22,17,,"NET CASH INFLOW on the acquisition line ($36M, 6% of cap) - cash acquired exceeded cash paid, so the CONSIDERA",,4-construction width only (3y/5y x two capex ends): CANNOT see variation older than the 5-year window; rebuild it [E4-25],2025-12-31,2026-06-30
MGM,MGM Resorts International,10273,607,1558,1.567,"$607M to $1,558M",,"2 8-K Item 1.01 filing(s) since 2026-02-11, none carrying a merger agreement (EX-2.1) - most likely a credit facility or offering; open them only if something else is odd.",,"ONE LINE MADE THE CASH: AccountsPayableAndAccruedLiabilities moved 32% of 2021 OCF. Operating cash is not owner earnings when one balance-sheet line produced it (DELL, INOD). Read the 2021 cash-flow statement and liquidity note.",0.0591,0.0056,0.0409,n/a,EARLY HALF STRADDLES ZERO - the pre-window years run from $-,0.077,no single-year dependence (9-yr OCF series),n/a,"EARLY HALF STRADDLES ZERO - the pre-window years run from $-2,047.7M t",0.526,,n/a,18,,"acquisitions are $3,915M, 38% of cap, inside the window - the numerator and denominator may be different compa",D&A steps 4.3x at 2023-12-31 - READ Note 1 and the cash-flow statement before using either end of (c) [CERT 2026-09-07],4-construction width only (3y/5y x two capex ends): CANNOT see variation older than the 5-year window; rebuild it [E4-25],2025-12-31,2026-06-30
KR,KROGER CO,35322,2057,3229,0.57,"$2,057M to $3,229M","CAP BELOW FILED PUBLIC FLOAT - cap $35,322M against a filed float of $46,100M (1.31x) as of 2025-08-16. A cap cannot be smaller than a subset of itself. One of the two is wrong - RE-STRIKE THE CAP BY HAND before using any yield on this row [operator rule 4].",,,,0.0582,0.0047,0.0418,1.34,no step,0.041,no single-year dependence (9-yr OCF series),1.51,no step,0.119,,1.66,19,,,,4-construction width only (3y/5y x two capex ends): CANNOT see variation older than the 5-year window; rebuild it [E4-25],2026-01-31,2026-05-23
PLAB,PHOTRONICS INC,1635,95,179,0.877,$95M to $179M,,,,,0.0582,0.0047,0.0418,1.88,STEP UP - normalize down [E4-41],0.078,no single-year dependence (9-yr OCF series),n/a,EARLY HALF STRADDLES ZERO - the pre-window years run from $-113.7M to ,0.596,FLAGS DISAGREE - one series refuses the ratio and the other does not; read the filing [E4-25],2.16,17,,,,4-construction width only (3y/5y x two capex ends): CANNOT see variation older than the 5-year window; rebuild it [E4-25],2025-10-31,2026-05-03
AGCO,AGCO CORP /DE,7939,461,580,0.259,$461M to $580M,,,,"ONE LINE MADE THE CASH: AccountsPayable moved 44% of 2021 OCF. Operating cash is not owner earnings when one balance-sheet line produced it (DELL, INOD). Read the 2021 cash-flow statement and liquidity note.",0.058,0.0045,0.042,1.3,no step,0.051,no single-year dependence (9-yr OCF series),1.26,no step,0.077,,1.57,18,,"acquisitions are $2,047M, 26% of cap, inside the window - the numerator and denominator may be different compa",,4-construction width only (3y/5y x two capex ends): CANNOT see variation older than the 5-year window; rebuild it [E4-25],2025-12-31,2026-06-30
PII,Polaris Inc.,3628,204,312,0.531,$204M to $312M,,,,"ONE LINE MADE THE CASH: AccountsPayable moved 53% of 2024 OCF. Operating cash is not owner earnings when one balance-sheet line produced it (DELL, INOD). Read the 2024 cash-flow statement and liquidity note.",0.0562,0.0027,0.0438,1.09,no step,0.084,no single-year dependence (9-yr OCF series),n/a,EARLY HALF STRADDLES ZERO - the pre-window years run from $-56.6M to $,0.177,FLAGS DISAGREE - one series refuses the ratio and the other does not; read the filing [E4-25],1.39,18,,"NET CASH INFLOW on the acquisition line ($65M, 2% of cap) - cash acquired exceeded cash paid, so the CONSIDERA",,4-construction width only (3y/5y x two capex ends): CANNOT see variation older than the 5-year window; rebuild it [E4-25],2025-12-31,2026-03-31
GPI,GROUP 1 AUTOMOTIVE INC,3193,166,371,1.229,$166M to $371M,"CAP BELOW FILED PUBLIC FLOAT - cap $3,193M against a filed float of $5,500M (1.72x) as of 2025-06-30. A cap cannot be smaller than a subset of itself. One of the two is wrong - RE-STRIKE THE CAP BY HAND before using any yield on this row [operator rule 4].","2 8-K Item 1.01 filing(s) since 2026-02-13, none carrying a merger agreement (EX-2.1) - most likely a credit facility or offering; open them only if something else is odd.",,,0.0521,-0.0014,0.0479,0.84,no step,0.161,one year is doing heavy lifting - check it (9-yr OCF series),n/a,EARLY HALF STRADDLES ZERO - the pre-window years run from $-38.2M to $,0.301,FLAGS DISAGREE - one series refuses the ratio and the other does not; read the filing [E4-25],n/a,17,WINDOW DISAGREE - 9yr and the full 17yr series give different KINDS of answer; the 9yr base may already contain the wave [E4-41],"acquisitions are $3,818M, 120% of cap, inside the window - the numerator and denominator may be different comp",,4-construction width only (3y/5y x two capex ends): CANNOT see variation older than the 5-year window; rebuild it [E4-25],2025-12-31,2026-06-30
EXP,EAGLE MATERIALS INC,6060,311,398,0.277,$311M to $398M,"CAP BELOW FILED PUBLIC FLOAT - cap $6,060M against a filed float of $7,700M (1.27x) as of 2025-09-30. A cap cannot be smaller than a subset of itself. One of the two is wrong - RE-STRIKE THE CAP BY HAND before using any yield on this row [operator rule 4].",,,,0.0514,-0.0021,0.0486,1.24,no step,0.035,no single-year dependence (9-yr OCF series),0.92,no step,0.093,,2.07,18,,"acquisitions are $388M, 6% of cap, inside the window.",,4-construction width only (3y/5y x two capex ends): CANNOT see variation older than the 5-year window; rebuild it [E4-25],2026-03-31,2026-06-30
CLX,CLOROX CO /DE/,12426,630,688,0.092,$630M to $688M,"CAP BELOW FILED PUBLIC FLOAT - cap $12,426M against a filed float of $19,900M (1.60x) as of 2024-12-31. A cap cannot be smaller than a subset of itself. One of the two is wrong - RE-STRIKE THE CAP BY HAND before using any yield on this row [operator rule 4].",,,,0.0507,-0.0028,0.0493,0.88,no step,0.063,no single-year dependence (9-yr OCF series),0.81,no step,0.087,,1.07,18,,,,4-construction width only (3y/5y x two capex ends): CANNOT see variation older than the 5-year window; rebuild it [E4-25],2025-06-30,2026-03-31
PROV,PROVIDENT FINANCIAL HOLDINGS INC,115,6,9,0.607,$6M to $9M,,,,,0.0505,-0.003,0.0495,0.25,STEP DOWN - the series has changed level; a tight spread her,0.588,TWO YEARS JOINTLY CARRY THE WINDOW - the exact two-year-boom shape leave-one-out cannot see; re- (9-yr OCF series),0.22,STEP DOWN - the series has changed level; a tight spread here is not s,0.623,,n/a,16,WINDOW DISAGREE - 9yr and the full 16yr series give different KINDS of answer; the 9yr base may already contain the wave [E4-41],,,4-construction width only (3y/5y x two capex ends): CANNOT see variation older than the 5-year window; rebuild it [E4-25],2025-06-30,2026-03-31
CVS,CVS HEALTH Corp,119238,5958,10111,0.697,"$5,958M to $10,111M",,,,"ONE LINE MADE THE CASH: AccountsPayable moved 36% of 2025 OCF. Operating cash is not owner earnings when one balance-sheet line produced it (DELL, INOD). Read the 2025 cash-flow statement and liquidity note.",0.05,-0.0035,0.05,0.83,no step,0.057,no single-year dependence (9-yr OCF series),0.73,no step,0.073,,1.25,19,,"acquisitions are $17,428M inside the window (15% of cap) - small against the cap but LARGE IN ABSOLUTE TERMS. ",,4-construction width only (3y/5y x two capex ends): CANNOT see variation older than the 5-year window; rebuild it [E4-25],2025-12-31,2026-06-30
OXY,OCCIDENTAL PETROLEUM CORP /DE/,58989,2926,5915,1.022,"$2,926M to $5,915M",,"1 8-K Item 1.01 filing(s) since 2026-02-18, none carrying a merger agreement (EX-2.1) - most likely a credit facility or offering; open them only if something else is odd.",,,0.0496,-0.0039,0.0504,1.34,no step,0.096,no single-year dependence (9-yr OCF series),0.86,no step,0.259,,1.32,19,,,,4-construction width only (3y/5y x two capex ends): CANNOT see variation older than the 5-year window; rebuild it [E4-25],2025-12-31,2026-06-30
DG,DOLLAR GENERAL CORP,27043,1327,1984,0.495,"$1,327M to $1,984M",,,,,0.0491,-0.0044,0.0509,1.21,no step,0.057,no single-year dependence (9-yr OCF series),1.05,no step,0.11,,1.75,17,,,,4-construction width only (3y/5y x two capex ends): CANNOT see variation older than the 5-year window; rebuild it [E4-25],2026-01-30,2026-07-31
CRUS,"CIRRUS LOGIC, INC.",5437,259,396,0.53,$259M to $396M,,,,,0.0476,-0.0059,0.0524,1.86,STEP UP - normalize down [E4-41],0.107,no single-year dependence (9-yr OCF series),2.17,STEP UP - normalize down [E4-41],0.148,,2.44,17,,"acquisitions are $277M, 5% of cap, inside the window.",,4-construction width only (3y/5y x two capex ends): CANNOT see variation older than the 5-year window; rebuild it [E4-25],2026-03-28,2026-06-27
NKE,"NIKE, Inc.",67598,3150,3550,0.127,"$3,150M to $3,550M","CAP BELOW FILED PUBLIC FLOAT - cap $67,598M against a filed float of $80,529M (1.19x) as of 2025-11-28. A cap cannot be smaller than a subset of itself. One of the two is wrong - RE-STRIKE THE CAP BY HAND before using any yield on this row [operator rule 4].",,,,0.0466,-0.0069,0.0534,0.9,no step,0.061,no single-year dependence (9-yr OCF series),0.88,no step,0.078,,1.26,19,,,,4-construction width only (3y/5y x two capex ends): CANNOT see variation older than the 5-year window; rebuild it [E4-25],2026-05-31,2026-05-31
ICFI,"ICF International, Inc.",1619,74,110,0.477,$74M to $110M,,"1 8-K Item 1.01 filing(s) since 2026-02-27, none carrying a merger agreement (EX-2.1) - most likely a credit facility or offering; open them only if something else is odd.",,,0.046,-0.0075,0.054,1.28,no step,0.038,no single-year dependence (9-yr OCF series),1.44,no step,0.062,,1.66,17,,"acquisitions are $500M, 31% of cap, inside the window - the numerator and denominator may be different compani",,4-construction width only (3y/5y x two capex ends): CANNOT see variation older than the 5-year window; rebuild it [E4-25],2025-12-31,2026-06-30
MHH,"Mastech Digital, Inc.",89,4,8,0.977,$4M to $8M,"CAP BELOW FILED PUBLIC FLOAT - cap $89M against a filed float of $24,874M (279.48x) as of 2024-06-30. A cap cannot be smaller than a subset of itself. One of the two is wrong - RE-STRIKE THE CAP BY HAND before using any yield on this row [operator rule 4].",,,"ONE LINE MADE THE CASH: AccountsPayable moved 45% of 2021 OCF. Operating cash is not owner earnings when one balance-sheet line produced it (DELL, INOD). Read the 2021 cash-flow statement and liquidity note.",0.0459,-0.0076,0.0541,n/a,EARLY HALF STRADDLES ZERO - the pre-window years run from $-,0.134,one year is doing heavy lifting - check it (9-yr OCF series),n/a,EARLY HALF STRADDLES ZERO - the pre-window years run from $-1.7M to $1,0.338,,n/a,17,,,,4-construction width only (3y/5y x two capex ends): CANNOT see variation older than the 5-year window; rebuild it [E4-25],2025-12-31,2026-06-30
CAH,CARDINAL HEALTH INC,54483,2503,2900,0.158,"$2,503M to $2,900M",,,,"ONE LINE MADE THE CASH: AccountsPayable moved 114% of 2025 OCF. Operating cash is not owner earnings when one balance-sheet line produced it (DELL, INOD). Read the 2025 cash-flow statement and liquidity note.",0.0459,-0.0076,0.0541,1.43,no step,0.089,no single-year dependence (9-yr OCF series),1.35,no step,0.09,,1.75,19,,"acquisitions are $8,463M, 16% of cap, inside the window - the numerator and denominator may be different compa",,4-construction width only (3y/5y x two capex ends): CANNOT see variation older than the 5-year window; rebuild it [E4-25],2026-06-30,2026-06-30
NATH,"NATHANS FAMOUS, INC.",403,18,20,0.089,$18M to $20M,,,,,0.0454,-0.0081,0.0546,1.4,no step,0.059,no single-year dependence (9-yr OCF series),1.39,no step,0.061,,1.82,17,,,,4-construction width only (3y/5y x two capex ends): CANNOT see variation older than the 5-year window; rebuild it [E4-25],2026-03-29,2026-06-28
WS,"Worthington Steel, Inc.",1729,78,127,0.635,$78M to $127M,,"1 8-K Item 1.01 filing(s) since 2026-07-30, none carrying a merger agreement (EX-2.1) - most likely a credit facility or offering; open them only if something else is odd.",,"ONE LINE MADE THE CASH: AccountsPayable moved 39% of 2023 OCF. Operating cash is not owner earnings when one balance-sheet line produced it (DELL, INOD). Read the 2023 cash-flow statement and liquidity note.",0.0448,-0.0087,0.0552,1.19,no step,0.15,one year is doing heavy lifting - check it (9-yr OCF series),n/a,EARLY HALF STRADDLES ZERO - the pre-window years run from $-5.6M to $2,0.416,FLAGS DISAGREE - one series refuses the ratio and the other does not; read the filing [E4-25],1.19,5,,"acquisitions are $401M, 23% of cap, inside the window - the numerator and denominator may be different compani",,4-construction width only (3y/5y x two capex ends): CANNOT see variation older than the 5-year window; rebuild it [E4-25],2026-05-31,2026-05-31
DMC,DEL MONTE CORP,1500,66,135,1.051,$66M to $135M,,"M&A AGREEMENT ON FILE: EX-2.1 (plan of merger or acquisition) with the 8-K Item 1.01 of 2026-03-25 (0001193125-26-124060). It is filed by the TARGET and the ACQUIRER alike - READ IT: if this company is being bought the quote is a SPREAD, if it is buying the perimeter changes [ACVA, 2026-09-13].",,"ONE LINE MADE THE CASH: AccountsPayableAndAccruedLiabilities moved 61% of 2021 OCF. Operating cash is not owner earnings when one balance-sheet line produced it (DELL, INOD). Read the 2021 cash-flow statement and liquidity note.",0.0439,-0.0096,0.0561,1.23,no step,0.05,no single-year dependence (9-yr OCF series),3.89,STEP UP - normalize down [E4-41],0.189,,1.04,18,,,,4-construction width only (3y/5y x two capex ends): CANNOT see variation older than the 5-year window; rebuild it [E4-25],2025-12-26,2026-06-26
QCOM,QUALCOMM INC/DE,172263,7529,8802,0.169,"$7,529M to $8,802M",,,,,0.0437,-0.0098,0.0563,1.8,STEP UP - normalize down [E4-41],0.074,no single-year dependence (9-yr OCF series),2.02,STEP UP - normalize down [E4-41],0.09,,1.96,19,,,,4-construction width only (3y/5y x two capex ends): CANNOT see variation older than the 5-year window; rebuild it [E4-25],2025-09-28,2026-06-28
DKS,"DICK'S SPORTING GOODS, INC.",12292,532,947,0.779,$532M to $947M,,"LIVE DEAL FORM: 2 filing(s) since the annual report of 2026-03-27, first S-4 on 2026-06-05 (0001140361-26-024270). IF A DEAL IS LIVE THE QUOTE IS A SPREAD, NOT AN OWNER-EARNINGS PRICE - read it before pricing anything [ROKU, 2026-09-12].",,,0.0433,-0.0102,0.0567,1.47,no step,0.051,no single-year dependence (9-yr OCF series),0.82,no step,0.308,,2.15,18,,"NET CASH INFLOW on the acquisition line ($257M, 2% of cap) - cash acquired exceeded cash paid, so the CONSIDER",,4-construction width only (3y/5y x two capex ends): CANNOT see variation older than the 5-year window; rebuild it [E4-25],2026-01-31,2026-05-02
KRC,KILROY REALTY CORP,4236,183,435,1.371,$183M to $435M,,"1 8-K Item 1.01 filing(s) since 2026-02-11, none carrying a merger agreement (EX-2.1) - most likely a credit facility or offering; open them only if something else is odd.",,,0.0433,-0.0102,0.0567,1.26,no step,0.028,no single-year dependence (9-yr OCF series),1.49,no step,0.046,,1.89,18,,,,4-construction width only (3y/5y x two capex ends): CANNOT see variation older than the 5-year window; rebuild it [E4-25],2025-12-31,2026-03-31
TTSH,"TILE SHOP HOLDINGS, INC.",102,4,17,2.945,$4M to $17M,CAP BELOW FILED PUBLIC FLOAT - cap $102M against a filed float of $181M (1.77x) as of 2025-06-30. A cap cannot be smaller than a subset of itself. One of the two is wrong - RE-STRIKE THE CAP BY HAND before using any yield on this row [operator rule 4].,,,"ONE LINE MADE THE CASH: AccountsPayable moved 297% of 2022 OCF. Operating cash is not owner earnings when one balance-sheet line produced it (DELL, INOD). Read the 2022 cash-flow statement and liquidity note.",0.0427,-0.0108,0.0573,0.9,no step,0.252,TWO YEARS JOINTLY CARRY THE WINDOW - the exact two-year-boom shape leave-one-out cannot see; re- (9-yr OCF series),n/a,EARLY HALF STRADDLES ZERO - the pre-window years run from $-19.8M to $,0.885,FLAGS DISAGREE - one series refuses the ratio and the other does not; read the filing [E4-25],0.81,16,,,,4-construction width only (3y/5y x two capex ends): CANNOT see variation older than the 5-year window; rebuild it [E4-25],2025-12-31,2025-12-31
PG,PROCTER & GAMBLE Co,333440,14087,15585,0.106,"$14,087M to $15,585M",,,,,0.0422,-0.0113,0.0578,1.15,no step,0.018,no single-year dependence (9-yr OCF series),1.14,no step,0.023,,1.25,19,,,,4-construction width only (3y/5y x two capex ends): CANNOT see variation older than the 5-year window; rebuild it [E4-25],2026-06-30,2026-06-30
ULTA,"Ulta Beauty, Inc.",23331,982,1126,0.147,"$982M to $1,126M",,,,,0.0421,-0.0114,0.0579,1.4,no step,0.036,no single-year dependence (9-yr OCF series),1.37,no step,0.05,,2.31,17,,,,4-construction width only (3y/5y x two capex ends): CANNOT see variation older than the 5-year window; rebuild it [E4-25],2026-01-31,2026-08-01
HUBG,"Hub Group, Inc.",2956,124,201,0.625,$124M to $201M,,"2 8-K Item 1.01 filing(s) since 2025-02-25, none carrying a merger agreement (EX-2.1) - most likely a credit facility or offering; open them only if something else is odd.",,"ONE LINE MADE THE CASH: AccountsPayable moved 38% of 2024 OCF. Operating cash is not owner earnings when one balance-sheet line produced it (DELL, INOD). Read the 2024 cash-flow statement and liquidity note.",0.0419,-0.0116,0.0581,1.92,STEP UP - normalize down [E4-41],0.11,no single-year dependence (9-yr OCF series),n/a,EARLY HALF STRADDLES ZERO - the pre-window years run from $-13.4M to $,0.388,FLAGS DISAGREE - one series refuses the ratio and the other does not; read the filing [E4-25],2.75,17,,"acquisitions are $585M, 20% of cap, inside the window - the numerator and denominator may be different compani",,4-construction width only (3y/5y x two capex ends): CANNOT see variation older than the 5-year window; rebuild it [E4-25],2024-12-31,2025-09-30
USPH,U S PHYSICAL THERAPY INC /NV,1173,49,59,0.196,$49M to $59M,,"2 8-K Item 1.01 filing(s) since 2026-02-27, none carrying a merger agreement (EX-2.1) - most likely a credit facility or offering; open them only if something else is odd.",,,0.0418,-0.0117,0.0582,1.09,no step,0.046,no single-year dependence (9-yr OCF series),1.04,no step,0.06,,1.47,17,,"acquisitions are $322M, 27% of cap, inside the window - the numerator and denominator may be different compani",,4-construction width only (3y/5y x two capex ends): CANNOT see variation older than the 5-year window; rebuild it [E4-25],2025-12-31,2026-06-30
FRST,Primis Financial Corp.,400,16,17,0.057,$16M to $17M,,,"NAME CHANGE inside the data window: was 'Southern National Bancorp of Virginia Inc' until 2021-03-16. Possibly a reverse merger, de-SPAC, spin or merger whose predecessor's figures sit under this CIK - or a rebrand (~60% of these are real perimeter events). CHECK THAT MULTI-YEAR FIGURES ARE ONE COMPANY [NEGG, 2026-09-13].",,0.0405,-0.013,0.0595,0.69,STEP DOWN - the series has changed level; a tight spread her,0.076,no single-year dependence (9-yr OCF series),0.61,STEP DOWN - the series has changed level; a tight spread here is not s,0.082,,1.09,17,,,,4-construction width only (3y/5y x two capex ends): CANNOT see variation older than the 5-year window; rebuild it [E4-25],2025-12-31,2026-06-30
BDC,BELDEN INC.,4351,175,201,0.15,$175M to $201M,,"M&A AGREEMENT ON FILE: EX-2.1 (plan of merger or acquisition) with the 8-K Item 1.01 of 2026-04-30 (0000913142-26-000020). It is filed by the TARGET and the ACQUIRER alike - READ IT: if this company is being bought the quote is a SPREAD, if it is buying the perimeter changes [ACVA, 2026-09-13].",,"ONE LINE MADE THE CASH: AccountsPayable moved 50% of 2021 OCF. Operating cash is not owner earnings when one balance-sheet line produced it (DELL, INOD). Read the 2021 cash-flow statement and liquidity note.",0.0402,-0.0133,0.0598,1.33,no step,0.03,no single-year dependence (9-yr OCF series),1.3,no step,0.028,,1.59,18,,"NET CASH INFLOW on the acquisition line ($589M, 14% of cap) - cash acquired exceeded cash paid, so the CONSIDE",,4-construction width only (3y/5y x two capex ends): CANNOT see variation older than the 5-year window; rebuild it [E4-25],2025-12-31,2026-06-28
PPG,PPG INDUSTRIES INC,25436,1014,1314,0.296,"$1,014M to $1,314M","CAP BELOW FILED PUBLIC FLOAT - cap $25,436M against a filed float of $25,642M (1.01x) as of 2025-06-30. A cap cannot be smaller than a subset of itself. One of the two is wrong - RE-STRIKE THE CAP BY HAND before using any yield on this row [operator rule 4].",,,,0.0399,-0.0136,0.0601,1.18,no step,0.05,no single-year dependence (9-yr OCF series),0.96,no step,0.062,,1.25,19,,"acquisitions are $2,392M, 9% of cap, inside the window.",,4-construction width only (3y/5y x two capex ends): CANNOT see variation older than the 5-year window; rebuild it [E4-25],2025-12-31,2026-03-31
MATX,"Matson, Inc.",6708,267,652,1.444,$267M to $652M,,,,,0.0398,-0.0137,0.0602,1.05,no step,0.263,TWO YEARS JOINTLY CARRY THE WINDOW - the exact two-year-boom shape leave-one-out cannot see; re- (9-yr OCF series),n/a,EARLY HALF STRADDLES ZERO - the pre-window years run from $-93.2M to $,0.417,FLAGS DISAGREE - one series refuses the ratio and the other does not; read the filing [E4-25],1.84,18,,,,4-construction width only (3y/5y x two capex ends): CANNOT see variation older than the 5-year window; rebuild it [E4-25],2025-12-31,2026-06-30
LNN,LINDSAY CORP,1158,46,89,0.929,$46M to $89M,"CAP BELOW FILED PUBLIC FLOAT - cap $1,158M against a filed float of $1,436M (1.24x) as of 2025-02-28. A cap cannot be smaller than a subset of itself. One of the two is wrong - RE-STRIKE THE CAP BY HAND before using any yield on this row [operator rule 4].",,,"RATIO MEANINGLESS - NEAR-ZERO OCF: AccountsPayable moved $13.8M in 2022 when OCF was $3.0M against a typical |OCF| of $79.1M. Judge the dollars, not the 454%. Read the 2022 cash-flow statement.",0.0396,-0.0139,0.0604,4.09,STEP UP - normalize down [E4-41],0.341,TWO YEARS JOINTLY CARRY THE WINDOW - the exact two-year-boom shape leave-one-out cannot see; re- (9-yr OCF series),n/a,EARLY HALF STRADDLES ZERO - the pre-window years run from $-23.8M to $,0.553,FLAGS DISAGREE - one series refuses the ratio and the other does not; read the filing [E4-25],2.9,16,,,,4-construction width only (3y/5y x two capex ends): CANNOT see variation older than the 5-year window; rebuild it [E4-25],2025-08-31,2026-05-31
VEL,"Velocity Financial, Inc.",711,28,37,0.325,$28M to $37M,,"M&A AGREEMENT ON FILE: EX-2.1 (plan of merger or acquisition) with the 8-K Item 1.01 of 2026-08-27 (0001193125-26-369585). It is filed by the TARGET and the ACQUIRER alike - READ IT: if this company is being bought the quote is a SPREAD, if it is buying the perimeter changes [ACVA, 2026-09-13].",,"ONE LINE MADE THE CASH: AccountsPayableAndAccruedLiabilities moved 108% of 2025 OCF. Operating cash is not owner earnings when one balance-sheet line produced it (DELL, INOD). Read the 2025 cash-flow statement and liquidity note.",0.0394,-0.0141,0.0606,n/a,EARLY HALF STRADDLES ZERO - the pre-window years run from $-,1.369,TWO YEARS JOINTLY CARRY THE WINDOW - the exact two-year-boom shape leave-one-out cannot see; re- (9-yr OCF series),n/a,EARLY HALF STRADDLES ZERO - the pre-window years run from $-106.2M to ,2.121,,n/a,8,,,,4-construction width only (3y/5y x two capex ends): CANNOT see variation older than the 5-year window; rebuild it [E4-25],2025-12-31,2026-06-30
SYY,SYSCO CORP,39329,1544,1676,0.085,"$1,544M to $1,676M",,"LIVE DEAL FORM: 1 filing(s) since the annual report of 2026-08-21, first 425 on 2026-09-04 (0000950142-26-002499). IF A DEAL IS LIVE THE QUOTE IS A SPREAD, NOT AN OWNER-EARNINGS PRICE - read it before pricing anything [ROKU, 2026-09-12].",,"ONE LINE MADE THE CASH: AccountsPayable moved 45% of 2022 OCF. Operating cash is not owner earnings when one balance-sheet line produced it (DELL, INOD). Read the 2022 cash-flow statement and liquidity note.",0.0393,-0.0142,0.0607,1.28,no step,0.036,no single-year dependence (9-yr OCF series),1.27,no step,0.044,,1.55,19,,"acquisitions are $2,757M, 7% of cap, inside the window.",,4-construction width only (3y/5y x two capex ends): CANNOT see variation older than the 5-year window; rebuild it [E4-25],2026-06-27,2026-06-27
MLI,MUELLER INDUSTRIES INC,13958,547,612,0.12,$547M to $612M,,"1 8-K Item 1.01 filing(s) since 2026-02-25, none carrying a merger agreement (EX-2.1) - most likely a credit facility or offering; open them only if something else is odd.",,,0.0392,-0.0143,0.0608,2.45,STEP UP - normalize down [E4-41],0.101,no single-year dependence (9-yr OCF series),n/a,EARLY HALF STRADDLES ZERO - the pre-window years run from $-9.6M to $6,0.11,FLAGS DISAGREE - one series refuses the ratio and the other does not; read the filing [E4-25],3.69,18,,,,4-construction width only (3y/5y x two capex ends): CANNOT see variation older than the 5-year window; rebuild it [E4-25],2025-12-27,2026-06-27
UAL,"United Airlines Holdings, Inc.",33961,1327,5293,2.987,"$1,327M to $5,293M",,,,"ONE LINE MADE THE CASH: AccountsPayable moved 48% of 2021 OCF. Operating cash is not owner earnings when one balance-sheet line produced it (DELL, INOD). Read the 2021 cash-flow statement and liquidity note.",0.0391,-0.0144,0.0609,n/a,EARLY HALF STRADDLES ZERO - the pre-window years run from $-,0.109,no single-year dependence (9-yr OCF series),n/a,"EARLY HALF STRADDLES ZERO - the pre-window years run from $-5,968.0M t",1.488,,n/a,18,,,,4-construction width only (3y/5y x two capex ends): CANNOT see variation older than the 5-year window; rebuild it [E4-25],2025-12-31,2026-06-30
CMT,CORE MOLDING TECHNOLOGIES INC,222,9,15,0.699,$9M to $15M,,"1 8-K Item 1.01 filing(s) since 2026-03-10, none carrying a merger agreement (EX-2.1) - most likely a credit facility or offering; open them only if something else is odd.",,"ONE LINE MADE THE CASH: AccountsPayable moved 43% of 2021 OCF. Operating cash is not owner earnings when one balance-sheet line produced it (DELL, INOD). Read the 2021 cash-flow statement and liquidity note.",0.039,-0.0145,0.061,n/a,EARLY HALF STRADDLES ZERO - the pre-window years run from $-,0.257,TWO YEARS JOINTLY CARRY THE WINDOW - the exact two-year-boom shape leave-one-out cannot see; re- (9-yr OCF series),n/a,EARLY HALF STRADDLES ZERO - the pre-window years run from $-14.1M to $,0.678,,n/a,16,,,,4-construction width only (3y/5y x two capex ends): CANNOT see variation older than the 5-year window; rebuild it [E4-25],2025-12-31,2026-06-30
WSM,WILLIAMS SONOMA INC,25998,1011,1132,0.12,"$1,011M to $1,132M",,,,,0.0389,-0.0146,0.0611,1.62,STEP UP - normalize down [E4-41],0.069,no single-year dependence (9-yr OCF series),1.86,STEP UP - normalize down [E4-41],0.1,,2.39,18,,,,4-construction width only (3y/5y x two capex ends): CANNOT see variation older than the 5-year window; rebuild it [E4-25],2026-02-01,2026-08-02
SXC,"SunCoke Energy, Inc.",862,33,104,2.126,$33M to $104M,,,,,0.0387,-0.0148,0.0613,0.94,no step,0.046,no single-year dependence (9-yr OCF series),0.96,no step,0.06,,0.97,17,,"acquisitions are $272M, 31% of cap, inside the window - the numerator and denominator may be different compani",,4-construction width only (3y/5y x two capex ends): CANNOT see variation older than the 5-year window; rebuild it [E4-25],2025-12-31,2026-06-30
HII,"HUNTINGTON INGALLS INDUSTRIES, INC.",11593,446,482,0.081,$446M to $482M,,,,"ONE LINE MADE THE CASH: AccountsPayableAndAccruedLiabilities moved 80% of 2024 OCF. Operating cash is not owner earnings when one balance-sheet line produced it (DELL, INOD). Read the 2024 cash-flow statement and liquidity note.",0.0385,-0.015,0.0615,0.98,no step,0.047,no single-year dependence (9-yr OCF series),1.02,no step,0.078,,n/a,17,WINDOW DISAGREE - 9yr and the full 17yr series give different KINDS of answer; the 9yr base may already contain the wave [E4-41],"acquisitions are $1,775M, 15% of cap, inside the window - the numerator and denominator may be different compa",,4-construction width only (3y/5y x two capex ends): CANNOT see variation older than the 5-year window; rebuild it [E4-25],2025-12-31,2026-06-30
ANF,ABERCROMBIE & FITCH CO /DE/,6555,248,472,0.903,$248M to $472M,,,,"RATIO MEANINGLESS - NEAR-ZERO OCF: AccountsPayableAndAccruedLiabilities moved $115.2M in 2023 when OCF was $2.3M against a typical |OCF| of $452.6M. Judge the dollars, not the 4,915%. Read the 2023 cash-flow statement.",0.0378,-0.0157,0.0622,n/a,EARLY HALF STRADDLES ZERO - the pre-window years run from $-,0.097,no single-year dependence (9-yr OCF series),n/a,EARLY HALF STRADDLES ZERO - the pre-window years run from $-195.9M to ,0.339,,n/a,18,,,,4-construction width only (3y/5y x two capex ends): CANNOT see variation older than the 5-year window; rebuild it [E4-25],2026-01-31,2026-05-02
AYI,ACUITY INC. (DE),9752,362,489,0.351,$362M to $489M,,"1 8-K Item 1.01 filing(s) since 2025-10-27, none carrying a merger agreement (EX-2.1) - most likely a credit facility or offering; open them only if something else is odd.",,,0.0371,-0.0164,0.0629,1.49,no step,0.04,no single-year dependence (9-yr OCF series),1.55,no step,0.045,,2.08,17,,"acquisitions are $1,313M, 13% of cap, inside the window.",,4-construction width only (3y/5y x two capex ends): CANNOT see variation older than the 5-year window; rebuild it [E4-25],2025-08-31,2026-05-31
FCCO,FIRST COMMUNITY CORP /SC/,317,12,12,0.069,$12M to $12M,,,,,0.0367,-0.0168,0.0633,n/a,EARLY HALF STRADDLES ZERO - the pre-window years run from $-,0.311,"ONE YEAR CARRIES THE WINDOW - a tight spread here is arithmetic, not knowledge; re-price on a wi (9-yr OCF series)",n/a,EARLY HALF STRADDLES ZERO - the pre-window years run from $-18.1M to $,0.358,,n/a,17,,,,4-construction width only (3y/5y x two capex ends): CANNOT see variation older than the 5-year window; rebuild it [E4-25],2025-12-31,2026-06-30
ST,Sensata Technologies Holding plc,5946,215,354,0.643,$215M to $354M,,,,,0.0362,-0.0173,0.0638,0.97,no step,0.015,no single-year dependence (9-yr OCF series),0.9,no step,0.028,,1.19,17,,"acquisitions are $1,368M, 23% of cap, inside the window - the numerator and denominator may be different compa",,4-construction width only (3y/5y x two capex ends): CANNOT see variation older than the 5-year window; rebuild it [E4-25],2025-12-31,2026-06-30
PEP,PEPSICO INC,191958,6741,9149,0.357,"$6,741M to $9,149M",,,,,0.0351,-0.0184,0.0649,1.22,no step,0.026,no single-year dependence (9-yr OCF series),1.21,no step,0.022,,1.35,19,,,,4-construction width only (3y/5y x two capex ends): CANNOT see variation older than the 5-year window; rebuild it [E4-25],2025-12-27,2026-06-13
MCD,MCDONALDS CORP,187164,6364,7608,0.196,"$6,364M to $7,608M","CAP BELOW FILED PUBLIC FLOAT - cap $187,164M against a filed float of $208,464M (1.11x) as of 2025-06-30. A cap cannot be smaller than a subset of itself. One of the two is wrong - RE-STRIKE THE CAP BY HAND before using any yield on this row [operator rule 4].",,,,0.034,-0.0195,0.066,1.36,no step,0.038,no single-year dependence (9-yr OCF series),1.3,no step,0.033,,1.48,19,,,,4-construction width only (3y/5y x two capex ends): CANNOT see variation older than the 5-year window; rebuild it [E4-25],2025-12-31,2026-06-30
DRI,DARDEN RESTAURANTS INC,24478,826,1147,0.389,"$826M to $1,147M",,,,,0.0337,-0.0198,0.0663,1.48,no step,0.046,no single-year dependence (9-yr OCF series),1.43,no step,0.04,,1.89,19,,"acquisitions are $1,315M, 5% of cap, inside the window.",,4-construction width only (3y/5y x two capex ends): CANNOT see variation older than the 5-year window; rebuild it [E4-25],2026-05-31,2026-05-31
HAS,"HASBRO, INC.",13350,450,584,0.299,$450M to $584M,,"1 8-K Item 1.01 filing(s) since 2026-02-25, none carrying a merger agreement (EX-2.1) - most likely a credit facility or offering; open them only if something else is odd.",,"ONE LINE MADE THE CASH: AccountsPayableAndAccruedLiabilities moved 75% of 2022 OCF. Operating cash is not owner earnings when one balance-sheet line produced it (DELL, INOD). Read the 2022 cash-flow statement and liquidity note.",0.0337,-0.0198,0.0663,1.18,no step,0.04,no single-year dependence (9-yr OCF series),1.1,no step,0.068,,1.44,18,,,,4-construction width only (3y/5y x two capex ends): CANNOT see variation older than the 5-year window; rebuild it [E4-25],2025-12-28,2026-06-28
TGT,TARGET CORP,73973,2470,4257,0.723,"$2,470M to $4,257M",,"1 8-K Item 1.01 filing(s) since 2026-03-11, none carrying a merger agreement (EX-2.1) - most likely a credit facility or offering; open them only if something else is odd.",,"ONE LINE MADE THE CASH: AccountsPayable moved 56% of 2023 OCF. Operating cash is not owner earnings when one balance-sheet line produced it (DELL, INOD). Read the 2023 cash-flow statement and liquidity note.",0.0334,-0.0201,0.0666,1.04,no step,0.055,no single-year dependence (9-yr OCF series),n/a,"EARLY HALF STRADDLES ZERO - the pre-window years run from $-1,958.0M t",0.152,FLAGS DISAGREE - one series refuses the ratio and the other does not; read the filing [E4-25],1.25,19,,,,4-construction width only (3y/5y x two capex ends): CANNOT see variation older than the 5-year window; rebuild it [E4-25],2026-01-31,2026-08-01
OSK,OSHKOSH CORP,9600,319,558,0.748,$319M to $558M,,"1 8-K Item 1.01 filing(s) since 2026-02-17, none carrying a merger agreement (EX-2.1) - most likely a credit facility or offering; open them only if something else is odd.",,"ONE LINE MADE THE CASH: ContractWithCustomerLiability moved 136% of 2022 OCF. Operating cash is not owner earnings when one balance-sheet line produced it (DELL, INOD). Read the 2022 cash-flow statement and liquidity note.",0.0333,-0.0202,0.0667,1.14,no step,0.133,one year is doing heavy lifting - check it (9-yr OCF series),0.8,no step,0.235,,1.33,18,,"acquisitions are $1,248M, 13% of cap, inside the window.",,4-construction width only (3y/5y x two capex ends): CANNOT see variation older than the 5-year window; rebuild it [E4-25],2025-12-31,2026-03-31
KEX,KIRBY CORP,7403,245,401,0.636,$245M to $401M,,"1 8-K Item 1.01 filing(s) since 2026-02-17, none carrying a merger agreement (EX-2.1) - most likely a credit facility or offering; open them only if something else is odd.",,,0.0331,-0.0204,0.0669,1.73,STEP UP - normalize down [E4-41],0.076,no single-year dependence (9-yr OCF series),1.75,STEP UP - normalize down [E4-41],0.105,,1.72,18,,,,4-construction width only (3y/5y x two capex ends): CANNOT see variation older than the 5-year window; rebuild it [E4-25],2025-12-31,2026-06-30
GPC,GENUINE PARTS CO,18939,626,831,0.327,$626M to $831M,,"1 8-K Item 1.01 filing(s) since 2026-02-20, none carrying a merger agreement (EX-2.1) - most likely a credit facility or offering; open them only if something else is odd.",,,0.033,-0.0205,0.067,0.94,no step,0.078,no single-year dependence (9-yr OCF series),0.64,STEP DOWN - the series has changed level; a tight spread here is not s,0.141,,1.21,19,,"acquisitions are $2,204M, 12% of cap, inside the window.",,4-construction width only (3y/5y x two capex ends): CANNOT see variation older than the 5-year window; rebuild it [E4-25],2025-12-31,2026-06-30
FUL,FULLER H B CO,3031,100,153,0.532,$100M to $153M,,"M&A AGREEMENT ON FILE: EX-2.1 (plan of merger or acquisition) with the 8-K Item 1.01 of 2026-06-26 (0001437749-26-021844). It is filed by the TARGET and the ACQUIRER alike - READ IT: if this company is being bought the quote is a SPREAD, if it is buying the perimeter changes [ACVA, 2026-09-13].",,,0.033,-0.0205,0.067,1.27,no step,0.05,no single-year dependence (9-yr OCF series),1.07,no step,0.069,,1.93,18,,"acquisitions are $902M, 30% of cap, inside the window - the numerator and denominator may be different compani",,4-construction width only (3y/5y x two capex ends): CANNOT see variation older than the 5-year window; rebuild it [E4-25],2025-11-29,2026-05-30
CHD,CHURCH & DWIGHT CO INC /DE/,24019,779,899,0.154,$779M to $899M,,,,,0.0324,-0.0211,0.0676,1.31,no step,0.034,no single-year dependence (9-yr OCF series),1.21,no step,0.038,,1.77,18,,"acquisitions are $1,779M, 7% of cap, inside the window.",,4-construction width only (3y/5y x two capex ends): CANNOT see variation older than the 5-year window; rebuild it [E4-25],2025-12-31,2026-06-30
KVUE,Kenvue Inc.,36821,1191,1687,0.416,"$1,191M to $1,687M","CAP BELOW FILED PUBLIC FLOAT - cap $36,821M against a filed float of $39,600M (1.08x) as of 2025-06-27. A cap cannot be smaller than a subset of itself. One of the two is wrong - RE-STRIKE THE CAP BY HAND before using any yield on this row [operator rule 4].",,"NAME CHANGE inside the data window: was 'JNTL, Inc.' until 2022-08-30. Possibly a reverse merger, de-SPAC, spin or merger whose predecessor's figures sit under this CIK - or a rebrand (~60% of these are real perimeter events). CHECK THAT MULTI-YEAR FIGURES ARE ONE COMPANY [NEGG, 2026-09-13].","ONE LINE MADE THE CASH: AccountsPayable moved 99% of 2022 OCF. Operating cash is not owner earnings when one balance-sheet line produced it (DELL, INOD). Read the 2022 cash-flow statement and liquidity note.",0.0324,-0.0211,0.0676,1.66,STEP UP - normalize down [E4-41],0.146,one year is doing heavy lifting - check it (9-yr OCF series),n/a,EARLY HALF STRADDLES ZERO - the pre-window years run from $-102.0M to ,0.2,FLAGS DISAGREE - one series refuses the ratio and the other does not; read the filing [E4-25],1.66,5,,,,4-construction width only (3y/5y x two capex ends): CANNOT see variation older than the 5-year window; rebuild it [E4-25],2025-12-28,2026-06-28
MDT,Medtronic plc,116862,3737,4875,0.305,"$3,737M to $4,875M","CAP BELOW FILED PUBLIC FLOAT - cap $116,862M against a filed float of $120,100M (1.03x) as of 2025-10-24. A cap cannot be smaller than a subset of itself. One of the two is wrong - RE-STRIKE THE CAP BY HAND before using any yield on this row [operator rule 4].",,,,0.032,-0.0215,0.068,1.1,no step,0.013,no single-year dependence (9-yr OCF series),1.0,no step,0.023,,1.19,14,,,,4-construction width only (3y/5y x two capex ends): CANNOT see variation older than the 5-year window; rebuild it [E4-25],2026-04-24,2026-04-24
MRK,"Merck & Co., Inc.",366178,11514,12458,0.082,"$11,514M to $12,458M",,"LIVE DEAL FORM: 1 filing(s) since the annual report of 2026-02-24, first SC TO-T on 2026-04-07 (0001193125-26-144514). IF A DEAL IS LIVE THE QUOTE IS A SPREAD, NOT AN OWNER-EARNINGS PRICE - read it before pricing anything [ROKU, 2026-09-12].",,,0.0314,-0.0221,0.0686,1.39,no step,0.069,no single-year dependence (9-yr OCF series),1.81,STEP UP - normalize down [E4-41],0.123,,1.64,19,,"acquisitions are $10,221M inside the window (3% of cap) - small against the cap but LARGE IN ABSOLUTE TERMS. A",,4-construction width only (3y/5y x two capex ends): CANNOT see variation older than the 5-year window; rebuild it [E4-25],2025-12-31,2026-06-30
NGVC,"Natural Grocers by Vitamin Cottage, Inc.",638,20,31,0.581,$20M to $31M,,,,,0.031,-0.0225,0.069,1.38,no step,0.05,no single-year dependence (9-yr OCF series),n/a,EARLY HALF STRADDLES ZERO - the pre-window years run from $-1.1M to $2,0.126,FLAGS DISAGREE - one series refuses the ratio and the other does not; read the filing [E4-25],1.72,15,,,,4-construction width only (3y/5y x two capex ends): CANNOT see variation older than the 5-year window; rebuild it [E4-25],2025-09-30,2026-06-30
ACLS,AXCELIS TECHNOLOGIES INC,3400,103,127,0.227,$103M to $127M,,"LIVE DEAL FORM: 1 filing(s) since the annual report of 2026-02-26, first 425 on 2026-04-29 (0001104659-26-051516). IF A DEAL IS LIVE THE QUOTE IS A SPREAD, NOT AN OWNER-EARNINGS PRICE - read it before pricing anything [ROKU, 2026-09-12].",,"ONE LINE MADE THE CASH: ContractWithCustomerLiability moved 50% of 2024 OCF. Operating cash is not owner earnings when one balance-sheet line produced it (DELL, INOD). Read the 2024 cash-flow statement and liquidity note.",0.0303,-0.0232,0.0697,n/a,EARLY HALF STRADDLES ZERO - the pre-window years run from $-,0.133,one year is doing heavy lifting - check it (9-yr OCF series),n/a,EARLY HALF STRADDLES ZERO - the pre-window years run from $-33.8M to $,0.171,,n/a,17,,,,4-construction width only (3y/5y x two capex ends): CANNOT see variation older than the 5-year window; rebuild it [E4-25],2025-12-31,2026-06-30
BR,"BROADRIDGE FINANCIAL SOLUTIONS, INC.",20568,612,998,0.632,$612M to $998M,"CAP BELOW FILED PUBLIC FLOAT - cap $20,568M against a filed float of $25,945M (1.26x) as of 2025-12-31. A cap cannot be smaller than a subset of itself. One of the two is wrong - RE-STRIKE THE CAP BY HAND before using any yield on this row [operator rule 4].",,,,0.0297,-0.0238,0.0703,1.87,STEP UP - normalize down [E4-41],0.08,no single-year dependence (9-yr OCF series),2.05,STEP UP - normalize down [E4-41],0.092,,2.56,18,,,,4-construction width only (3y/5y x two capex ends): CANNOT see variation older than the 5-year window; rebuild it [E4-25],2026-06-30,2026-06-30
BUKS,BUTLER NATIONAL CORP,272,8,10,0.281,$8M to $10M,,"1 8-K Item 1.01 filing(s) since 2026-07-08, none carrying a merger agreement (EX-2.1) - most likely a credit facility or offering; open them only if something else is odd.",,"ONE LINE MADE THE CASH: ContractWithCustomerLiability moved 45% of 2022 OCF. Operating cash is not owner earnings when one balance-sheet line produced it (DELL, INOD). Read the 2022 cash-flow statement and liquidity note.",0.0293,-0.0242,0.0707,1.45,no step,0.11,no single-year dependence (9-yr OCF series),n/a,EARLY HALF STRADDLES ZERO - the pre-window years run from $-32.7M to $,1.545,FLAGS DISAGREE - one series refuses the ratio and the other does not; read the filing [E4-25],2.26,17,,,,4-construction width only (3y/5y x two capex ends): CANNOT see variation older than the 5-year window; rebuild it [E4-25],2026-04-30,2026-04-30
NUE,NUCOR CORP,56996,1666,4806,1.884,"$1,666M to $4,806M",,,,,0.0292,-0.0243,0.0708,1.13,no step,0.161,one year is doing heavy lifting - check it (9-yr OCF series),0.61,STEP DOWN - the series has changed level; a tight spread here is not s,0.291,,1.9,19,,"acquisitions are $5,810M, 10% of cap, inside the window.",,4-construction width only (3y/5y x two capex ends): CANNOT see variation older than the 5-year window; rebuild it [E4-25],2025-12-31,2026-07-04
UNP,UNION PACIFIC CORP,182803,5266,6644,0.262,"$5,266M to $6,644M",,,,,0.0288,-0.0247,0.0712,1.05,no step,0.009,no single-year dependence (9-yr OCF series),1.01,no step,0.019,,1.34,19,,,,4-construction width only (3y/5y x two capex ends): CANNOT see variation older than the 5-year window; rebuild it [E4-25],2025-12-31,2026-06-30
JKHY,JACK HENRY & ASSOCIATES INC,11900,325,583,0.796,$325M to $583M,"CAP BELOW FILED PUBLIC FLOAT - cap $11,900M against a filed float of $13,093M (1.10x) as of 2025-12-31. A cap cannot be smaller than a subset of itself. One of the two is wrong - RE-STRIKE THE CAP BY HAND before using any yield on this row [operator rule 4].",,,,0.0273,-0.0262,0.0727,1.46,no step,0.058,no single-year dependence (9-yr OCF series),1.5,no step,0.07,,1.83,18,,,,4-construction width only (3y/5y x two capex ends): CANNOT see variation older than the 5-year window; rebuild it [E4-25],2026-06-30,2026-06-30
WFCF,"Where Food Comes From, Inc.",62,2,2,0.381,$2M to $2M,,,,,0.0268,-0.0267,0.0732,1.12,no step,0.045,no single-year dependence (9-yr OCF series),1.29,no step,0.05,,1.83,16,,,,4-construction width only (3y/5y x two capex ends): CANNOT see variation older than the 5-year window; rebuild it [E4-25],2025-12-31,2026-06-30
STWD,"STARWOOD PROPERTY TRUST, INC.",5749,152,603,2.958,$152M to $603M,"CAP BELOW FILED PUBLIC FLOAT - cap $5,749M against a filed float of $6,400M (1.11x) as of 2025-06-30. A cap cannot be smaller than a subset of itself. One of the two is wrong - RE-STRIKE THE CAP BY HAND before using any yield on this row [operator rule 4].","2 8-K Item 1.01 filing(s) since 2026-02-25, none carrying a merger agreement (EX-2.1) - most likely a credit facility or offering; open them only if something else is odd.",,,0.0265,-0.027,0.0735,n/a,EARLY HALF STRADDLES ZERO - the pre-window years run from $-,0.661,TWO YEARS JOINTLY CARRY THE WINDOW - the exact two-year-boom shape leave-one-out cannot see; re- (9-yr OCF series),,,,,n/a,16,,,,4-construction width only (3y/5y x two capex ends): CANNOT see variation older than the 5-year window; rebuild it [E4-25],2025-12-31,2026-06-30
III,Information Services Group Inc.,249,6,12,0.826,$6M to $12M,,,,"ONE LINE MADE THE CASH: AccountsPayable moved 40% of 2023 OCF. Operating cash is not owner earnings when one balance-sheet line produced it (DELL, INOD). Read the 2023 cash-flow statement and liquidity note.",0.026,-0.0275,0.074,0.83,no step,0.111,no single-year dependence (9-yr OCF series),0.63,STEP DOWN - the series has changed level; a tight spread here is not s,0.512,,1.3,17,,,,4-construction width only (3y/5y x two capex ends): CANNOT see variation older than the 5-year window; rebuild it [E4-25],2025-12-31,2026-06-30
ORLY,O REILLY AUTOMOTIVE INC,71464,1852,2598,0.403,"$1,852M to $2,598M",,"4 8-K Item 1.01 filing(s) since 2026-02-27, none carrying a merger agreement (EX-2.1) - most likely a credit facility or offering; open them only if something else is odd.",,"ONE LINE MADE THE CASH: AccountsPayable moved 38% of 2022 OCF. Operating cash is not owner earnings when one balance-sheet line produced it (DELL, INOD). Read the 2022 cash-flow statement and liquidity note.",0.0259,-0.0276,0.0741,1.26,no step,0.033,no single-year dependence (9-yr OCF series),1.03,no step,0.063,,1.95,18,,,,4-construction width only (3y/5y x two capex ends): CANNOT see variation older than the 5-year window; rebuild it [E4-25],2025-12-31,2026-06-30
AIT,APPLIED INDUSTRIAL TECHNOLOGIES INC,11825,306,411,0.343,$306M to $411M,,,,,0.0259,-0.0276,0.0741,1.93,STEP UP - normalize down [E4-41],0.077,no single-year dependence (9-yr OCF series),2.02,STEP UP - normalize down [E4-41],0.083,,2.66,18,,,,4-construction width only (3y/5y x two capex ends): CANNOT see variation older than the 5-year window; rebuild it [E4-25],2026-06-30,2026-06-30
CSCO,"CISCO SYSTEMS, INC.",432730,11154,11466,0.028,"$11,154M to $11,466M",,,,,0.0258,-0.0277,0.0742,1.03,no step,0.044,no single-year dependence (9-yr OCF series),0.92,no step,0.051,,1.17,18,,"acquisitions are $26,959M inside the window (6% of cap) - small against the cap but LARGE IN ABSOLUTE TERMS. A",,4-construction width only (3y/5y x two capex ends): CANNOT see variation older than the 5-year window; rebuild it [E4-25],2025-07-26,2026-04-25
BMI,BADGER METER INC,3834,97,130,0.335,$97M to $130M,"CAP BELOW FILED PUBLIC FLOAT - cap $3,834M against a filed float of $7,180M (1.87x) as of 2025-06-30. A cap cannot be smaller than a subset of itself. One of the two is wrong - RE-STRIKE THE CAP BY HAND before using any yield on this row [operator rule 4].","1 8-K Item 1.01 filing(s) since 2026-02-17, none carrying a merger agreement (EX-2.1) - most likely a credit facility or offering; open them only if something else is odd.",,"ONE LINE MADE THE CASH: AccountsPayable moved 34% of 2022 OCF. Operating cash is not owner earnings when one balance-sheet line produced it (DELL, INOD). Read the 2022 cash-flow statement and liquidity note.",0.0254,-0.0281,0.0746,1.99,STEP UP - normalize down [E4-41],0.105,no single-year dependence (9-yr OCF series),2.03,STEP UP - normalize down [E4-41],0.109,,2.85,17,,"acquisitions are $249M, 7% of cap, inside the window.",,4-construction width only (3y/5y x two capex ends): CANNOT see variation older than the 5-year window; rebuild it [E4-25],2025-12-31,2026-06-30
BEN,FRANKLIN RESOURCES INC,17638,446,910,1.041,$446M to $910M,,"2 8-K Item 1.01 filing(s) since 2025-11-10, none carrying a merger agreement (EX-2.1) - most likely a credit facility or offering; open them only if something else is odd.",,,0.0253,-0.0282,0.0747,0.79,no step,0.102,no single-year dependence (9-yr OCF series),n/a,EARLY HALF STRADDLES ZERO - the pre-window years run from $-78.4M to $,0.282,FLAGS DISAGREE - one series refuses the ratio and the other does not; read the filing [E4-25],0.69,19,,"NET CASH INFLOW on the acquisition line ($2,039M, 12% of cap) - cash acquired exceeded cash paid, so the CONSI",,4-construction width only (3y/5y x two capex ends): CANNOT see variation older than the 5-year window; rebuild it [E4-25],2025-09-30,2026-06-30
MEDP,"Medpace Holdings, Inc.",16765,424,530,0.25,$424M to $530M,,,,"ONE LINE MADE THE CASH: ContractWithCustomerLiability moved 34% of 2021 OCF. Operating cash is not owner earnings when one balance-sheet line produced it (DELL, INOD). Read the 2021 cash-flow statement and liquidity note.",0.0253,-0.0282,0.0747,2.57,STEP UP - normalize down [E4-41],0.259,TWO YEARS JOINTLY CARRY THE WINDOW - the exact two-year-boom shape leave-one-out cannot see; re- (9-yr OCF series),2.75,STEP UP - normalize down [E4-41],0.28,,3.03,11,,,,4-construction width only (3y/5y x two capex ends): CANNOT see variation older than the 5-year window; rebuild it [E4-25],2025-12-31,2026-06-30
IPAR,INTERPARFUMS INC,3793,96,155,0.626,$96M to $155M,,,"NAME CHANGE inside the data window: was 'INTER PARFUMS INC' until 2024-09-19. Possibly a reverse merger, de-SPAC, spin or merger whose predecessor's figures sit under this CIK - or a rebrand (~60% of these are real perimeter events). CHECK THAT MULTI-YEAR FIGURES ARE ONE COMPANY [NEGG, 2026-09-13].","ONE LINE MADE THE CASH: AccountsPayableAndAccruedLiabilities moved 89% of 2022 OCF. Operating cash is not owner earnings when one balance-sheet line produced it (DELL, INOD). Read the 2022 cash-flow statement and liquidity note.",0.0252,-0.0283,0.0748,2.35,STEP UP - normalize down [E4-41],0.264,TWO YEARS JOINTLY CARRY THE WINDOW - the exact two-year-boom shape leave-one-out cannot see; re- (9-yr OCF series),n/a,EARLY HALF STRADDLES ZERO - the pre-window years run from $-24.5M to $,0.409,FLAGS DISAGREE - one series refuses the ratio and the other does not; read the filing [E4-25],n/a,17,WINDOW DISAGREE - 9yr and the full 17yr series give different KINDS of answer; the 9yr base may already contain the wave [E4-41],,,4-construction width only (3y/5y x two capex ends): CANNOT see variation older than the 5-year window; rebuild it [E4-25],2025-12-31,2026-06-30
JJSF,J&J SNACK FOODS CORP,1668,42,95,1.27,$42M to $95M,"CAP BELOW FILED PUBLIC FLOAT - cap $1,668M against a filed float of $1,968M (1.18x) as of 2025-03-28. A cap cannot be smaller than a subset of itself. One of the two is wrong - RE-STRIKE THE CAP BY HAND before using any yield on this row [operator rule 4].","1 8-K Item 1.01 filing(s) since 2025-11-26, none carrying a merger agreement (EX-2.1) - most likely a credit facility or offering; open them only if something else is odd.",,"ONE LINE MADE THE CASH: AccountsPayableAndAccruedLiabilities moved 35% of 2021 OCF. Operating cash is not owner earnings when one balance-sheet line produced it (DELL, INOD). Read the 2021 cash-flow statement and liquidity note.",0.0251,-0.0284,0.0749,1.66,STEP UP - normalize down [E4-41],0.048,no single-year dependence (9-yr OCF series),n/a,EARLY HALF STRADDLES ZERO - the pre-window years run from $-65.5M to $,0.116,FLAGS DISAGREE - one series refuses the ratio and the other does not; read the filing [E4-25],1.76,17,,"acquisitions are $228M, 14% of cap, inside the window.",,4-construction width only (3y/5y x two capex ends): CANNOT see variation older than the 5-year window; rebuild it [E4-25],2025-09-27,2026-06-27
OTTR,Otter Tail Corp,3758,94,298,2.158,$94M to $298M,,"3 8-K Item 1.01 filing(s) since 2026-02-18, none carrying a merger agreement (EX-2.1) - most likely a credit facility or offering; open them only if something else is odd.",,,0.0251,-0.0284,0.0749,1.86,STEP UP - normalize down [E4-41],0.073,no single-year dependence (9-yr OCF series),n/a,EARLY HALF STRADDLES ZERO - the pre-window years run from $-165.9M to ,0.437,FLAGS DISAGREE - one series refuses the ratio and the other does not; read the filing [E4-25],2.4,18,,,,4-construction width only (3y/5y x two capex ends): CANNOT see variation older than the 5-year window; rebuild it [E4-25],2025-12-31,2026-06-30
NDSN,NORDSON CORP,18079,452,566,0.253,$452M to $566M,,"1 8-K Item 1.01 filing(s) since 2025-12-17, none carrying a merger agreement (EX-2.1) - most likely a credit facility or offering; open them only if something else is odd.",,,0.025,-0.0285,0.075,1.37,no step,0.046,no single-year dependence (9-yr OCF series),1.47,no step,0.055,,1.95,18,,"NET CASH INFLOW on the acquisition line ($2,384M, 13% of cap) - cash acquired exceeded cash paid, so the CONSI",,4-construction width only (3y/5y x two capex ends): CANNOT see variation older than the 5-year window; rebuild it [E4-25],2025-10-31,2026-07-31
LOVE,Lovesac Co,234,6,35,4.969,$6M to $35M,CAP BELOW FILED PUBLIC FLOAT - cap $234M against a filed float of $242M (1.03x) as of 2025-08-03. A cap cannot be smaller than a subset of itself. One of the two is wrong - RE-STRIKE THE CAP BY HAND before using any yield on this row [operator rule 4].,,,"ONE LINE MADE THE CASH: AccountsPayableAndAccruedLiabilities moved 117% of 2022 OCF. Operating cash is not owner earnings when one balance-sheet line produced it (DELL, INOD). Read the 2022 cash-flow statement and liquidity note.",0.025,-0.0285,0.075,n/a,EARLY HALF STRADDLES ZERO - the pre-window years run from $-,0.315,"ONE YEAR CARRIES THE WINDOW - a tight spread here is arithmetic, not knowledge; re-price on a wi (9-yr OCF series)",n/a,EARLY HALF STRADDLES ZERO - the pre-window years run from $-57.1M to $,,,n/a,9,,,,4-construction width only (3y/5y x two capex ends): CANNOT see variation older than the 5-year window; rebuild it [E4-25],2026-02-01,2026-05-03
EPAC,ENERPAC TOOL GROUP CORP,1923,48,67,0.402,$48M to $67M,"CAP BELOW FILED PUBLIC FLOAT - cap $1,923M against a filed float of $2,490M (1.29x) as of 2025-02-28. A cap cannot be smaller than a subset of itself. One of the two is wrong - RE-STRIKE THE CAP BY HAND before using any yield on this row [operator rule 4].","M&A AGREEMENT ON FILE: EX-2.1 (plan of merger or acquisition) with the 8-K Item 1.01 of 2026-07-09 (0001140361-26-027991). It is filed by the TARGET and the ACQUIRER alike - READ IT: if this company is being bought the quote is a SPREAD, if it is buying the perimeter changes [ACVA, 2026-09-13].","NAME CHANGE inside the data window: was 'ACTUANT CORP' until 2020-01-28. Possibly a reverse merger, de-SPAC, spin or merger whose predecessor's figures sit under this CIK - or a rebrand (~60% of these are real perimeter events). CHECK THAT MULTI-YEAR FIGURES ARE ONE COMPANY [NEGG, 2026-09-13].",,0.0249,-0.0286,0.0751,n/a,EARLY HALF STRADDLES ZERO - the pre-window years run from $-,0.076,no single-year dependence (9-yr OCF series),n/a,EARLY HALF STRADDLES ZERO - the pre-window years run from $-3.7M to $4,0.135,,n/a,17,,,,4-construction width only (3y/5y x two capex ends): CANNOT see variation older than the 5-year window; rebuild it [E4-25],2025-08-31,2026-05-31
ABBV,AbbVie Inc.,451463,10946,19994,0.827,"$10,946M to $19,994M",,,,,0.0242,-0.0293,0.0758,1.19,no step,0.047,no single-year dependence (9-yr OCF series),1.16,no step,0.052,,1.75,15,,"acquisitions are $18,477M inside the window (4% of cap) - small against the cap but LARGE IN ABSOLUTE TERMS. A",,4-construction width only (3y/5y x two capex ends): CANNOT see variation older than the 5-year window; rebuild it [E4-25],2025-12-31,2026-06-30
LYTS,LSI INDUSTRIES INC,726,18,36,1.038,$18M to $36M,,,,"ONE LINE MADE THE CASH: AccountsPayable moved 52% of 2021 OCF. Operating cash is not owner earnings when one balance-sheet line produced it (DELL, INOD). Read the 2021 cash-flow statement and liquidity note.",0.0242,-0.0293,0.0758,n/a,EARLY HALF STRADDLES ZERO - the pre-window years run from $-,0.118,no single-year dependence (9-yr OCF series),n/a,EARLY HALF STRADDLES ZERO - the pre-window years run from $-9.3M to $2,0.286,,n/a,16,,"acquisitions are $165M, 23% of cap, inside the window - the numerator and denominator may be different compani",,4-construction width only (3y/5y x two capex ends): CANNOT see variation older than the 5-year window; rebuild it [E4-25],2025-06-30,2026-03-31
EFX,EQUIFAX INC,22831,543,744,0.37,$543M to $744M,"CAP BELOW FILED PUBLIC FLOAT - cap $22,831M against a filed float of $32,109M (1.41x) as of 2025-06-30. A cap cannot be smaller than a subset of itself. One of the two is wrong - RE-STRIKE THE CAP BY HAND before using any yield on this row [operator rule 4].","1 8-K Item 1.01 filing(s) since 2026-02-19, none carrying a merger agreement (EX-2.1) - most likely a credit facility or offering; open them only if something else is odd.",,,0.0238,-0.0297,0.0762,1.68,STEP UP - normalize down [E4-41],0.079,no single-year dependence (9-yr OCF series),n/a,EARLY HALF STRADDLES ZERO - the pre-window years run from $-135.5M to ,0.271,FLAGS DISAGREE - one series refuses the ratio and the other does not; read the filing [E4-25],2.08,18,,"acquisitions are $3,727M, 16% of cap, inside the window - the numerator and denominator may be different compa",,4-construction width only (3y/5y x two capex ends): CANNOT see variation older than the 5-year window; rebuild it [E4-25],2025-12-31,2026-06-30
KRT,Karat Packaging Inc.,949,22,42,0.877,$22M to $42M,,,,,0.0237,-0.0298,0.0763,2.57,STEP UP - normalize down [E4-41],0.309,TWO YEARS JOINTLY CARRY THE WINDOW - the exact two-year-boom shape leave-one-out cannot see; re- (9-yr OCF series),n/a,EARLY HALF STRADDLES ZERO - the pre-window years run from $-15.0M to $,0.523,FLAGS DISAGREE - one series refuses the ratio and the other does not; read the filing [E4-25],2.57,6,,,,4-construction width only (3y/5y x two capex ends): CANNOT see variation older than the 5-year window; rebuild it [E4-25],2025-12-31,2026-06-30
QLYS,"QUALYS, INC.",6124,145,183,0.265,$145M to $183M,,,,,0.0236,-0.0299,0.0764,1.64,STEP UP - normalize down [E4-41],0.072,no single-year dependence (9-yr OCF series),1.95,STEP UP - normalize down [E4-41],0.105,,2.83,16,,,,4-construction width only (3y/5y x two capex ends): CANNOT see variation older than the 5-year window; rebuild it [E4-25],2025-12-31,2026-06-30
ABT,ABBOTT LABORATORIES,196163,4609,6390,0.386,"$4,609M to $6,390M","CAP BELOW FILED PUBLIC FLOAT - cap $196,163M against a filed float of $232,169M (1.18x) as of 2025-06-30. A cap cannot be smaller than a subset of itself. One of the two is wrong - RE-STRIKE THE CAP BY HAND before using any yield on this row [operator rule 4].","2 8-K Item 1.01 filing(s) since 2026-02-20, none carrying a merger agreement (EX-2.1) - most likely a credit facility or offering; open them only if something else is odd.",,,0.0235,-0.03,0.0765,1.1,no step,0.041,no single-year dependence (9-yr OCF series),1.03,no step,0.057,,1.28,19,,,,4-construction width only (3y/5y x two capex ends): CANNOT see variation older than the 5-year window; rebuild it [E4-25],2025-12-31,2026-03-31
KWR,QUAKER CHEMICAL CORP,2855,67,147,1.198,$67M to $147M,,"1 8-K Item 1.01 filing(s) since 2026-02-23, none carrying a merger agreement (EX-2.1) - most likely a credit facility or offering; open them only if something else is odd.",,"ONE LINE MADE THE CASH: AccountsPayableAndAccruedLiabilities moved 78% of 2021 OCF. Operating cash is not owner earnings when one balance-sheet line produced it (DELL, INOD). Read the 2021 cash-flow statement and liquidity note.",0.0234,-0.0301,0.0766,2.51,STEP UP - normalize down [E4-41],0.157,one year is doing heavy lifting - check it (9-yr OCF series),2.58,STEP UP - normalize down [E4-41],0.2,,3.1,17,,"acquisitions are $259M, 9% of cap, inside the window.",,4-construction width only (3y/5y x two capex ends): CANNOT see variation older than the 5-year window; rebuild it [E4-25],2025-12-31,2026-06-30
EAT,"BRINKER INTERNATIONAL, INC",9772,227,404,0.779,$227M to $404M,,,,,0.0232,-0.0303,0.0768,2.33,STEP UP - normalize down [E4-41],0.252,TWO YEARS JOINTLY CARRY THE WINDOW - the exact two-year-boom shape leave-one-out cannot see; re- (9-yr OCF series),3.33,STEP UP - normalize down [E4-41],0.403,,2.12,18,,,,4-construction width only (3y/5y x two capex ends): CANNOT see variation older than the 5-year window; rebuild it [E4-25],2026-06-24,2026-06-24
HWKN,HAWKINS INC,2512,58,90,0.548,$58M to $90M,"CAP BELOW FILED PUBLIC FLOAT - cap $2,512M against a filed float of $3,550M (1.41x) as of 2025-09-28. A cap cannot be smaller than a subset of itself. One of the two is wrong - RE-STRIKE THE CAP BY HAND before using any yield on this row [operator rule 4].",,,"ONE LINE MADE THE CASH: AccountsPayable moved 59% of 2022 OCF. Operating cash is not owner earnings when one balance-sheet line produced it (DELL, INOD). Read the 2022 cash-flow statement and liquidity note.",0.0232,-0.0303,0.0768,2.78,STEP UP - normalize down [E4-41],0.262,TWO YEARS JOINTLY CARRY THE WINDOW - the exact two-year-boom shape leave-one-out cannot see; re- (9-yr OCF series),4.02,STEP UP - normalize down [E4-41],0.212,,3.39,17,,"acquisitions are $360M, 14% of cap, inside the window.",,4-construction width only (3y/5y x two capex ends): CANNOT see variation older than the 5-year window; rebuild it [E4-25],2026-03-29,2026-06-28
ARCB,ARCBEST CORP /TX/,2971,68,169,1.49,$68M to $169M,,,,,0.0228,-0.0307,0.0772,1.06,no step,0.094,no single-year dependence (9-yr OCF series),0.41,STEP DOWN - the series has changed level; a tight spread here is not s,0.284,,1.74,18,,"NET CASH INFLOW on the acquisition line ($242M, 8% of cap) - cash acquired exceeded cash paid, so the CONSIDER",,4-construction width only (3y/5y x two capex ends): CANNOT see variation older than the 5-year window; rebuild it [E4-25],2025-12-31,2026-06-30
JNJ,JOHNSON & JOHNSON,645443,14694,18009,0.226,"$14,694M to $18,009M",,,,,0.0228,-0.0307,0.0772,1.06,no step,0.009,no single-year dependence (9-yr OCF series),1.01,no step,0.009,,1.26,19,,"acquisitions are $50,399M inside the window (8% of cap) - small against the cap but LARGE IN ABSOLUTE TERMS. A",,4-construction width only (3y/5y x two capex ends): CANNOT see variation older than the 5-year window; rebuild it [E4-25],2025-12-28,2026-06-28
PLUS,EPLUS INC,2277,50,134,1.695,$50M to $134M,,,,"ONE LINE MADE THE CASH: AccountsPayable moved 488% of 2023 OCF. Operating cash is not owner earnings when one balance-sheet line produced it (DELL, INOD). Read the 2023 cash-flow statement and liquidity note.",0.0219,-0.0316,0.0781,n/a,EARLY HALF STRADDLES ZERO - the pre-window years run from $-,0.944,TWO YEARS JOINTLY CARRY THE WINDOW - the exact two-year-boom shape leave-one-out cannot see; re- (9-yr OCF series),,,,,n/a,17,,"acquisitions are $192M, 8% of cap, inside the window.",,4-construction width only (3y/5y x two capex ends): CANNOT see variation older than the 5-year window; rebuild it [E4-25],2026-03-31,2026-06-30
ATR,"APTARGROUP, INC.",8456,185,285,0.544,$185M to $285M,"CAP BELOW FILED PUBLIC FLOAT - cap $8,456M against a filed float of $10,346M (1.22x) as of 2025-06-30. A cap cannot be smaller than a subset of itself. One of the two is wrong - RE-STRIKE THE CAP BY HAND before using any yield on this row [operator rule 4].",,,,0.0219,-0.0316,0.0781,1.39,no step,0.041,no single-year dependence (9-yr OCF series),1.77,STEP UP - normalize down [E4-41],0.088,,1.71,18,,,,4-construction width only (3y/5y x two capex ends): CANNOT see variation older than the 5-year window; rebuild it [E4-25],2025-12-31,2026-06-30
CMG,CHIPOTLE MEXICAN GRILL INC,48118,1043,1537,0.474,"$1,043M to $1,537M","CAP BELOW FILED PUBLIC FLOAT - cap $48,118M against a filed float of $64,000M (1.33x) as of 2025-06-30. A cap cannot be smaller than a subset of itself. One of the two is wrong - RE-STRIKE THE CAP BY HAND before using any yield on this row [operator rule 4].",,,,0.0217,-0.0318,0.0783,2.36,STEP UP - normalize down [E4-41],0.09,no single-year dependence (9-yr OCF series),3.22,STEP UP - normalize down [E4-41],0.278,,3.37,18,,,,4-construction width only (3y/5y x two capex ends): CANNOT see variation older than the 5-year window; rebuild it [E4-25],2025-12-31,2026-06-30
DAL,"DELTA AIR LINES, INC.",52949,1137,4935,3.341,"$1,137M to $4,935M",,"1 8-K Item 1.01 filing(s) since 2026-02-11, none carrying a merger agreement (EX-2.1) - most likely a credit facility or offering; open them only if something else is odd.",,"ONE LINE MADE THE CASH: AccountsPayableAndAccruedLiabilities moved 61% of 2021 OCF. Operating cash is not owner earnings when one balance-sheet line produced it (DELL, INOD). Read the 2021 cash-flow statement and liquidity note.",0.0215,-0.032,0.0785,n/a,EARLY HALF STRADDLES ZERO - the pre-window years run from $-,0.068,no single-year dependence (9-yr OCF series),n/a,"EARLY HALF STRADDLES ZERO - the pre-window years run from $-6,192.0M t",1.403,,n/a,18,,,,4-construction width only (3y/5y x two capex ends): CANNOT see variation older than the 5-year window; rebuild it [E4-25],2025-12-31,2026-06-30
CAT,CATERPILLAR INC,368785,7883,9860,0.251,"$7,883M to $9,860M",,"1 8-K Item 1.01 filing(s) since 2026-02-13, none carrying a merger agreement (EX-2.1) - most likely a credit facility or offering; open them only if something else is odd.",,,0.0214,-0.0321,0.0786,1.81,STEP UP - normalize down [E4-41],0.063,no single-year dependence (9-yr OCF series),1.81,STEP UP - normalize down [E4-41],0.075,,1.82,19,,,,4-construction width only (3y/5y x two capex ends): CANNOT see variation older than the 5-year window; rebuild it [E4-25],2025-12-31,2026-06-30
TCMD,TACTILE SYSTEMS TECHNOLOGY INC,508,11,30,1.748,$11M to $30M,,,,"ONE LINE MADE THE CASH: AccountsPayable moved 95% of 2022 OCF. Operating cash is not owner earnings when one balance-sheet line produced it (DELL, INOD). Read the 2022 cash-flow statement and liquidity note.",0.0211,-0.0324,0.0789,9.06,STEP UP - normalize down [E4-41],0.451,TWO YEARS JOINTLY CARRY THE WINDOW - the exact two-year-boom shape leave-one-out cannot see; re- (9-yr OCF series),n/a,SIGN CHANGE - the early years are loss-making and the recent ones are ,1.583,FLAGS DISAGREE - one series refuses the ratio and the other does not; read the filing [E4-25],n/a,12,WINDOW DISAGREE - 9yr and the full 12yr series give different KINDS of answer; the 9yr base may already contain the wave [E4-41],,,4-construction width only (3y/5y x two capex ends): CANNOT see variation older than the 5-year window; rebuild it [E4-25],2025-12-31,2026-06-30
DTM,"DT Midstream, Inc.",13214,270,570,1.109,$270M to $570M,,,,,0.0205,-0.033,0.0795,1.42,no step,0.048,no single-year dependence (9-yr OCF series),1.04,no step,0.099,,1.42,7,,"NET CASH INFLOW on the acquisition line ($1,208M, 9% of cap) - cash acquired exceeded cash paid, so the CONSID",,4-construction width only (3y/5y x two capex ends): CANNOT see variation older than the 5-year window; rebuild it [E4-25],2025-12-31,2026-06-30
OPXS,Optex Systems Holdings Inc,70,1,2,0.397,$1M to $2M,,"1 8-K Item 1.01 filing(s) since 2025-12-17, none carrying a merger agreement (EX-2.1) - most likely a credit facility or offering; open them only if something else is odd.",,"ONE LINE MADE THE CASH: AccountsPayableAndAccruedLiabilities moved 139% of 2023 OCF. Operating cash is not owner earnings when one balance-sheet line produced it (DELL, INOD). Read the 2023 cash-flow statement and liquidity note.",0.0198,-0.0337,0.0802,2.2,STEP UP - normalize down [E4-41],0.36,"ONE YEAR CARRIES THE WINDOW - a tight spread here is arithmetic, not knowledge; re-price on a wi (9-yr OCF series)",n/a,EARLY HALF STRADDLES ZERO - the pre-window years run from $-0.4M to $3,0.481,FLAGS DISAGREE - one series refuses the ratio and the other does not; read the filing [E4-25],n/a,16,WINDOW DISAGREE - 9yr and the full 16yr series give different KINDS of answer; the 9yr base may already contain the wave [E4-41],,,4-construction width only (3y/5y x two capex ends): CANNOT see variation older than the 5-year window; rebuild it [E4-25],2025-09-28,2026-06-28
TXRH,"Texas Roadhouse, Inc.",13062,258,461,0.786,$258M to $461M,,,,,0.0197,-0.0338,0.0803,1.84,STEP UP - normalize down [E4-41],0.073,no single-year dependence (9-yr OCF series),1.86,STEP UP - normalize down [E4-41],0.105,,2.66,17,,,,4-construction width only (3y/5y x two capex ends): CANNOT see variation older than the 5-year window; rebuild it [E4-25],2025-12-30,2026-06-30
GWW,"W.W. GRAINGER, INC.",61417,1194,1684,0.411,"$1,194M to $1,684M",,,,,0.0194,-0.0341,0.0806,1.88,STEP UP - normalize down [E4-41],0.062,no single-year dependence (9-yr OCF series),1.76,STEP UP - normalize down [E4-41],0.062,,2.27,19,,,,4-construction width only (3y/5y x two capex ends): CANNOT see variation older than the 5-year window; rebuild it [E4-25],2025-12-31,2026-06-30
AAPL,Apple Inc.,4671962,90078,91845,0.02,"$90,078M to $91,845M",,,,,0.0193,-0.0342,0.0807,1.31,no step,0.035,no single-year dependence (9-yr OCF series),1.32,no step,0.043,,1.99,19,,,,4-construction width only (3y/5y x two capex ends): CANNOT see variation older than the 5-year window; rebuild it [E4-25],2025-09-27,2026-06-27
MSA,MSA Safety Inc,7343,141,175,0.24,$141M to $175M,,"M&A AGREEMENT ON FILE: EX-2.1 (plan of merger or acquisition) with the 8-K Item 1.01 of 2026-05-05 (0001140361-26-019007). It is filed by the TARGET and the ACQUIRER alike - READ IT: if this company is being bought the quote is a SPREAD, if it is buying the perimeter changes [ACVA, 2026-09-13].",,"ONE LINE MADE THE CASH: AccountsPayableAndAccruedLiabilities moved 58% of 2023 OCF. Operating cash is not owner earnings when one balance-sheet line produced it (DELL, INOD). Read the 2023 cash-flow statement and liquidity note.",0.0192,-0.0343,0.0808,1.23,no step,0.082,no single-year dependence (9-yr OCF series),1.15,no step,0.095,,1.81,18,,"acquisitions are $582M, 8% of cap, inside the window.",,4-construction width only (3y/5y x two capex ends): CANNOT see variation older than the 5-year window; rebuild it [E4-25],2025-12-31,2026-06-30
XPEL,"XPEL, Inc.",1330,25,42,0.668,$25M to $42M,,"1 8-K Item 1.01 filing(s) since 2026-02-27, none carrying a merger agreement (EX-2.1) - most likely a credit facility or offering; open them only if something else is odd.",,"ONE LINE MADE THE CASH: AccountsPayableAndAccruedLiabilities moved 66% of 2021 OCF. Operating cash is not owner earnings when one balance-sheet line produced it (DELL, INOD). Read the 2021 cash-flow statement and liquidity note.",0.0191,-0.0344,0.0809,3.81,STEP UP - normalize down [E4-41],0.207,"ONE YEAR CARRIES THE WINDOW - a tight spread here is arithmetic, not knowledge; re-price on a wi (9-yr OCF series)",4.64,STEP UP - normalize down [E4-41],0.254,,3.81,8,,"acquisitions are $109M, 8% of cap, inside the window.",,4-construction width only (3y/5y x two capex ends): CANNOT see variation older than the 5-year window; rebuild it [E4-25],2025-12-31,2026-06-30
WING,Wingstop Inc.,3072,58,104,0.799,$58M to $104M,"CAP BELOW FILED PUBLIC FLOAT - cap $3,072M against a filed float of $9,700M (3.16x) as of 2025-06-27. A cap cannot be smaller than a subset of itself. One of the two is wrong - RE-STRIKE THE CAP BY HAND before using any yield on this row [operator rule 4].",,,,0.0188,-0.0347,0.0812,2.93,STEP UP - normalize down [E4-41],0.263,TWO YEARS JOINTLY CARRY THE WINDOW - the exact two-year-boom shape leave-one-out cannot see; re- (9-yr OCF series),2.65,STEP UP - normalize down [E4-41],0.108,,4.04,13,,,,4-construction width only (3y/5y x two capex ends): CANNOT see variation older than the 5-year window; rebuild it [E4-25],2025-12-27,2026-06-27
SANM,SANMINA CORP,10448,192,222,0.157,$192M to $222M,,,,"ONE LINE MADE THE CASH: AccountsPayable moved 178% of 2023 OCF. Operating cash is not owner earnings when one balance-sheet line produced it (DELL, INOD). Read the 2023 cash-flow statement and liquidity note.",0.0183,-0.0352,0.0817,1.36,no step,0.111,no single-year dependence (9-yr OCF series),1.26,no step,0.185,,n/a,17,WINDOW DISAGREE - 9yr and the full 17yr series give different KINDS of answer; the 9yr base may already contain the wave [E4-41],,,4-construction width only (3y/5y x two capex ends): CANNOT see variation older than the 5-year window; rebuild it [E4-25],2025-09-27,2026-06-27
OII,OCEANEERING INTERNATIONAL INC,5035,89,127,0.427,$89M to $127M,,"2 8-K Item 1.01 filing(s) since 2026-02-20, none carrying a merger agreement (EX-2.1) - most likely a credit facility or offering; open them only if something else is odd.",,"ONE LINE MADE THE CASH: ContractWithCustomerLiability moved 87% of 2022 OCF. Operating cash is not owner earnings when one balance-sheet line produced it (DELL, INOD). Read the 2022 cash-flow statement and liquidity note.",0.0177,-0.0358,0.0823,1.8,STEP UP - normalize down [E4-41],0.107,no single-year dependence (9-yr OCF series),n/a,EARLY HALF STRADDLES ZERO - the pre-window years run from $-84.5M to $,0.507,FLAGS DISAGREE - one series refuses the ratio and the other does not; read the filing [E4-25],0.76,18,,,,4-construction width only (3y/5y x two capex ends): CANNOT see variation older than the 5-year window; rebuild it [E4-25],2025-12-31,2026-06-30
JYNT,JOINT Corp,119,2,5,1.182,$2M to $5M,CAP BELOW FILED PUBLIC FLOAT - cap $119M against a filed float of $172M (1.45x) as of 2025-06-30. A cap cannot be smaller than a subset of itself. One of the two is wrong - RE-STRIKE THE CAP BY HAND before using any yield on this row [operator rule 4].,"2 8-K Item 1.01 filing(s) since 2026-03-13, none carrying a merger agreement (EX-2.1) - most likely a credit facility or offering; open them only if something else is odd.",,"ONE LINE MADE THE CASH: ContractWithCustomerLiability moved 79% of 2025 OCF. Operating cash is not owner earnings when one balance-sheet line produced it (DELL, INOD). Read the 2025 cash-flow statement and liquidity note.",0.0174,-0.0361,0.0826,n/a,EARLY HALF STRADDLES ZERO - the pre-window years run from $-,0.104,no single-year dependence (9-yr OCF series),n/a,EARLY HALF STRADDLES ZERO - the pre-window years run from $-1.1M to $6,0.292,,n/a,13,,"acquisitions are $7M, 6% of cap, inside the window.",,4-construction width only (3y/5y x two capex ends): CANNOT see variation older than the 5-year window; rebuild it [E4-25],2025-12-31,2026-06-30
ECL,ECOLAB INC.,80452,1373,1665,0.212,"$1,373M to $1,665M",,"1 8-K Item 1.01 filing(s) since 2026-02-23, none carrying a merger agreement (EX-2.1) - most likely a credit facility or offering; open them only if something else is odd.",,,0.0171,-0.0364,0.0829,1.31,no step,0.036,no single-year dependence (9-yr OCF series),1.44,no step,0.042,,1.75,19,,,,4-construction width only (3y/5y x two capex ends): CANNOT see variation older than the 5-year window; rebuild it [E4-25],2025-12-31,2026-06-30
CRM,"Salesforce, Inc.",213659,3549,8952,1.522,"$3,549M to $8,952M",,"2 8-K Item 1.01 filing(s) since 2026-03-02, none carrying a merger agreement (EX-2.1) - most likely a credit facility or offering; open them only if something else is odd.",,"ONE LINE MADE THE CASH: ContractWithCustomerLiability moved 44% of 2022 OCF. Operating cash is not owner earnings when one balance-sheet line produced it (DELL, INOD). Read the 2022 cash-flow statement and liquidity note.",0.0166,-0.0369,0.0834,2.7,STEP UP - normalize down [E4-41],0.256,TWO YEARS JOINTLY CARRY THE WINDOW - the exact two-year-boom shape leave-one-out cannot see; re- (9-yr OCF series),4.45,STEP UP - normalize down [E4-41],0.38,,5.56,19,,"acquisitions are $27,399M inside the window (13% of cap) - small against the cap but LARGE IN ABSOLUTE TERMS. ",,4-construction width only (3y/5y x two capex ends): CANNOT see variation older than the 5-year window; rebuild it [E4-25],2026-01-31,2026-07-31
CTAS,CINTAS CORP,81823,1356,1641,0.21,"$1,356M to $1,641M",,,,,0.0166,-0.0369,0.0834,1.67,STEP UP - normalize down [E4-41],0.054,no single-year dependence (9-yr OCF series),1.75,STEP UP - normalize down [E4-41],0.062,,2.57,18,,,,4-construction width only (3y/5y x two capex ends): CANNOT see variation older than the 5-year window; rebuild it [E4-25],2026-05-31,2026-05-31
CLB,Core Laboratories Inc. /DE/,567,9,20,1.117,$9M to $20M,,,,"ONE LINE MADE THE CASH: AccountsPayable moved 62% of 2022 OCF. Operating cash is not owner earnings when one balance-sheet line produced it (DELL, INOD). Read the 2022 cash-flow statement and liquidity note.",0.0166,-0.0369,0.0834,1.28,no step,0.142,one year is doing heavy lifting - check it (9-yr OCF series),3.64,STEP UP - normalize down [E4-41],0.471,,1.28,5,,,,4-construction width only (3y/5y x two capex ends): CANNOT see variation older than the 5-year window; rebuild it [E4-25],2025-12-31,2026-06-30
STAG,"STAG Industrial, Inc.",7109,118,272,1.313,$118M to $272M,,"1 8-K Item 1.01 filing(s) since 2026-02-11, none carrying a merger agreement (EX-2.1) - most likely a credit facility or offering; open them only if something else is odd.",,,0.0166,-0.0369,0.0834,1.63,STEP UP - normalize down [E4-41],0.053,no single-year dependence (9-yr OCF series),1.37,no step,0.042,,2.3,14,,,,4-construction width only (3y/5y x two capex ends): CANNOT see variation older than the 5-year window; rebuild it [E4-25],2025-12-31,2026-03-31
O,REALTY INCOME CORP,58647,970,3363,2.466,"$970M to $3,363M",,"1 8-K Item 1.01 filing(s) since 2026-02-25, none carrying a merger agreement (EX-2.1) - most likely a credit facility or offering; open them only if something else is odd.",,,0.0165,-0.037,0.0835,2.67,STEP UP - normalize down [E4-41],0.119,no single-year dependence (9-yr OCF series),2.67,STEP UP - normalize down [E4-41],0.119,,4.43,18,,,,4-construction width only (3y/5y x two capex ends): CANNOT see variation older than the 5-year window; rebuild it [E4-25],2025-12-31,2026-06-30
GRMN,GARMIN LTD,55091,892,1173,0.315,"$892M to $1,173M",,,,,0.0162,-0.0373,0.0838,1.7,STEP UP - normalize down [E4-41],0.065,no single-year dependence (9-yr OCF series),1.85,STEP UP - normalize down [E4-41],0.067,,1.93,19,,,,4-construction width only (3y/5y x two capex ends): CANNOT see variation older than the 5-year window; rebuild it [E4-25],2025-12-27,2026-03-28
KEYS,"Keysight Technologies, Inc.",54543,879,978,0.112,$879M to $978M,,,,"ONE LINE MADE THE CASH: ContractWithCustomerLiability moved 50% of 2024 OCF. Operating cash is not owner earnings when one balance-sheet line produced it (DELL, INOD). Read the 2024 cash-flow statement and liquidity note.",0.0161,-0.0374,0.0839,1.44,no step,0.047,no single-year dependence (9-yr OCF series),1.45,no step,0.053,,1.77,13,,"acquisitions are $2,999M, 5% of cap, inside the window.",,4-construction width only (3y/5y x two capex ends): CANNOT see variation older than the 5-year window; rebuild it [E4-25],2025-10-31,2026-04-30
ESI,Element Solutions Inc,8331,133,238,0.798,$133M to $238M,,"LIVE DEAL FORM: 22 filing(s) since the annual report of 2026-02-18, first 425 on 2026-07-06 (0001104659-26-080826). IF A DEAL IS LIVE THE QUOTE IS A SPREAD, NOT AN OWNER-EARNINGS PRICE - read it before pricing anything [ROKU, 2026-09-12].","NAME CHANGE inside the data window: was 'Platform Specialty Products Corp' until 2019-01-28. Possibly a reverse merger, de-SPAC, spin or merger whose predecessor's figures sit under this CIK - or a rebrand (~60% of these are real perimeter events). CHECK THAT MULTI-YEAR FIGURES ARE ONE COMPANY [NEGG, 2026-09-13].",,0.0159,-0.0376,0.0841,n/a,EARLY HALF STRADDLES ZERO - the pre-window years run from $-,0.057,no single-year dependence (9-yr OCF series),n/a,EARLY HALF STRADDLES ZERO - the pre-window years run from $-45.8M to $,0.073,,n/a,12,,"acquisitions are $778M, 9% of cap, inside the window.",,4-construction width only (3y/5y x two capex ends): CANNOT see variation older than the 5-year window; rebuild it [E4-25],2025-12-31,2026-03-31
MA,Mastercard Inc,729451,11501,13329,0.159,"$11,501M to $13,329M",,,,,0.0158,-0.0377,0.0842,1.85,STEP UP - normalize down [E4-41],0.09,no single-year dependence (9-yr OCF series),1.86,STEP UP - normalize down [E4-41],0.093,,3.2,19,,,,4-construction width only (3y/5y x two capex ends): CANNOT see variation older than the 5-year window; rebuild it [E4-25],2025-12-31,2026-06-30
CW,CURTISS WRIGHT CORP,22000,331,461,0.392,$331M to $461M,,"1 8-K Item 1.01 filing(s) since 2026-02-12, none carrying a merger agreement (EX-2.1) - most likely a credit facility or offering; open them only if something else is odd.",,"ONE LINE MADE THE CASH: AccountsPayableAndAccruedLiabilities moved 33% of 2022 OCF. Operating cash is not owner earnings when one balance-sheet line produced it (DELL, INOD). Read the 2022 cash-flow statement and liquidity note.",0.0151,-0.0384,0.0849,1.57,no step,0.069,no single-year dependence (9-yr OCF series),1.62,STEP UP - normalize down [E4-41],0.069,,1.97,18,,,,4-construction width only (3y/5y x two capex ends): CANNOT see variation older than the 5-year window; rebuild it [E4-25],2025-12-31,2026-06-30
AMAT,APPLIED MATERIALS INC /DE,368001,5512,7419,0.346,"$5,512M to $7,419M",,,,,0.015,-0.0385,0.085,1.99,STEP UP - normalize down [E4-41],0.068,no single-year dependence (9-yr OCF series),1.86,STEP UP - normalize down [E4-41],0.075,,3.23,19,,,,4-construction width only (3y/5y x two capex ends): CANNOT see variation older than the 5-year window; rebuild it [E4-25],2025-10-26,2026-07-26
UBCP,UNITED BANCORP INC /OH/,90,1,8,4.919,$1M to $8M,,,,,0.0145,-0.039,0.0855,1.26,no step,0.035,no single-year dependence (9-yr OCF series),0.22,STEP DOWN - the series has changed level; a tight spread here is not s,0.094,,1.48,16,,,,4-construction width only (3y/5y x two capex ends): CANNOT see variation older than the 5-year window; rebuild it [E4-25],2025-12-31,2026-06-30
PLPC,PREFORMED LINE PRODUCTS CO,1900,27,57,1.075,$27M to $57M,,,,"ONE LINE MADE THE CASH: AccountsPayableAndAccruedLiabilities moved 34% of 2021 OCF. Operating cash is not owner earnings when one balance-sheet line produced it (DELL, INOD). Read the 2021 cash-flow statement and liquidity note.",0.0144,-0.0391,0.0856,2.68,STEP UP - normalize down [E4-41],0.154,one year is doing heavy lifting - check it (9-yr OCF series),n/a,EARLY HALF STRADDLES ZERO - the pre-window years run from $-19.0M to $,0.586,FLAGS DISAGREE - one series refuses the ratio and the other does not; read the filing [E4-25],2.9,17,,,,4-construction width only (3y/5y x two capex ends): CANNOT see variation older than the 5-year window; rebuild it [E4-25],2025-12-31,2026-06-30
WHG,WESTWOOD HOLDINGS GROUP INC,185,3,16,5.271,$3M to $16M,,,,"ONE LINE MADE THE CASH: AccountsPayableAndAccruedLiabilities moved 38% of 2023 OCF. Operating cash is not owner earnings when one balance-sheet line produced it (DELL, INOD). Read the 2023 cash-flow statement and liquidity note.",0.0138,-0.0397,0.0862,n/a,EARLY HALF STRADDLES ZERO - the pre-window years run from $-,0.319,TWO YEARS JOINTLY CARRY THE WINDOW - the exact two-year-boom shape leave-one-out cannot see; re- (9-yr OCF series),n/a,EARLY HALF STRADDLES ZERO - the pre-window years run from $-16.6M to $,0.264,,n/a,17,,"NET CASH INFLOW on the acquisition line ($34M, 18% of cap) - cash acquired exceeded cash paid, so the CONSIDER",,4-construction width only (3y/5y x two capex ends): CANNOT see variation older than the 5-year window; rebuild it [E4-25],2025-12-31,2026-06-30
KLAC,KLA CORP,229430,3083,3252,0.055,"$3,083M to $3,252M",,,,,0.0134,-0.0401,0.0866,1.73,STEP UP - normalize down [E4-41],0.062,no single-year dependence (9-yr OCF series),1.71,STEP UP - normalize down [E4-41],0.06,,2.9,18,,,,4-construction width only (3y/5y x two capex ends): CANNOT see variation older than the 5-year window; rebuild it [E4-25],2026-06-30,2026-06-30
EGAN,EGAIN Corp,201,3,3,0.186,$3M to $3M,,,,"ONE LINE MADE THE CASH: ContractWithCustomerLiability moved 48% of 2021 OCF. Operating cash is not owner earnings when one balance-sheet line produced it (DELL, INOD). Read the 2021 cash-flow statement and liquidity note.",0.0134,-0.0401,0.0866,0.81,no step,0.08,no single-year dependence (9-yr OCF series),n/a,EARLY HALF STRADDLES ZERO - the pre-window years run from $-3.9M to $1,0.44,FLAGS DISAGREE - one series refuses the ratio and the other does not; read the filing [E4-25],n/a,16,WINDOW DISAGREE - 9yr and the full 16yr series give different KINDS of answer; the 9yr base may already contain the wave [E4-41],,,4-construction width only (3y/5y x two capex ends): CANNOT see variation older than the 5-year window; rebuild it [E4-25],2025-06-30,2026-03-31
TECH,BIO-TECHNE Corp,11322,144,211,0.467,$144M to $211M,,,,,0.0127,-0.0408,0.0873,1.18,no step,0.042,no single-year dependence (9-yr OCF series),1.23,no step,0.048,,1.66,18,,,,4-construction width only (3y/5y x two capex ends): CANNOT see variation older than the 5-year window; rebuild it [E4-25],2026-06-30,2026-06-30
PINS,"PINTEREST, INC.",12017,147,168,0.139,$147M to $168M,"CAP BELOW FILED PUBLIC FLOAT - cap $12,017M against a filed float of $18,700M (1.56x) as of 2025-06-30. A cap cannot be smaller than a subset of itself. One of the two is wrong - RE-STRIKE THE CAP BY HAND before using any yield on this row [operator rule 4].","2 8-K Item 1.01 filing(s) since 2026-02-12, none carrying a merger agreement (EX-2.1) - most likely a credit facility or offering; open them only if something else is odd.",,,0.0122,-0.0413,0.0878,n/a,EARLY HALF STRADDLES ZERO - the pre-window years run from $-,0.446,TWO YEARS JOINTLY CARRY THE WINDOW - the exact two-year-boom shape leave-one-out cannot see; re- (9-yr OCF series),n/a,"EARLY HALF STRADDLES ZERO - the pre-window years run from $-1,410.9M t",,,n/a,9,,,,4-construction width only (3y/5y x two capex ends): CANNOT see variation older than the 5-year window; rebuild it [E4-25],2025-12-31,2026-06-30
WMT,Walmart Inc.,817057,9711,22080,1.274,"$9,711M to $22,080M",,,"NAME CHANGE inside the data window: was 'WAL MART STORES INC' until 2018-01-30. Possibly a reverse merger, de-SPAC, spin or merger whose predecessor's figures sit under this CIK - or a rebrand (~60% of these are real perimeter events). CHECK THAT MULTI-YEAR FIGURES ARE ONE COMPANY [NEGG, 2026-09-13].",,0.0119,-0.0416,0.0881,1.33,no step,0.04,no single-year dependence (9-yr OCF series),0.69,STEP DOWN - the series has changed level; a tight spread here is not s,0.094,,1.43,19,,,,4-construction width only (3y/5y x two capex ends): CANNOT see variation older than the 5-year window; rebuild it [E4-25],2026-01-31,2026-07-31
PFGC,Performance Food Group Co,15570,180,519,1.886,$180M to $519M,,,,,0.0116,-0.0419,0.0884,3.05,STEP UP - normalize down [E4-41],0.252,TWO YEARS JOINTLY CARRY THE WINDOW - the exact two-year-boom shape leave-one-out cannot see; re- (9-yr OCF series),n/a,EARLY HALF STRADDLES ZERO - the pre-window years run from $-275.2M to ,0.324,FLAGS DISAGREE - one series refuses the ratio and the other does not; read the filing [E4-25],4.0,13,,"acquisitions are $5,002M, 32% of cap, inside the window - the numerator and denominator may be different compa",,4-construction width only (3y/5y x two capex ends): CANNOT see variation older than the 5-year window; rebuild it [E4-25],2026-06-27,2026-06-27
POWL,POWELL INDUSTRIES INC,6272,72,141,0.945,$72M to $141M,,,,"RATIO MEANINGLESS - NEAR-ZERO OCF: AccountsPayable moved $18.6M in 2022 when OCF was $3.6M against a typical |OCF| of $98.6M. Judge the dollars, not the 519%. Read the 2022 cash-flow statement.",0.0115,-0.042,0.0885,n/a,EARLY HALF STRADDLES ZERO - the pre-window years run from $-,0.499,TWO YEARS JOINTLY CARRY THE WINDOW - the exact two-year-boom shape leave-one-out cannot see; re- (9-yr OCF series),n/a,EARLY HALF STRADDLES ZERO - the pre-window years run from $-36.1M to $,0.564,,n/a,17,,,,4-construction width only (3y/5y x two capex ends): CANNOT see variation older than the 5-year window; rebuild it [E4-25],2025-09-30,2026-06-30
NWPX,"NWPX Infrastructure, Inc.",1053,12,46,2.82,$12M to $46M,,,"NAME CHANGE inside the data window: was 'NORTHWEST PIPE CO' until 2025-06-12. Possibly a reverse merger, de-SPAC, spin or merger whose predecessor's figures sit under this CIK - or a rebrand (~60% of these are real perimeter events). CHECK THAT MULTI-YEAR FIGURES ARE ONE COMPANY [NEGG, 2026-09-13].","ONE LINE MADE THE CASH: AccountsPayable moved 289% of 2021 OCF. Operating cash is not owner earnings when one balance-sheet line produced it (DELL, INOD). Read the 2021 cash-flow statement and liquidity note.",0.0114,-0.0421,0.0886,n/a,EARLY HALF STRADDLES ZERO - the pre-window years run from $-,0.323,TWO YEARS JOINTLY CARRY THE WINDOW - the exact two-year-boom shape leave-one-out cannot see; re- (9-yr OCF series),n/a,EARLY HALF STRADDLES ZERO - the pre-window years run from $-23.1M to $,0.747,,n/a,17,,"acquisitions are $87M, 8% of cap, inside the window.",,4-construction width only (3y/5y x two capex ends): CANNOT see variation older than the 5-year window; rebuild it [E4-25],2025-12-31,2026-06-30
GOOGL,Alphabet Inc.,4097294,46385,90335,0.947,"$46,385M to $90,335M",,"2 8-K Item 1.01 filing(s) since 2026-02-05, none carrying a merger agreement (EX-2.1) - most likely a credit facility or offering; open them only if something else is odd.",,,0.0113,-0.0422,0.0887,2.02,STEP UP - normalize down [E4-41],0.113,no single-year dependence (9-yr OCF series),1.67,STEP UP - normalize down [E4-41],0.062,,2.65,13,,,,4-construction width only (3y/5y x two capex ends): CANNOT see variation older than the 5-year window; rebuild it [E4-25],2025-12-31,2026-06-30
PAYO,Payoneer Global Inc.,2408,27,75,1.776,$27M to $75M,,"LIVE DEAL FORM: 2 filing(s) since the annual report of 2026-02-26, first PREM14A on 2026-07-31 (0001104659-26-089247). IF A DEAL IS LIVE THE QUOTE IS A SPREAD, NOT AN OWNER-EARNINGS PRICE - read it before pricing anything [ROKU, 2026-09-12].","NAME CHANGE inside the data window: was 'New Starship Parent, Inc.' until 2021-06-02. Possibly a reverse merger, de-SPAC, spin or merger whose predecessor's figures sit under this CIK - or a rebrand (~60% of these are real perimeter events). CHECK THAT MULTI-YEAR FIGURES ARE ONE COMPANY [NEGG, 2026-09-13].",,0.0112,-0.0423,0.0888,n/a,EARLY HALF STRADDLES ZERO - the pre-window years run from $-,0.459,TWO YEARS JOINTLY CARRY THE WINDOW - the exact two-year-boom shape leave-one-out cannot see; re- (9-yr OCF series),n/a,EARLY HALF STRADDLES ZERO - the pre-window years run from $-41.1M to $,1.813,,n/a,7,,,,4-construction width only (3y/5y x two capex ends): CANNOT see variation older than the 5-year window; rebuild it [E4-25],2025-12-31,2026-06-30
BWXT,"BWX Technologies, Inc.",14004,157,305,0.937,$157M to $305M,,,,"ONE LINE MADE THE CASH: ContractWithCustomerLiability moved 30% of 2025 OCF. Operating cash is not owner earnings when one balance-sheet line produced it (DELL, INOD). Read the 2025 cash-flow statement and liquidity note.",0.0112,-0.0423,0.0888,1.67,STEP UP - normalize down [E4-41],0.071,no single-year dependence (9-yr OCF series),n/a,EARLY HALF STRADDLES ZERO - the pre-window years run from $-75.4M to $,0.395,FLAGS DISAGREE - one series refuses the ratio and the other does not; read the filing [E4-25],1.89,17,,,,4-construction width only (3y/5y x two capex ends): CANNOT see variation older than the 5-year window; rebuild it [E4-25],2025-12-31,2026-03-31
FCX,FREEPORT-MCMORAN INC,109195,1195,3960,2.315,"$1,195M to $3,960M",,"1 8-K Item 1.01 filing(s) since 2026-02-13, none carrying a merger agreement (EX-2.1) - most likely a credit facility or offering; open them only if something else is odd.",,,0.0109,-0.0426,0.0891,1.39,no step,0.073,no single-year dependence (9-yr OCF series),n/a,"EARLY HALF STRADDLES ZERO - the pre-window years run from $-1,233.0M t",0.277,FLAGS DISAGREE - one series refuses the ratio and the other does not; read the filing [E4-25],1.28,19,,,,4-construction width only (3y/5y x two capex ends): CANNOT see variation older than the 5-year window; rebuild it [E4-25],2025-12-31,2026-06-30
DELL,Dell Technologies Inc.,295522,3231,4652,0.44,"$3,231M to $4,652M",,"2 8-K Item 1.01 filing(s) since 2026-03-16, none carrying a merger agreement (EX-2.1) - most likely a credit facility or offering; open them only if something else is odd.",,"ONE LINE MADE THE CASH: AccountsPayable moved 240% of 2023 OCF. Operating cash is not owner earnings when one balance-sheet line produced it (DELL, INOD). Read the 2023 cash-flow statement and liquidity note.",0.0109,-0.0426,0.0891,1.01,no step,0.051,no single-year dependence (9-yr OCF series),n/a,EARLY HALF STRADDLES ZERO - the pre-window years run from $-369.0M to ,0.085,FLAGS DISAGREE - one series refuses the ratio and the other does not; read the filing [E4-25],1.32,12,,,,4-construction width only (3y/5y x two capex ends): CANNOT see variation older than the 5-year window; rebuild it [E4-25],2026-01-30,2026-05-01
DXCM,DEXCOM INC,34004,363,681,0.877,$363M to $681M,"CAP BELOW FILED PUBLIC FLOAT - cap $34,004M against a filed float of $34,200M (1.01x) as of 2025-06-30. A cap cannot be smaller than a subset of itself. One of the two is wrong - RE-STRIKE THE CAP BY HAND before using any yield on this row [operator rule 4].",,,"ONE LINE MADE THE CASH: AccountsPayableAndAccruedLiabilities moved 62% of 2023 OCF. Operating cash is not owner earnings when one balance-sheet line produced it (DELL, INOD). Read the 2023 cash-flow statement and liquidity note.",0.0107,-0.0428,0.0893,3.0,STEP UP - normalize down [E4-41],0.181,one year is doing heavy lifting - check it (9-yr OCF series),n/a,EARLY HALF STRADDLES ZERO - the pre-window years run from $-80.2M to $,0.441,FLAGS DISAGREE - one series refuses the ratio and the other does not; read the filing [E4-25],n/a,17,WINDOW DISAGREE - 9yr and the full 17yr series give different KINDS of answer; the 9yr base may already contain the wave [E4-41],,,4-construction width only (3y/5y x two capex ends): CANNOT see variation older than the 5-year window; rebuild it [E4-25],2025-12-31,2026-06-30
DRS,"Leonardo DRS, Inc.",10099,107,167,0.558,$107M to $167M,,,,"ONE LINE MADE THE CASH: ContractWithCustomerLiability moved 218% of 2022 OCF. Operating cash is not owner earnings when one balance-sheet line produced it (DELL, INOD). Read the 2022 cash-flow statement and liquidity note.",0.0106,-0.0429,0.0894,2.28,STEP UP - normalize down [E4-41],0.153,one year is doing heavy lifting - check it (9-yr OCF series),n/a,EARLY HALF STRADDLES ZERO - the pre-window years run from $-45.0M to $,0.332,FLAGS DISAGREE - one series refuses the ratio and the other does not; read the filing [E4-25],2.28,7,,"NET CASH INFLOW on the acquisition line ($33M, 0% of cap) - cash acquired exceeded cash paid, so the CONSIDERA",,4-construction width only (3y/5y x two capex ends): CANNOT see variation older than the 5-year window; rebuild it [E4-25],2025-12-31,2026-06-30
MSFT,MICROSOFT CORP,3811904,40268,105177,1.612,"$40,268M to $105,177M",,,,,0.0106,-0.0429,0.0894,2.13,STEP UP - normalize down [E4-41],0.118,no single-year dependence (9-yr OCF series),1.0,no step,0.041,,3.35,19,,,,4-construction width only (3y/5y x two capex ends): CANNOT see variation older than the 5-year window; rebuild it [E4-25],2026-06-30,2026-06-30
LRCX,LAM RESEARCH CORP,383129,3991,4824,0.209,"$3,991M to $4,824M",,,,,0.0104,-0.0431,0.0896,1.68,STEP UP - normalize down [E4-41],0.065,no single-year dependence (9-yr OCF series),1.64,STEP UP - normalize down [E4-41],0.068,,n/a,18,WINDOW DISAGREE - 9yr and the full 18yr series give different KINDS of answer; the 9yr base may already contain the wave [E4-41],,,4-construction width only (3y/5y x two capex ends): CANNOT see variation older than the 5-year window; rebuild it [E4-25],2026-06-28,2026-06-28
DIOD,DIODES INC /DEL/,4053,39,109,1.755,$39M to $109M,,"M&A AGREEMENT ON FILE: EX-2.1 (plan of merger or acquisition) with the 8-K Item 1.01 of 2026-07-14 (0001193125-26-302584). It is filed by the TARGET and the ACQUIRER alike - READ IT: if this company is being bought the quote is a SPREAD, if it is buying the perimeter changes [ACVA, 2026-09-13].",,,0.0097,-0.0438,0.0903,0.81,no step,0.082,no single-year dependence (9-yr OCF series),0.74,no step,0.088,,1.3,18,,,,4-construction width only (3y/5y x two capex ends): CANNOT see variation older than the 5-year window; rebuild it [E4-25],2025-12-31,2026-06-30
USAC,"USA Compression Partners, LP",3903,38,143,2.818,$38M to $143M,,,,,0.0096,-0.0439,0.0904,1.36,no step,0.053,no single-year dependence (9-yr OCF series),n/a,EARLY HALF STRADDLES ZERO - the pre-window years run from $-52.0M to $,0.371,FLAGS DISAGREE - one series refuses the ratio and the other does not; read the filing [E4-25],2.04,15,,,,4-construction width only (3y/5y x two capex ends): CANNOT see variation older than the 5-year window; rebuild it [E4-25],2025-12-31,2026-06-30
FIX,COMFORT SYSTEMS USA INC,53451,513,754,0.47,$513M to $754M,,,,"ONE LINE MADE THE CASH: ContractWithCustomerLiability moved 77% of 2025 OCF. Operating cash is not owner earnings when one balance-sheet line produced it (DELL, INOD). Read the 2025 cash-flow statement and liquidity note.",0.0096,-0.0439,0.0904,4.57,STEP UP - normalize down [E4-41],0.222,"ONE YEAR CARRIES THE WINDOW - a tight spread here is arithmetic, not knowledge; re-price on a wi (9-yr OCF series)",4.84,STEP UP - normalize down [E4-41],0.23,,7.86,17,,,,4-construction width only (3y/5y x two capex ends): CANNOT see variation older than the 5-year window; rebuild it [E4-25],2025-12-31,2026-06-30
IA,INNOVATIVE SOLUTIONS & SUPPORT INC,333,3,4,0.281,$3M to $4M,,"M&A AGREEMENT ON FILE: EX-2.1 (plan of merger or acquisition) with the 8-K Item 1.01 of 2026-04-02 (0001104659-26-038902). It is filed by the TARGET and the ACQUIRER alike - READ IT: if this company is being bought the quote is a SPREAD, if it is buying the perimeter changes [ACVA, 2026-09-13].",,,0.0089,-0.0446,0.0911,n/a,EARLY HALF STRADDLES ZERO - the pre-window years run from $-,0.224,"ONE YEAR CARRIES THE WINDOW - a tight spread here is arithmetic, not knowledge; re-price on a wi (9-yr OCF series)",n/a,EARLY HALF STRADDLES ZERO - the pre-window years run from $-4.5M to $5,0.282,,n/a,17,,"acquisitions are $50M, 15% of cap, inside the window - the numerator and denominator may be different companie",,4-construction width only (3y/5y x two capex ends): CANNOT see variation older than the 5-year window; rebuild it [E4-25],2025-09-30,2026-06-30
CGNX,COGNEX CORP,10107,89,146,0.642,$89M to $146M,,,,,0.0088,-0.0447,0.0912,0.68,STEP DOWN - the series has changed level; a tight spread her,0.051,no single-year dependence (9-yr OCF series),0.55,STEP DOWN - the series has changed level; a tight spread here is not s,0.078,,1.05,18,,,,4-construction width only (3y/5y x two capex ends): CANNOT see variation older than the 5-year window; rebuild it [E4-25],2025-12-31,2026-07-05
SN,"SharkNinja, Inc.",24733,209,273,0.305,$209M to $273M,,,,"ONE LINE MADE THE CASH: AccountsPayable moved 58% of 2022 OCF. Operating cash is not owner earnings when one balance-sheet line produced it (DELL, INOD). Read the 2022 cash-flow statement and liquidity note.",0.0085,-0.045,0.0915,2.09,STEP UP - normalize down [E4-41],0.191,one year is doing heavy lifting - check it (9-yr OCF series),1.89,STEP UP - normalize down [E4-41],0.279,,2.09,5,,,,4-construction width only (3y/5y x two capex ends): CANNOT see variation older than the 5-year window; rebuild it [E4-25],2025-12-31,2026-06-30
SHOP,SHOPIFY INC.,54964,465,1005,1.163,"$465M to $1,005M","CAP BELOW FILED PUBLIC FLOAT - cap $54,964M against a filed float of $140,315M (2.55x) as of 2025-06-30. A cap cannot be smaller than a subset of itself. One of the two is wrong - RE-STRIKE THE CAP BY HAND before using any yield on this row [operator rule 4].",,,"ONE LINE MADE THE CASH: ContractWithCustomerLiability moved 58% of 2021 OCF. Operating cash is not owner earnings when one balance-sheet line produced it (DELL, INOD). Read the 2021 cash-flow statement and liquidity note.",0.0085,-0.045,0.0915,n/a,EARLY HALF STRADDLES ZERO - the pre-window years run from $-,0.566,TWO YEARS JOINTLY CARRY THE WINDOW - the exact two-year-boom shape leave-one-out cannot see; re- (9-yr OCF series),n/a,EARLY HALF STRADDLES ZERO - the pre-window years run from $-735.0M to ,1.271,,n/a,13,,,,4-construction width only (3y/5y x two capex ends): CANNOT see variation older than the 5-year window; rebuild it [E4-25],2025-12-31,2026-06-30
PRLB,Proto Labs Inc,1889,14,42,1.944,$14M to $42M,,,,,0.0075,-0.046,0.0925,0.83,no step,0.054,no single-year dependence (9-yr OCF series),1.56,no step,0.079,,1.14,16,,"acquisitions are $127M, 7% of cap, inside the window.",,4-construction width only (3y/5y x two capex ends): CANNOT see variation older than the 5-year window; rebuild it [E4-25],2025-12-31,2026-06-30
BOOT,"Boot Barn Holdings, Inc.",4690,35,153,3.403,$35M to $153M,,"1 8-K Item 1.01 filing(s) since 2026-05-14, none carrying a merger agreement (EX-2.1) - most likely a credit facility or offering; open them only if something else is odd.",,,0.0074,-0.0461,0.0926,2.95,STEP UP - normalize down [E4-41],0.317,TWO YEARS JOINTLY CARRY THE WINDOW - the exact two-year-boom shape leave-one-out cannot see; re- (9-yr OCF series),n/a,EARLY HALF STRADDLES ZERO - the pre-window years run from $-45.4M to $,0.617,FLAGS DISAGREE - one series refuses the ratio and the other does not; read the filing [E4-25],4.38,14,,,,4-construction width only (3y/5y x two capex ends): CANNOT see variation older than the 5-year window; rebuild it [E4-25],2026-03-28,2026-06-27
CORT,CORCEPT THERAPEUTICS INC,12386,90,94,0.051,$90M to $94M,,,,,0.0072,-0.0463,0.0928,1.24,no step,0.058,no single-year dependence (9-yr OCF series),0.96,no step,0.057,,n/a,17,WINDOW DISAGREE - 9yr and the full 17yr series give different KINDS of answer; the 9yr base may already contain the wave [E4-41],,,4-construction width only (3y/5y x two capex ends): CANNOT see variation older than the 5-year window; rebuild it [E4-25],2025-12-31,2026-06-30
AROC,"Archrock, Inc.",5478,39,220,4.685,$39M to $220M,,,,,0.0071,-0.0464,0.0929,1.82,STEP UP - normalize down [E4-41],0.12,one year is doing heavy lifting - check it (9-yr OCF series),n/a,EARLY HALF STRADDLES ZERO - the pre-window years run from $-105.2M to ,2.581,FLAGS DISAGREE - one series refuses the ratio and the other does not; read the filing [E4-25],1.43,18,,"acquisitions are $866M, 16% of cap, inside the window - the numerator and denominator may be different compani",,4-construction width only (3y/5y x two capex ends): CANNOT see variation older than the 5-year window; rebuild it [E4-25],2025-12-31,2026-06-30
PAY,"Paymentus Holdings, Inc.",3635,24,48,0.965,$24M to $48M,,,,"ONE LINE MADE THE CASH: AccountsPayable moved 38% of 2021 OCF. Operating cash is not owner earnings when one balance-sheet line produced it (DELL, INOD). Read the 2021 cash-flow statement and liquidity note.",0.0067,-0.0468,0.0933,4.25,STEP UP - normalize down [E4-41],0.322,"ONE YEAR CARRIES THE WINDOW - a tight spread here is arithmetic, not knowledge; re-price on a wi (9-yr OCF series)",n/a,EARLY HALF STRADDLES ZERO - the pre-window years run from $-17.9M to $,0.675,FLAGS DISAGREE - one series refuses the ratio and the other does not; read the filing [E4-25],4.25,7,,,,4-construction width only (3y/5y x two capex ends): CANNOT see variation older than the 5-year window; rebuild it [E4-25],2025-12-31,2026-06-30
POWI,POWER INTEGRATIONS INC,2903,18,78,3.266,$18M to $78M,,,,,0.0063,-0.0472,0.0937,0.54,STEP DOWN - the series has changed level; a tight spread her,0.088,no single-year dependence (9-yr OCF series),0.33,STEP DOWN - the series has changed level; a tight spread here is not s,0.363,,0.81,18,,,,4-construction width only (3y/5y x two capex ends): CANNOT see variation older than the 5-year window; rebuild it [E4-25],2025-12-31,2026-06-30
OSIS,OSI SYSTEMS INC,3292,19,41,1.156,$19M to $41M,"CAP BELOW FILED PUBLIC FLOAT - cap $3,292M against a filed float of $4,020M (1.22x) as of 2025-12-31. A cap cannot be smaller than a subset of itself. One of the two is wrong - RE-STRIKE THE CAP BY HAND before using any yield on this row [operator rule 4].",,,"ONE LINE MADE THE CASH: AccountsPayable moved 60% of 2024 OCF. Operating cash is not owner earnings when one balance-sheet line produced it (DELL, INOD). Read the 2024 cash-flow statement and liquidity note.",0.0057,-0.0478,0.0943,0.84,no step,0.197,one year is doing heavy lifting - check it (9-yr OCF series),0.64,STEP DOWN - the series has changed level; a tight spread here is not s,0.362,,1.02,17,,,,4-construction width only (3y/5y x two capex ends): CANNOT see variation older than the 5-year window; rebuild it [E4-25],2026-06-30,2026-06-30
GDOT,GREEN DOT CORP,753,4,59,13.255,$4M to $59M,,"LIVE DEAL FORM: 3 filing(s) since the annual report of 2026-03-16, first DEFM14A on 2026-05-08 (0001140361-26-020056). IF A DEAL IS LIVE THE QUOTE IS A SPREAD, NOT AN OWNER-EARNINGS PRICE - read it before pricing anything [ROKU, 2026-09-12].",,"ONE LINE MADE THE CASH: AccountsPayableAndAccruedLiabilities moved 50% of 2025 OCF. Operating cash is not owner earnings when one balance-sheet line produced it (DELL, INOD). Read the 2025 cash-flow statement and liquidity note.",0.0055,-0.048,0.0945,0.48,STEP DOWN - the series has changed level; a tight spread her,0.067,no single-year dependence (9-yr OCF series),0.04,STEP DOWN - the series has changed level; a tight spread here is not s,0.278,,0.71,17,,,,4-construction width only (3y/5y x two capex ends): CANNOT see variation older than the 5-year window; rebuild it [E4-25],2025-12-31,2026-06-30
SNPS,SYNOPSYS INC,79495,426,836,0.963,$426M to $836M,,"1 8-K Item 1.01 filing(s) since 2025-12-22, none carrying a merger agreement (EX-2.1) - most likely a credit facility or offering; open them only if something else is odd.",,,0.0054,-0.0481,0.0946,1.52,no step,0.058,no single-year dependence (9-yr OCF series),1.02,no step,0.095,,2.3,18,,,,4-construction width only (3y/5y x two capex ends): CANNOT see variation older than the 5-year window; rebuild it [E4-25],2025-10-31,2026-07-31
AVGO,Broadcom Inc.,1754548,9286,16144,0.738,"$9,286M to $16,144M",,"LIVE DEAL FORM: 3 filing(s) since the annual report of 2025-12-18, first S-4 on 2026-06-09 (0001193125-26-263128). IF A DEAL IS LIVE THE QUOTE IS A SPREAD, NOT AN OWNER-EARNINGS PRICE - read it before pricing anything [ROKU, 2026-09-12].",,,0.0053,-0.0482,0.0947,1.94,STEP UP - normalize down [E4-41],0.107,no single-year dependence (9-yr OCF series),1.77,STEP UP - normalize down [E4-41],0.086,,2.15,10,,"acquisitions are $26,285M inside the window (1% of cap) - small against the cap but LARGE IN ABSOLUTE TERMS. A",D&A steps 10.2x at 2020-11-01 - READ Note 1 and the cash-flow statement before using either end of (c) [CERT 2026-09-07],4-construction width only (3y/5y x two capex ends): CANNOT see variation older than the 5-year window; rebuild it [E4-25],2025-11-02,2026-05-03
CRS,CARPENTER TECHNOLOGY CORP,23611,112,277,1.465,$112M to $277M,,,,"RATIO MEANINGLESS - NEAR-ZERO OCF: AccountsPayable moved $95.7M in 2022 when OCF was $6.0M against a typical |OCF| of $268.2M. Judge the dollars, not the 1,595%. Read the 2022 cash-flow statement.",0.0048,-0.0487,0.0952,2.8,STEP UP - normalize down [E4-41],0.176,one year is doing heavy lifting - check it (9-yr OCF series),n/a,EARLY HALF STRADDLES ZERO - the pre-window years run from $-96.1M to $,0.613,FLAGS DISAGREE - one series refuses the ratio and the other does not; read the filing [E4-25],2.63,18,,,,4-construction width only (3y/5y x two capex ends): CANNOT see variation older than the 5-year window; rebuild it [E4-25],2026-06-30,2026-06-30
GHM,GRAHAM CORP,1022,5,15,2.205,$5M to $15M,,,,"ONE LINE MADE THE CASH: ContractWithCustomerLiability moved 249% of 2022 OCF. Operating cash is not owner earnings when one balance-sheet line produced it (DELL, INOD). Read the 2022 cash-flow statement and liquidity note.",0.0045,-0.049,0.0955,n/a,EARLY HALF STRADDLES ZERO - the pre-window years run from $-,0.416,TWO YEARS JOINTLY CARRY THE WINDOW - the exact two-year-boom shape leave-one-out cannot see; re- (9-yr OCF series),n/a,EARLY HALF STRADDLES ZERO - the pre-window years run from $-5.4M to $9,0.624,,n/a,17,,,,4-construction width only (3y/5y x two capex ends): CANNOT see variation older than the 5-year window; rebuild it [E4-25],2026-03-31,2026-06-30
ARRY,"Array Technologies, Inc.",707,3,134,n/a - see spread_dollars,$3M to $134M,CAP BELOW FILED PUBLIC FLOAT - cap $707M against a filed float of $707M (1.00x) as of 2025-06-30. A cap cannot be smaller than a subset of itself. One of the two is wrong - RE-STRIKE THE CAP BY HAND before using any yield on this row [operator rule 4].,"M&A AGREEMENT ON FILE: EX-2.1 (plan of merger or acquisition) with the 8-K Item 1.01 of 2026-07-16 (0001193125-26-306194). It is filed by the TARGET and the ACQUIRER alike - READ IT: if this company is being bought the quote is a SPREAD, if it is buying the perimeter changes [ACVA, 2026-09-13].","NAME CHANGE inside the data window: was 'ATI Intermediate Holdings, LLC' until 2020-10-13. Possibly a reverse merger, de-SPAC, spin or merger whose predecessor's figures sit under this CIK - or a rebrand (~60% of these are real perimeter events). CHECK THAT MULTI-YEAR FIGURES ARE ONE COMPANY [NEGG, 2026-09-13].","ONE LINE MADE THE CASH: ContractWithCustomerLiability moved 48% of 2023 OCF. Operating cash is not owner earnings when one balance-sheet line produced it (DELL, INOD). Read the 2023 cash-flow statement and liquidity note.",0.0042,-0.0493,0.0958,n/a,EARLY HALF STRADDLES ZERO - the pre-window years run from $-,0.571,"ONE YEAR CARRIES THE WINDOW - a tight spread here is arithmetic, not knowledge; re-price on a wi (9-yr OCF series)",n/a,EARLY HALF STRADDLES ZERO - the pre-window years run from $-292.3M to ,0.807,,n/a,8,,"acquisitions are $539M, 76% of cap, inside the window - the numerator and denominator may be different compani",,4-construction width only (3y/5y x two capex ends): CANNOT see variation older than the 5-year window; rebuild it [E4-25],2025-12-31,2026-06-30
ALNT,ALLIENT INC,1597,6,34,4.273,$6M to $34M,,,"NAME CHANGE inside the data window: was 'ALLIED MOTION TECHNOLOGIES INC' until 2023-08-14. Possibly a reverse merger, de-SPAC, spin or merger whose predecessor's figures sit under this CIK - or a rebrand (~60% of these are real perimeter events). CHECK THAT MULTI-YEAR FIGURES ARE ONE COMPANY [NEGG, 2026-09-13].","ONE LINE MADE THE CASH: AccountsPayable moved 50% of 2022 OCF. Operating cash is not owner earnings when one balance-sheet line produced it (DELL, INOD). Read the 2022 cash-flow statement and liquidity note.",0.004,-0.0495,0.096,2.16,STEP UP - normalize down [E4-41],0.105,no single-year dependence (9-yr OCF series),n/a,EARLY HALF STRADDLES ZERO - the pre-window years run from $-24.9M to $,0.259,FLAGS DISAGREE - one series refuses the ratio and the other does not; read the filing [E4-25],2.84,16,,"acquisitions are $128M, 8% of cap, inside the window.",,4-construction width only (3y/5y x two capex ends): CANNOT see variation older than the 5-year window; rebuild it [E4-25],2025-12-31,2026-06-30
INOD,INNODATA INC,1944,6,17,1.658,$6M to $17M,,"2 8-K Item 1.01 filing(s) since 2026-02-26, none carrying a merger agreement (EX-2.1) - most likely a credit facility or offering; open them only if something else is odd.",,"ONE LINE MADE THE CASH: AccountsPayableAndAccruedLiabilities moved 86% of 2021 OCF. Operating cash is not owner earnings when one balance-sheet line produced it (DELL, INOD). Read the 2021 cash-flow statement and liquidity note.",0.0033,-0.0502,0.0967,n/a,EARLY HALF STRADDLES ZERO - the pre-window years run from $-,0.708,TWO YEARS JOINTLY CARRY THE WINDOW - the exact two-year-boom shape leave-one-out cannot see; re- (9-yr OCF series),n/a,EARLY HALF STRADDLES ZERO - the pre-window years run from $-11.0M to $,1.498,,n/a,17,,,,4-construction width only (3y/5y x two capex ends): CANNOT see variation older than the 5-year window; rebuild it [E4-25],2025-12-31,2026-06-30
ELF,"e.l.f. Beauty, Inc.",6179,18,56,2.037,$18M to $56M,,,,"ONE LINE MADE THE CASH: AccountsPayableAndAccruedLiabilities moved 114% of 2024 OCF. Operating cash is not owner earnings when one balance-sheet line produced it (DELL, INOD). Read the 2024 cash-flow statement and liquidity note.",0.003,-0.0505,0.097,3.17,STEP UP - normalize down [E4-41],0.226,"ONE YEAR CARRIES THE WINDOW - a tight spread here is arithmetic, not knowledge; re-price on a wi (9-yr OCF series)",n/a,EARLY HALF STRADDLES ZERO - the pre-window years run from $-8.6M to $7,0.291,FLAGS DISAGREE - one series refuses the ratio and the other does not; read the filing [E4-25],n/a,12,WINDOW DISAGREE - 9yr and the full 12yr series give different KINDS of answer; the 9yr base may already contain the wave [E4-41],"acquisitions are $857M, 14% of cap, inside the window.",,4-construction width only (3y/5y x two capex ends): CANNOT see variation older than the 5-year window; rebuild it [E4-25],2026-03-31,2026-06-30
PNTG,"Pennant Group, Inc.",1315,4,26,5.782,$4M to $26M,,,,"ONE LINE MADE THE CASH: ContractWithCustomerLiability moved 120% of 2021 OCF. Operating cash is not owner earnings when one balance-sheet line produced it (DELL, INOD). Read the 2021 cash-flow statement and liquidity note.",0.0029,-0.0506,0.0971,n/a,EARLY HALF STRADDLES ZERO - the pre-window years run from $-,0.312,TWO YEARS JOINTLY CARRY THE WINDOW - the exact two-year-boom shape leave-one-out cannot see; re- (9-yr OCF series),n/a,EARLY HALF STRADDLES ZERO - the pre-window years run from $-34.6M to $,0.347,,n/a,9,,"acquisitions are $297M, 23% of cap, inside the window - the numerator and denominator may be different compani",,4-construction width only (3y/5y x two capex ends): CANNOT see variation older than the 5-year window; rebuild it [E4-25],2025-12-31,2026-06-30
RDVT,"Red Violet, Inc.",1176,3,7,1.303,$3M to $7M,,"1 8-K Item 1.01 filing(s) since 2026-03-04, none carrying a merger agreement (EX-2.1) - most likely a credit facility or offering; open them only if something else is odd.",,,0.0027,-0.0508,0.0973,n/a,EARLY HALF STRADDLES ZERO - the pre-window years run from $-,0.577,TWO YEARS JOINTLY CARRY THE WINDOW - the exact two-year-boom shape leave-one-out cannot see; re- (9-yr OCF series),n/a,SIGN CHANGE - the early years are loss-making and the recent ones are ,,,n/a,9,,,,4-construction width only (3y/5y x two capex ends): CANNOT see variation older than the 5-year window; rebuild it [E4-25],2025-12-31,2026-06-30
BJRI,BJs RESTAURANTS INC,1385,3,23,5.608,$3M to $23M,,,,,0.0025,-0.051,0.0975,1.24,no step,0.055,no single-year dependence (9-yr OCF series),n/a,EARLY HALF STRADDLES ZERO - the pre-window years run from $-37.9M to $,0.459,FLAGS DISAGREE - one series refuses the ratio and the other does not; read the filing [E4-25],1.15,17,,,,4-construction width only (3y/5y x two capex ends): CANNOT see variation older than the 5-year window; rebuild it [E4-25],2025-12-30,2026-06-30
PUMP,ProPetro Holding Corp.,1349,3,70,n/a - see spread_dollars,$3M to $70M,,"2 8-K Item 1.01 filing(s) since 2026-02-19, none carrying a merger agreement (EX-2.1) - most likely a credit facility or offering; open them only if something else is odd.",,"ONE LINE MADE THE CASH: AccountsPayable moved 33% of 2021 OCF. Operating cash is not owner earnings when one balance-sheet line produced it (DELL, INOD). Read the 2021 cash-flow statement and liquidity note.",0.0024,-0.0511,0.0976,1.11,no step,0.087,no single-year dependence (9-yr OCF series),n/a,EARLY HALF STRADDLES ZERO - the pre-window years run from $-186.1M to ,,FLAGS DISAGREE - one series refuses the ratio and the other does not; read the filing [E4-25],1.39,11,,"acquisitions are $82M, 6% of cap, inside the window.",,4-construction width only (3y/5y x two capex ends): CANNOT see variation older than the 5-year window; rebuild it [E4-25],2025-12-31,2026-06-30
ZUMZ,Zumiez Inc,309,0,20,n/a - see spread_dollars,$0M to $20M,,,,,0.0015,-0.052,0.0985,n/a,EARLY HALF STRADDLES ZERO - the pre-window years run from $-,0.301,TWO YEARS JOINTLY CARRY THE WINDOW - the exact two-year-boom shape leave-one-out cannot see; re- (9-yr OCF series),n/a,EARLY HALF STRADDLES ZERO - the pre-window years run from $-33.0M to $,0.511,,n/a,17,,,,4-construction width only (3y/5y x two capex ends): CANNOT see variation older than the 5-year window; rebuild it [E4-25],2026-01-31,2026-05-02
EXTR,EXTREME NETWORKS INC,2946,4,51,11.104,$4M to $51M,,,,"ONE LINE MADE THE CASH: ContractWithCustomerLiability moved 137% of 2024 OCF. Operating cash is not owner earnings when one balance-sheet line produced it (DELL, INOD). Read the 2024 cash-flow statement and liquidity note.",0.0014,-0.0521,0.0986,0.97,no step,0.152,one year is doing heavy lifting - check it (9-yr OCF series),n/a,EARLY HALF STRADDLES ZERO - the pre-window years run from $-49.0M to $,0.47,FLAGS DISAGREE - one series refuses the ratio and the other does not; read the filing [E4-25],n/a,17,WINDOW DISAGREE - 9yr and the full 17yr series give different KINDS of answer; the 9yr base may already contain the wave [E4-41],,,4-construction width only (3y/5y x two capex ends): CANNOT see variation older than the 5-year window; rebuild it [E4-25],2026-06-30,2026-06-30
CRWD,"CrowdStrike Holdings, Inc.",220218,185,492,1.664,$185M to $492M,,,,"ONE LINE MADE THE CASH: ContractWithCustomerLiability moved 107% of 2022 OCF. Operating cash is not owner earnings when one balance-sheet line produced it (DELL, INOD). Read the 2022 cash-flow statement and liquidity note.",0.0008,-0.0527,0.0992,n/a,EARLY HALF STRADDLES ZERO - the pre-window years run from $-,0.35,TWO YEARS JOINTLY CARRY THE WINDOW - the exact two-year-boom shape leave-one-out cannot see; re- (9-yr OCF series),n/a,EARLY HALF STRADDLES ZERO - the pre-window years run from $-100.6M to ,0.502,,n/a,9,,,D&A steps 8.9x at 2022-01-31 - READ Note 1 and the cash-flow statement before using either end of (c) [CERT 2026-09-07],4-construction width only (3y/5y x two capex ends): CANNOT see variation older than the 5-year window; rebuild it [E4-25],2026-01-31,2026-07-31
PLTR,Palantir Technologies Inc.,436282,247,696,1.817,$247M to $696M,,,,"ONE LINE MADE THE CASH: ContractWithCustomerLiability moved 31% of 2021 OCF. Operating cash is not owner earnings when one balance-sheet line produced it (DELL, INOD). Read the 2021 cash-flow statement and liquidity note.",0.0006,-0.0529,0.0994,n/a,EARLY HALF STRADDLES ZERO - the pre-window years run from $-,0.458,"ONE YEAR CARRIES THE WINDOW - a tight spread here is arithmetic, not knowledge; re-price on a wi (9-yr OCF series)",n/a,SIGN CHANGE - the early years are loss-making and the recent ones are ,,,n/a,8,,"NET CASH INFLOW on the acquisition line ($67M, 0% of cap) - cash acquired exceeded cash paid, so the CONSIDERA",,4-construction width only (3y/5y x two capex ends): CANNOT see variation older than the 5-year window; rebuild it [E4-25],2025-12-31,2026-06-30
SMID,SMITH MIDLAND CORP,134,0,6,n/a - see spread_dollars,$-0M to $6M,,,,"ONE LINE MADE THE CASH: DeferredRevenue moved 66% of 2024 OCF. Operating cash is not owner earnings when one balance-sheet line produced it (DELL, INOD). Read the 2024 cash-flow statement and liquidity note.",-0.0003,-0.0538,n/a - negative bottom; see spread_dollars,n/a,EARLY HALF STRADDLES ZERO - the pre-window years run from $-,0.18,one year is doing heavy lifting - check it (9-yr OCF series),n/a,EARLY HALF STRADDLES ZERO - the pre-window years run from $-9.6M to $4,1.638,,n/a,15,,,,4-construction width only (3y/5y x two capex ends): CANNOT see variation older than the 5-year window; rebuild it [E4-25],2025-12-31,2026-06-30
BV,"BrightView Holdings, Inc.",1039,-1,34,n/a - see spread_dollars,$-1M to $34M,,"2 8-K Item 1.01 filing(s) since 2025-11-19, none carrying a merger agreement (EX-2.1) - most likely a credit facility or offering; open them only if something else is odd.",,,-0.0008,-0.0543,n/a - negative bottom; see spread_dollars,1.3,no step,0.081,no single-year dependence (9-yr OCF series),n/a,EARLY HALF STRADDLES ZERO - the pre-window years run from $-52.6M to $,0.419,FLAGS DISAGREE - one series refuses the ratio and the other does not; read the filing [E4-25],1.3,9,,"acquisitions are $217M, 21% of cap, inside the window - the numerator and denominator may be different compani",,4-construction width only (3y/5y x two capex ends): CANNOT see variation older than the 5-year window; rebuild it [E4-25],2025-09-30,2026-06-30
AMD,ADVANCED MICRO DEVICES INC,766725,-715,1898,n/a - see spread_dollars,"$-715M to $1,898M",,"3 8-K Item 1.01 filing(s) since 2026-02-04, none carrying a merger agreement (EX-2.1) - most likely a credit facility or offering; open them only if something else is odd.",,"ONE LINE MADE THE CASH: AccountsPayable moved 31% of 2023 OCF. Operating cash is not owner earnings when one balance-sheet line produced it (DELL, INOD). Read the 2023 cash-flow statement and liquidity note.",-0.0009,-0.0544,n/a - negative bottom; see spread_dollars,2.86,STEP UP - normalize down [E4-41],0.286,"ONE YEAR CARRIES THE WINDOW - a tight spread here is arithmetic, not knowledge; re-price on a wi (9-yr OCF series)",n/a,EARLY HALF STRADDLES ZERO - the pre-window years run from $-266.0M to ,0.614,FLAGS DISAGREE - one series refuses the ratio and the other does not; read the filing [E4-25],n/a,18,WINDOW DISAGREE - 9yr and the full 18yr series give different KINDS of answer; the 9yr base may already contain the wave [E4-41],,D&A steps 7.4x at 2023-12-30 - READ Note 1 and the cash-flow statement before using either end of (c) [CERT 2026-09-07],4-construction width only (3y/5y x two capex ends): CANNOT see variation older than the 5-year window; rebuild it [E4-25],2025-12-27,2026-06-27
ARM,ARM HOLDINGS PLC /UK,249861,-296,-7,n/a - see spread_dollars,$-296M to $-7M,,,,,-0.0012,-0.0547,n/a - negative bottom; see spread_dollars,1.68,STEP UP - normalize down [E4-41],0.203,"ONE YEAR CARRIES THE WINDOW - a tight spread here is arithmetic, not knowledge; re-price on a wi (9-yr OCF series)",n/a,"SIGN CHANGE, RECENT - the early years earn (mean $374M) and the recent",,FLAGS DISAGREE - one series refuses the ratio and the other does not; read the filing [E4-25],1.68,5,,,,4-construction width only (3y/5y x two capex ends): CANNOT see variation older than the 5-year window; rebuild it [E4-25],2026-03-31,2026-06-30
MRVL,"Marvell Technology, Inc.",184491,-373,676,n/a - see spread_dollars,$-373M to $676M,,"2 8-K Item 1.01 filing(s) since 2026-03-11, none carrying a merger agreement (EX-2.1) - most likely a credit facility or offering; open them only if something else is odd.",,,-0.002,-0.0555,n/a - negative bottom; see spread_dollars,1.95,STEP UP - normalize down [E4-41],0.086,no single-year dependence (9-yr OCF series),2.24,STEP UP - normalize down [E4-41],0.294,,1.95,7,,,D&A steps 5.5x at 2022-01-29 - READ Note 1 and the cash-flow statement before using either end of (c) [CERT 2026-09-07],4-construction width only (3y/5y x two capex ends): CANNOT see variation older than the 5-year window; rebuild it [E4-25],2026-01-31,2026-08-01
FSI,FLEXIBLE SOLUTIONS INTERNATIONAL INC,74,0,3,n/a - see spread_dollars,$-0M to $3M,,"1 8-K Item 1.01 filing(s) since 2026-04-15, none carrying a merger agreement (EX-2.1) - most likely a credit facility or offering; open them only if something else is odd.",,"ONE LINE MADE THE CASH: AccountsPayableAndAccruedLiabilities moved 47% of 2022 OCF. Operating cash is not owner earnings when one balance-sheet line produced it (DELL, INOD). Read the 2022 cash-flow statement and liquidity note.",-0.0022,-0.0557,n/a - negative bottom; see spread_dollars,n/a,EARLY HALF STRADDLES ZERO - the pre-window years run from $-,0.25,TWO YEARS JOINTLY CARRY THE WINDOW - the exact two-year-boom shape leave-one-out cannot see; re- (9-yr OCF series),n/a,EARLY HALF STRADDLES ZERO - the pre-window years run from $-2.5M to $4,1.82,,n/a,16,,,,4-construction width only (3y/5y x two capex ends): CANNOT see variation older than the 5-year window; rebuild it [E4-25],2025-12-31,2026-06-30
CALX,"CALIX, INC",2378,-6,-5,n/a - see spread_dollars,$-6M to $-5M,,,,"ONE LINE MADE THE CASH: AccountsPayable moved 45% of 2022 OCF. Operating cash is not owner earnings when one balance-sheet line produced it (DELL, INOD). Read the 2022 cash-flow statement and liquidity note.",-0.0025,-0.056,n/a - negative bottom; see spread_dollars,n/a,EARLY HALF STRADDLES ZERO - the pre-window years run from $-,0.321,"ONE YEAR CARRIES THE WINDOW - a tight spread here is arithmetic, not knowledge; re-price on a wi (9-yr OCF series)",n/a,EARLY HALF STRADDLES ZERO - the pre-window years run from $-83.2M to $,,,n/a,17,,,,4-construction width only (3y/5y x two capex ends): CANNOT see variation older than the 5-year window; rebuild it [E4-25],2025-12-31,2026-06-27
SMTC,SEMTECH CORP,12219,-43,23,n/a - see spread_dollars,$-43M to $23M,,"1 8-K Item 1.01 filing(s) since 2026-03-23, none carrying a merger agreement (EX-2.1) - most likely a credit facility or offering; open them only if something else is odd.",,"ONE LINE MADE THE CASH: AccountsPayable moved 47% of 2024 OCF. Operating cash is not owner earnings when one balance-sheet line produced it (DELL, INOD). Read the 2024 cash-flow statement and liquidity note.",-0.0035,-0.057,n/a - negative bottom; see spread_dollars,0.34,STEP DOWN - the series has changed level; a tight spread her,0.102,no single-year dependence (9-yr OCF series),n/a,"SIGN CHANGE, RECENT - the early years earn (mean $65M) and the recent ",0.677,FLAGS DISAGREE - one series refuses the ratio and the other does not; read the filing [E4-25],0.41,18,,"acquisitions are $1,262M, 10% of cap, inside the window.",,4-construction width only (3y/5y x two capex ends): CANNOT see variation older than the 5-year window; rebuild it [E4-25],2026-01-25,2026-04-26
ILMN,"ILLUMINA, INC.",31467,-141,299,n/a - see spread_dollars,$-141M to $299M,,"1 8-K Item 1.01 filing(s) since 2026-02-12, none carrying a merger agreement (EX-2.1) - most likely a credit facility or offering; open them only if something else is odd.",,,-0.0045,-0.058,n/a - negative bottom; see spread_dollars,0.94,no step,0.047,no single-year dependence (9-yr OCF series),n/a,EARLY HALF STRADDLES ZERO - the pre-window years run from $-604.0M to ,0.43,FLAGS DISAGREE - one series refuses the ratio and the other does not; read the filing [E4-25],1.37,18,,"acquisitions are $2,830M, 9% of cap, inside the window.",,4-construction width only (3y/5y x two capex ends): CANNOT see variation older than the 5-year window; rebuild it [E4-25],2025-12-28,2026-06-28
SITM,SITIME Corp,16775,-84,-50,n/a - see spread_dollars,$-84M to $-50M,,"3 8-K Item 1.01 filing(s) since 2026-02-11, none carrying a merger agreement (EX-2.1) - most likely a credit facility or offering; open them only if something else is odd.",,"ONE LINE MADE THE CASH: AccountsPayable moved 71% of 2023 OCF. Operating cash is not owner earnings when one balance-sheet line produced it (DELL, INOD). Read the 2023 cash-flow statement and liquidity note.",-0.005,-0.0585,n/a - negative bottom; see spread_dollars,n/a,EARLY HALF STRADDLES ZERO - the pre-window years run from $-,0.272,"ONE YEAR CARRIES THE WINDOW - a tight spread here is arithmetic, not knowledge; re-price on a wi (9-yr OCF series)",n/a,EARLY HALF STRADDLES ZERO - the pre-window years run from $-49.5M to $,,,n/a,8,,,,4-construction width only (3y/5y x two capex ends): CANNOT see variation older than the 5-year window; rebuild it [E4-25],2025-12-31,2026-06-30
CVU,CPI AEROSTRUCTURES INC,71,0,0,n/a - see spread_dollars,$-0M to $0M,,,,"ONE LINE MADE THE CASH: AccountsPayableAndAccruedLiabilities moved 130% of 2023 OCF. Operating cash is not owner earnings when one balance-sheet line produced it (DELL, INOD). Read the 2023 cash-flow statement and liquidity note.",-0.0057,-0.0592,n/a - negative bottom; see spread_dollars,n/a,EARLY HALF STRADDLES ZERO - the pre-window years run from $-,2.992,TWO YEARS JOINTLY CARRY THE WINDOW - the exact two-year-boom shape leave-one-out cannot see; re- (9-yr OCF series),n/a,EARLY HALF STRADDLES ZERO - the pre-window years run from $-4.0M to $1,,,n/a,17,,,,4-construction width only (3y/5y x two capex ends): CANNOT see variation older than the 5-year window; rebuild it [E4-25],2025-12-31,2026-06-30
MGEE,MGE ENERGY INC,2874,-17,-13,n/a - see spread_dollars,$-17M to $-13M,"CAP BELOW FILED PUBLIC FLOAT - cap $2,874M against a filed float of $3,223M (1.12x) as of 2025-06-30. A cap cannot be smaller than a subset of itself. One of the two is wrong - RE-STRIKE THE CAP BY HAND before using any yield on this row [operator rule 4].","1 8-K Item 1.01 filing(s) since 2026-02-24, none carrying a merger agreement (EX-2.1) - most likely a credit facility or offering; open them only if something else is odd.",,,-0.0058,-0.0593,n/a - negative bottom; see spread_dollars,1.77,STEP UP - normalize down [E4-41],0.064,no single-year dependence (9-yr OCF series),n/a,EARLY HALF STRADDLES ZERO - the pre-window years run from $-60.3M to $,,FLAGS DISAGREE - one series refuses the ratio and the other does not; read the filing [E4-25],1.92,18,,,,4-construction width only (3y/5y x two capex ends): CANNOT see variation older than the 5-year window; rebuild it [E4-25],2025-12-31,2026-03-31
ROKU,"ROKU, INC",22995,-151,-81,n/a - see spread_dollars,$-151M to $-81M,,"LIVE DEAL FORM: 23 filing(s) since the annual report of 2026-02-13, first 425 on 2026-06-15 (0001140361-26-025265). IF A DEAL IS LIVE THE QUOTE IS A SPREAD, NOT AN OWNER-EARNINGS PRICE - read it before pricing anything [ROKU, 2026-09-12].",,"RATIO MEANINGLESS - NEAR-ZERO OCF: ContractWithCustomerLiability moved $41.4M in 2022 when OCF was $11.8M against a typical |OCF| of $239.5M. Judge the dollars, not the 351%. Read the 2022 cash-flow statement.",-0.0066,-0.0601,n/a - negative bottom; see spread_dollars,4.23,STEP UP - normalize down [E4-41],0.261,"ONE YEAR CARRIES THE WINDOW - a tight spread here is arithmetic, not knowledge; re-price on a wi (9-yr OCF series)",n/a,EARLY HALF STRADDLES ZERO - the pre-window years run from $-509.8M to ,,FLAGS DISAGREE - one series refuses the ratio and the other does not; read the filing [E4-25],n/a,11,WINDOW DISAGREE - 9yr and the full 11yr series give different KINDS of answer; the 9yr base may already contain the wave [E4-41],,,4-construction width only (3y/5y x two capex ends): CANNOT see variation older than the 5-year window; rebuild it [E4-25],2025-12-31,2026-06-30
DK,"Delek US Holdings, Inc.",4424,-33,69,n/a - see spread_dollars,$-33M to $69M,,"2 8-K Item 1.01 filing(s) since 2026-02-27, none carrying a merger agreement (EX-2.1) - most likely a credit facility or offering; open them only if something else is odd.",,"ONE LINE MADE THE CASH: AccountsPayableAndAccruedLiabilities moved 264% of 2024 OCF. Operating cash is not owner earnings when one balance-sheet line produced it (DELL, INOD). Read the 2024 cash-flow statement and liquidity note.",-0.0075,-0.061,n/a - negative bottom; see spread_dollars,n/a,EARLY HALF STRADDLES ZERO - the pre-window years run from $-,0.205,"ONE YEAR CARRIES THE WINDOW - a tight spread here is arithmetic, not knowledge; re-price on a wi (9-yr OCF series)",n/a,EARLY HALF STRADDLES ZERO - the pre-window years run from $-580.7M to ,n/a,,n/a,11,,"acquisitions are $989M, 22% of cap, inside the window - the numerator and denominator may be different compani",,4-construction width only (3y/5y x two capex ends): CANNOT see variation older than the 5-year window; rebuild it [E4-25],2025-12-31,2026-06-30
AMSC,AMERICAN SUPERCONDUCTOR CORP /DE/,1377,-11,6,n/a - see spread_dollars,$-11M to $6M,"CAP BELOW FILED PUBLIC FLOAT - cap $1,377M against a filed float of $2,581M (1.87x) as of 2025-09-30. A cap cannot be smaller than a subset of itself. One of the two is wrong - RE-STRIKE THE CAP BY HAND before using any yield on this row [operator rule 4].",,,"ONE LINE MADE THE CASH: AccountsPayableAndAccruedLiabilities moved 631% of 2024 OCF. Operating cash is not owner earnings when one balance-sheet line produced it (DELL, INOD). Read the 2024 cash-flow statement and liquidity note.",-0.0078,-0.0613,n/a - negative bottom; see spread_dollars,n/a,EARLY HALF STRADDLES ZERO - the pre-window years run from $-,n/a,"MEAN NEAR ZERO - the window's mean is $0.54M against a typical magnitude of $20.9M, so a best-ye (9-yr OCF series)",n/a,EARLY HALF STRADDLES ZERO - the pre-window years run from $-30.1M to $,,,n/a,18,,"acquisitions are $113M, 8% of cap, inside the window.",,4-construction width only (3y/5y x two capex ends): CANNOT see variation older than the 5-year window; rebuild it [E4-25],2026-03-31,2026-06-30
AVNW,"AVIAT NETWORKS, INC.",261,-2,6,n/a - see spread_dollars,$-2M to $6M,CAP BELOW FILED PUBLIC FLOAT - cap $261M against a filed float of $265M (1.02x) as of 2025-12-26. A cap cannot be smaller than a subset of itself. One of the two is wrong - RE-STRIKE THE CAP BY HAND before using any yield on this row [operator rule 4].,,,"ONE LINE MADE THE CASH: AccountsPayable moved 976% of 2023 OCF. Operating cash is not owner earnings when one balance-sheet line produced it (DELL, INOD). Read the 2023 cash-flow statement and liquidity note.",-0.008,-0.0615,n/a - negative bottom; see spread_dollars,n/a,EARLY HALF STRADDLES ZERO - the pre-window years run from $-,0.23,"ONE YEAR CARRIES THE WINDOW - a tight spread here is arithmetic, not knowledge; re-price on a wi (9-yr OCF series)",n/a,EARLY HALF STRADDLES ZERO - the pre-window years run from $-13.7M to $,2.932,,n/a,17,,"acquisitions are $66M, 25% of cap, inside the window - the numerator and denominator may be different companie",,4-construction width only (3y/5y x two capex ends): CANNOT see variation older than the 5-year window; rebuild it [E4-25],2026-07-03,2026-07-03
GOLD,"Gold.com, Inc.",1295,-11,52,n/a - see spread_dollars,$-11M to $52M,,,"NAME CHANGE inside the data window: was 'A-Mark Precious Metals, Inc.' until 2025-12-01. Possibly a reverse merger, de-SPAC, spin or merger whose predecessor's figures sit under this CIK - or a rebrand (~60% of these are real perimeter events). CHECK THAT MULTI-YEAR FIGURES ARE ONE COMPANY [NEGG, 2026-09-13].",,-0.0082,-0.0617,n/a - negative bottom; see spread_dollars,n/a,EARLY HALF STRADDLES ZERO - the pre-window years run from $-,2.242,"ONE YEAR CARRIES THE WINDOW - a tight spread here is arithmetic, not knowledge; re-price on a wi (9-yr OCF series)",n/a,EARLY HALF STRADDLES ZERO - the pre-window years run from $-94.2M to $,5.811,,n/a,14,,"acquisitions are $146M, 11% of cap, inside the window.",,4-construction width only (3y/5y x two capex ends): CANNOT see variation older than the 5-year window; rebuild it [E4-25],2025-06-30,2026-03-31
CERT,"Certara, Inc.",1236,-12,34,n/a - see spread_dollars,$-12M to $34M,"CAP BELOW FILED PUBLIC FLOAT - cap $1,236M against a filed float of $1,400M (1.13x) as of 2025-06-30. A cap cannot be smaller than a subset of itself. One of the two is wrong - RE-STRIKE THE CAP BY HAND before using any yield on this row [operator rule 4].","1 8-K Item 1.01 filing(s) since 2026-02-26, none carrying a merger agreement (EX-2.1) - most likely a credit facility or offering; open them only if something else is odd.",,,-0.0097,-0.0632,n/a - negative bottom; see spread_dollars,1.47,no step,0.06,no single-year dependence (9-yr OCF series),n/a,EARLY HALF STRADDLES ZERO - the pre-window years run from $-27.6M to $,0.326,FLAGS DISAGREE - one series refuses the ratio and the other does not; read the filing [E4-25],1.47,7,,"acquisitions are $432M, 35% of cap, inside the window - the numerator and denominator may be different compani",,4-construction width only (3y/5y x two capex ends): CANNOT see variation older than the 5-year window; rebuild it [E4-25],2025-12-31,2026-06-30
OCC,OPTICAL CABLE CORP,121,-1,-1,n/a - see spread_dollars,$-1M to $-1M,,"1 8-K Item 1.01 filing(s) since 2025-12-18, none carrying a merger agreement (EX-2.1) - most likely a credit facility or offering; open them only if something else is odd.",,"ONE LINE MADE THE CASH: AccountsPayableAndAccruedLiabilities moved 121% of 2023 OCF. Operating cash is not owner earnings when one balance-sheet line produced it (DELL, INOD). Read the 2023 cash-flow statement and liquidity note.",-0.0107,-0.0642,n/a - negative bottom; see spread_dollars,n/a,EARLY HALF STRADDLES ZERO - the pre-window years run from $-,,,n/a,EARLY HALF STRADDLES ZERO - the pre-window years run from $-3.8M to $1,,,n/a,17,,,,4-construction width only (3y/5y x two capex ends): CANNOT see variation older than the 5-year window; rebuild it [E4-25],2025-10-31,2026-04-30
HHH,Howard Hughes Holdings Inc.,3769,-42,170,n/a - see spread_dollars,$-42M to $170M,,"2 8-K Item 1.01 filing(s) since 2026-02-19, none carrying a merger agreement (EX-2.1) - most likely a credit facility or offering; open them only if something else is odd.",,,-0.0113,-0.0648,n/a - negative bottom; see spread_dollars,n/a,EARLY HALF STRADDLES ZERO - the pre-window years run from $-,0.651,"ONE YEAR CARRIES THE WINDOW - a tight spread here is arithmetic, not knowledge; re-price on a wi (9-yr OCF series)",n/a,EARLY HALF STRADDLES ZERO - the pre-window years run from $-329.8M to ,0.815,,n/a,5,,,,4-construction width only (3y/5y x two capex ends): CANNOT see variation older than the 5-year window; rebuild it [E4-25],2025-12-31,2026-06-30
SWK,"STANLEY BLACK & DECKER, INC.",14826,-179,670,n/a - see spread_dollars,$-179M to $670M,,"1 8-K Item 1.01 filing(s) since 2026-02-24, none carrying a merger agreement (EX-2.1) - most likely a credit facility or offering; open them only if something else is odd.",,"ONE LINE MADE THE CASH: AccountsPayable moved 114% of 2022 OCF. Operating cash is not owner earnings when one balance-sheet line produced it (DELL, INOD). Read the 2022 cash-flow statement and liquidity note.",-0.0121,-0.0656,n/a - negative bottom; see spread_dollars,n/a,EARLY HALF STRADDLES ZERO - the pre-window years run from $-,0.162,one year is doing heavy lifting - check it (9-yr OCF series),n/a,"EARLY HALF STRADDLES ZERO - the pre-window years run from $-2,080.6M t",0.4,,n/a,18,,"acquisitions are $2,116M, 14% of cap, inside the window.",,4-construction width only (3y/5y x two capex ends): CANNOT see variation older than the 5-year window; rebuild it [E4-25],2026-01-03,2026-07-04
SENEA,Seneca Foods Corp,2345,-37,-30,n/a - see spread_dollars,$-37M to $-30M,,,,"ONE LINE MADE THE CASH: AccountsPayableAndAccruedLiabilities moved 65% of 2022 OCF. Operating cash is not owner earnings when one balance-sheet line produced it (DELL, INOD). Read the 2022 cash-flow statement and liquidity note.",-0.0158,-0.0693,n/a - negative bottom; see spread_dollars,n/a,EARLY HALF STRADDLES ZERO - the pre-window years run from $-,0.647,"ONE YEAR CARRIES THE WINDOW - a tight spread here is arithmetic, not knowledge; re-price on a wi (9-yr OCF series)",n/a,EARLY HALF STRADDLES ZERO - the pre-window years run from $-45.9M to $,n/a,,n/a,16,,,,4-construction width only (3y/5y x two capex ends): CANNOT see variation older than the 5-year window; rebuild it [E4-25],2025-03-31,2026-06-27
RELL,"RICHARDSON ELECTRONICS, LTD.",191,-3,1,n/a - see spread_dollars,$-3M to $1M,,,,"ONE LINE MADE THE CASH: AccountsPayable moved 401% of 2022 OCF. Operating cash is not owner earnings when one balance-sheet line produced it (DELL, INOD). Read the 2022 cash-flow statement and liquidity note.",-0.017,-0.0705,n/a - negative bottom; see spread_dollars,n/a,EARLY HALF STRADDLES ZERO - the pre-window years run from $-,0.683,"ONE YEAR CARRIES THE WINDOW - a tight spread here is arithmetic, not knowledge; re-price on a wi (9-yr OCF series)",n/a,SIGN CHANGE - the early years are loss-making and the recent ones are ,,,n/a,17,,,,4-construction width only (3y/5y x two capex ends): CANNOT see variation older than the 5-year window; rebuild it [E4-25],2026-05-30,2026-05-30
INNV,InnovAge Holding Corp.,1474,-26,-14,n/a - see spread_dollars,$-26M to $-14M,,,"NAME CHANGE inside the data window: was 'TCO GROUP HOLDINGS, INC.' until 2021-01-20. Possibly a reverse merger, de-SPAC, spin or merger whose predecessor's figures sit under this CIK - or a rebrand (~60% of these are real perimeter events). CHECK THAT MULTI-YEAR FIGURES ARE ONE COMPANY [NEGG, 2026-09-13].","ONE LINE MADE THE CASH: DeferredRevenue moved 139% of 2023 OCF. Operating cash is not owner earnings when one balance-sheet line produced it (DELL, INOD). Read the 2023 cash-flow statement and liquidity note.",-0.0173,-0.0708,n/a - negative bottom; see spread_dollars,n/a,EARLY HALF STRADDLES ZERO - the pre-window years run from $-,0.942,TWO YEARS JOINTLY CARRY THE WINDOW - the exact two-year-boom shape leave-one-out cannot see; re- (9-yr OCF series),n/a,EARLY HALF STRADDLES ZERO - the pre-window years run from $-72.1M to $,,,n/a,6,,,,4-construction width only (3y/5y x two capex ends): CANNOT see variation older than the 5-year window; rebuild it [E4-25],2025-06-30,2026-03-31
SHC,Sotera Health Co,5325,-107,7,n/a - see spread_dollars,$-107M to $7M,,"1 8-K Item 1.01 filing(s) since 2026-02-24, none carrying a merger agreement (EX-2.1) - most likely a credit facility or offering; open them only if something else is odd.",,,-0.02,-0.0735,n/a - negative bottom; see spread_dollars,0.58,STEP DOWN - the series has changed level; a tight spread her,0.268,TWO YEARS JOINTLY CARRY THE WINDOW - the exact two-year-boom shape leave-one-out cannot see; re- (9-yr OCF series),n/a,"SIGN CHANGE, RECENT - the early years earn (mean $88M) and the recent ",n/a,FLAGS DISAGREE - one series refuses the ratio and the other does not; read the filing [E4-25],0.58,7,,,,4-construction width only (3y/5y x two capex ends): CANNOT see variation older than the 5-year window; rebuild it [E4-25],2025-12-31,2026-06-30
FET,"FORUM ENERGY TECHNOLOGIES, INC.",909,-19,41,n/a - see spread_dollars,$-19M to $41M,,,,"ONE LINE MADE THE CASH: ContractWithCustomerLiability moved 54% of 2022 OCF. Operating cash is not owner earnings when one balance-sheet line produced it (DELL, INOD). Read the 2022 cash-flow statement and liquidity note.",-0.0211,-0.0746,n/a - negative bottom; see spread_dollars,n/a,EARLY HALF STRADDLES ZERO - the pre-window years run from $-,0.926,TWO YEARS JOINTLY CARRY THE WINDOW - the exact two-year-boom shape leave-one-out cannot see; re- (9-yr OCF series),n/a,EARLY HALF STRADDLES ZERO - the pre-window years run from $-87.1M to $,,,n/a,16,,"acquisitions are $154M, 17% of cap, inside the window - the numerator and denominator may be different compani",,4-construction width only (3y/5y x two capex ends): CANNOT see variation older than the 5-year window; rebuild it [E4-25],2025-12-31,2026-03-31
HUN,Huntsman CORP,1670,-36,262,n/a - see spread_dollars,$-36M to $262M,"CAP BELOW FILED PUBLIC FLOAT - cap $1,670M against a filed float of $1,707M (1.02x) as of 2025-06-30. A cap cannot be smaller than a subset of itself. One of the two is wrong - RE-STRIKE THE CAP BY HAND before using any yield on this row [operator rule 4].","LIVE DEAL FORM: 29 filing(s) since the annual report of 2026-02-18, first 425 on 2026-06-16 (0001193125-26-272931). IF A DEAL IS LIVE THE QUOTE IS A SPREAD, NOT AN OWNER-EARNINGS PRICE - read it before pricing anything [ROKU, 2026-09-12].",,"ONE LINE MADE THE CASH: AccountsPayable moved 89% of 2023 OCF. Operating cash is not owner earnings when one balance-sheet line produced it (DELL, INOD). Read the 2023 cash-flow statement and liquidity note.",-0.0218,-0.0753,n/a - negative bottom; see spread_dollars,0.28,STEP DOWN - the series has changed level; a tight spread her,0.096,no single-year dependence (9-yr OCF series),n/a,EARLY HALF STRADDLES ZERO - the pre-window years run from $-32.0M to $,0.316,FLAGS DISAGREE - one series refuses the ratio and the other does not; read the filing [E4-25],n/a,18,WINDOW DISAGREE - 9yr and the full 18yr series give different KINDS of answer; the 9yr base may already contain the wave [E4-41],"acquisitions are $245M, 15% of cap, inside the window.",,4-construction width only (3y/5y x two capex ends): CANNOT see variation older than the 5-year window; rebuild it [E4-25],2025-12-31,2026-03-31
HLMN,Hillman Solutions Corp.,1512,-33,89,n/a - see spread_dollars,$-33M to $89M,,"M&A AGREEMENT ON FILE: EX-2.1 (plan of merger or acquisition) with the 8-K Item 1.01 of 2026-08-04 (0001822492-26-000135). It is filed by the TARGET and the ACQUIRER alike - READ IT: if this company is being bought the quote is a SPREAD, if it is buying the perimeter changes [ACVA, 2026-09-13].","NAME CHANGE inside the data window: was 'Landcadia Holdings III, Inc.' until 2021-07-14. Possibly a reverse merger, de-SPAC, spin or merger whose predecessor's figures sit under this CIK - or a rebrand (~60% of these are real perimeter events). CHECK THAT MULTI-YEAR FIGURES ARE ONE COMPANY [NEGG, 2026-09-13].","ONE LINE MADE THE CASH: AccountsPayable moved 45% of 2022 OCF. Operating cash is not owner earnings when one balance-sheet line produced it (DELL, INOD). Read the 2022 cash-flow statement and liquidity note.",-0.0221,-0.0756,n/a - negative bottom; see spread_dollars,n/a,EARLY HALF STRADDLES ZERO - the pre-window years run from $-,0.513,TWO YEARS JOINTLY CARRY THE WINDOW - the exact two-year-boom shape leave-one-out cannot see; re- (9-yr OCF series),n/a,EARLY HALF STRADDLES ZERO - the pre-window years run from $-177.1M to ,1.017,,n/a,9,,"acquisitions are $101M, 7% of cap, inside the window.",,4-construction width only (3y/5y x two capex ends): CANNOT see variation older than the 5-year window; rebuild it [E4-25],2025-12-27,2026-06-27
KMT,KENNAMETAL INC,2252,-50,42,n/a - see spread_dollars,$-50M to $42M,,,,"RATIO MEANINGLESS - NEAR-ZERO OCF: AccountsPayableAndAccruedLiabilities moved $226.1M in 2026 when OCF was $4.0M against a typical |OCF| of $185.8M. Judge the dollars, not the 5,641%. Read the 2026 cash-flow statement.",-0.0221,-0.0756,n/a - negative bottom; see spread_dollars,n/a,EARLY HALF STRADDLES ZERO - the pre-window years run from $-,0.087,no single-year dependence (9-yr OCF series),n/a,EARLY HALF STRADDLES ZERO - the pre-window years run from $-299.4M to ,1.94,,n/a,18,,,,4-construction width only (3y/5y x two capex ends): CANNOT see variation older than the 5-year window; rebuild it [E4-25],2026-06-30,2026-06-30
CXM,"Sprinklr, Inc.",779,-18,18,n/a - see spread_dollars,$-18M to $18M,"CAP BELOW FILED PUBLIC FLOAT - cap $779M against a filed float of $1,100M (1.41x) as of 2025-07-31. A cap cannot be smaller than a subset of itself. One of the two is wrong - RE-STRIKE THE CAP BY HAND before using any yield on this row [operator rule 4].",,,"ONE LINE MADE THE CASH: ContractWithCustomerLiability moved 156% of 2023 OCF. Operating cash is not owner earnings when one balance-sheet line produced it (DELL, INOD). Read the 2023 cash-flow statement and liquidity note.",-0.0227,-0.0762,n/a - negative bottom; see spread_dollars,n/a,EARLY HALF STRADDLES ZERO - the pre-window years run from $-,0.399,"ONE YEAR CARRIES THE WINDOW - a tight spread here is arithmetic, not knowledge; re-price on a wi (9-yr OCF series)",n/a,EARLY HALF STRADDLES ZERO - the pre-window years run from $-95.5M to $,,,n/a,7,,,,4-construction width only (3y/5y x two capex ends): CANNOT see variation older than the 5-year window; rebuild it [E4-25],2026-01-31,2026-04-30
HLX,HELIX ENERGY SOLUTIONS GROUP INC,1494,-36,132,n/a - see spread_dollars,$-36M to $132M,,"LIVE DEAL FORM: 18 filing(s) since the annual report of 2026-02-26, first 425 on 2026-04-23 (0001140361-26-016448). IF A DEAL IS LIVE THE QUOTE IS A SPREAD, NOT AN OWNER-EARNINGS PRICE - read it before pricing anything [ROKU, 2026-09-12].","NAME CHANGE inside the data window: was 'HELIX ENERGY SOLUTIONS GROUP INC' until 2026-08-31. Possibly a reverse merger, de-SPAC, spin or merger whose predecessor's figures sit under this CIK - or a rebrand (~60% of these are real perimeter events). CHECK THAT MULTI-YEAR FIGURES ARE ONE COMPANY [NEGG, 2026-09-13].","ONE LINE MADE THE CASH: AccountsPayableAndAccruedLiabilities moved 33% of 2021 OCF. Operating cash is not owner earnings when one balance-sheet line produced it (DELL, INOD). Read the 2021 cash-flow statement and liquidity note.",-0.0238,-0.0773,n/a - negative bottom; see spread_dollars,1.34,no step,0.062,no single-year dependence (9-yr OCF series),n/a,EARLY HALF STRADDLES ZERO - the pre-window years run from $-190.4M to ,0.475,FLAGS DISAGREE - one series refuses the ratio and the other does not; read the filing [E4-25],0.68,18,,"acquisitions are $113M, 8% of cap, inside the window.",,4-construction width only (3y/5y x two capex ends): CANNOT see variation older than the 5-year window; rebuild it [E4-25],2025-12-31,2026-06-30
ORCL,ORACLE CORP,434433,-11200,12135,n/a - see spread_dollars,"$-11,200M to $12,135M",,,,,-0.0258,-0.0793,n/a - negative bottom; see spread_dollars,1.67,STEP UP - normalize down [E4-41],0.104,no single-year dependence (9-yr OCF series),n/a,"SIGN CHANGE, RECENT - the early years earn (mean $8,753M) and the rece",1.342,FLAGS DISAGREE - one series refuses the ratio and the other does not; read the filing [E4-25],1.85,19,,"acquisitions are $27,932M inside the window (6% of cap) - small against the cap but LARGE IN ABSOLUTE TERMS. A",,4-construction width only (3y/5y x two capex ends): CANNOT see variation older than the 5-year window; rebuild it [E4-25],2026-05-31,2026-05-31
DUK,Duke Energy CORP,93575,-2446,4678,n/a - see spread_dollars,"$-2,446M to $4,678M",,"3 8-K Item 1.01 filing(s) since 2026-02-26, none carrying a merger agreement (EX-2.1) - most likely a credit facility or offering; open them only if something else is odd.",,,-0.0261,-0.0796,n/a - negative bottom; see spread_dollars,1.53,no step,0.049,no single-year dependence (9-yr OCF series),n/a,STILL NEGATIVE - both halves of the window are at or below zero; no ra,,FLAGS DISAGREE - one series refuses the ratio and the other does not; read the filing [E4-25],1.94,19,,,,4-construction width only (3y/5y x two capex ends): CANNOT see variation older than the 5-year window; rebuild it [E4-25],2025-12-31,2026-03-31
BA,BOEING CO,165440,-4429,-3392,n/a - see spread_dollars,"$-4,429M to $-3,392M",,"1 8-K Item 1.01 filing(s) since 2026-01-30, none carrying a merger agreement (EX-2.1) - most likely a credit facility or offering; open them only if something else is odd.",,"ONE LINE MADE THE CASH: AccountsPayable moved 111% of 2021 OCF. Operating cash is not owner earnings when one balance-sheet line produced it (DELL, INOD). Read the 2021 cash-flow statement and liquidity note.",-0.0268,-0.0803,n/a - negative bottom; see spread_dollars,n/a,EARLY HALF STRADDLES ZERO - the pre-window years run from $-,n/a,"MEAN NEAR ZERO - the window's mean is $317.00M against a typical magnitude of $8,395.2M, so a be (9-yr OCF series)",n/a,"EARLY HALF STRADDLES ZERO - the pre-window years run from $-19,963.0M ",,,n/a,19,,,,4-construction width only (3y/5y x two capex ends): CANNOT see variation older than the 5-year window; rebuild it [E4-25],2025-12-31,2026-06-30
OGE,OGE ENERGY CORP.,9491,-261,512,n/a - see spread_dollars,$-261M to $512M,,"1 8-K Item 1.01 filing(s) since 2026-02-18, none carrying a merger agreement (EX-2.1) - most likely a credit facility or offering; open them only if something else is odd.",,,-0.0275,-0.081,n/a - negative bottom; see spread_dollars,n/a,EARLY HALF STRADDLES ZERO - the pre-window years run from $-,0.072,no single-year dependence (9-yr OCF series),n/a,"EARLY HALF STRADDLES ZERO - the pre-window years run from $-1,018.2M t",,,n/a,18,,,,4-construction width only (3y/5y x two capex ends): CANNOT see variation older than the 5-year window; rebuild it [E4-25],2025-12-31,2026-03-31
VAL,Valaris Ltd,5992,-174,240,n/a - see spread_dollars,$-174M to $240M,,"LIVE DEAL FORM: 1 filing(s) since the annual report of 2026-02-20, first PREM14A on 2026-05-19 (0001140361-26-022083). IF A DEAL IS LIVE THE QUOTE IS A SPREAD, NOT AN OWNER-EARNINGS PRICE - read it before pricing anything [ROKU, 2026-09-12].","NAME CHANGE inside the data window: was 'Ensco Rowan plc' until 2019-08-01. Possibly a reverse merger, de-SPAC, spin or merger whose predecessor's figures sit under this CIK - or a rebrand (~60% of these are real perimeter events). CHECK THAT MULTI-YEAR FIGURES ARE ONE COMPANY [NEGG, 2026-09-13].","ONE LINE MADE THE CASH: ContractWithCustomerLiability moved 49% of 2022 OCF. Operating cash is not owner earnings when one balance-sheet line produced it (DELL, INOD). Read the 2022 cash-flow statement and liquidity note.",-0.029,-0.0825,n/a - negative bottom; see spread_dollars,n/a,EARLY HALF STRADDLES ZERO - the pre-window years run from $-,0.467,"ONE YEAR CARRIES THE WINDOW - a tight spread here is arithmetic, not knowledge; re-price on a wi (9-yr OCF series)",n/a,EARLY HALF STRADDLES ZERO - the pre-window years run from $-541.2M to ,,,n/a,17,,,D&A steps 11.6x at 2018-12-31 - READ Note 1 and the cash-flow statement before using either end of (c) [CERT 2026-09-07],4-construction width only (3y/5y x two capex ends): CANNOT see variation older than the 5-year window; rebuild it [E4-25],2025-12-31,2026-06-30
ACMR,"ACM Research, Inc.",2979,-92,-26,n/a - see spread_dollars,$-92M to $-26M,,"1 8-K Item 1.01 filing(s) since 2026-03-02, none carrying a merger agreement (EX-2.1) - most likely a credit facility or offering; open them only if something else is odd.",,"ONE LINE MADE THE CASH: AccountsPayable moved 657% of 2025 OCF. Operating cash is not owner earnings when one balance-sheet line produced it (DELL, INOD). Read the 2025 cash-flow statement and liquidity note.",-0.0309,-0.0844,n/a - negative bottom; see spread_dollars,n/a,EARLY HALF STRADDLES ZERO - the pre-window years run from $-,,,n/a,EARLY HALF STRADDLES ZERO - the pre-window years run from $-161.0M to ,,,n/a,10,,,,4-construction width only (3y/5y x two capex ends): CANNOT see variation older than the 5-year window; rebuild it [E4-25],2025-12-31,2026-06-30
FSEA,"First Seacoast Bancorp, Inc.",81,-3,-2,n/a - see spread_dollars,$-3M to $-2M,,"LIVE DEAL FORM: 2 filing(s) since the annual report of 2026-03-20, first PREM14A on 2026-06-23 (0001193125-26-279596). IF A DEAL IS LIVE THE QUOTE IS A SPREAD, NOT AN OWNER-EARNINGS PRICE - read it before pricing anything [ROKU, 2026-09-12].",,,-0.0312,-0.0847,n/a - negative bottom; see spread_dollars,n/a,"SIGN CHANGE, RECENT - the early years earn (mean $2M) and th",,,n/a,"SIGN CHANGE, RECENT - the early years earn (mean $1M) and the recent o",,,n/a,5,,,,4-construction width only (3y/5y x two capex ends): CANNOT see variation older than the 5-year window; rebuild it [E4-25],2025-12-31,2026-06-30
ALKT,"ALKAMI TECHNOLOGY, INC.",2079,-67,-57,n/a - see spread_dollars,$-67M to $-57M,"CAP BELOW FILED PUBLIC FLOAT - cap $2,079M against a filed float of $2,400M (1.15x) as of 2025-06-30. A cap cannot be smaller than a subset of itself. One of the two is wrong - RE-STRIKE THE CAP BY HAND before using any yield on this row [operator rule 4].","1 8-K Item 1.01 filing(s) since 2026-02-26, none carrying a merger agreement (EX-2.1) - most likely a credit facility or offering; open them only if something else is odd.",,"ONE LINE MADE THE CASH: AccountsPayableAndAccruedLiabilities moved 46% of 2025 OCF. Operating cash is not owner earnings when one balance-sheet line produced it (DELL, INOD). Read the 2025 cash-flow statement and liquidity note.",-0.032,-0.0855,n/a - negative bottom; see spread_dollars,n/a,SIGN CHANGE - the early years are loss-making and the recent,,,n/a,STILL NEGATIVE - both halves of the window are at or below zero; no ra,,,n/a,7,,"acquisitions are $526M, 25% of cap, inside the window - the numerator and denominator may be different compani",,4-construction width only (3y/5y x two capex ends): CANNOT see variation older than the 5-year window; rebuild it [E4-25],2025-12-31,2026-06-30
BWMN,Bowman Consulting Group Ltd.,738,-24,-12,n/a - see spread_dollars,$-24M to $-12M,,"M&A AGREEMENT ON FILE: EX-2.1 (plan of merger or acquisition) with the 8-K Item 1.01 of 2026-08-10 (0001193125-26-341431). It is filed by the TARGET and the ACQUIRER alike - READ IT: if this company is being bought the quote is a SPREAD, if it is buying the perimeter changes [ACVA, 2026-09-13].",,"ONE LINE MADE THE CASH: AccountsPayableAndAccruedLiabilities moved 237% of 2023 OCF. Operating cash is not owner earnings when one balance-sheet line produced it (DELL, INOD). Read the 2023 cash-flow statement and liquidity note.",-0.0323,-0.0858,n/a - negative bottom; see spread_dollars,2.91,STEP UP - normalize down [E4-41],0.245,"ONE YEAR CARRIES THE WINDOW - a tight spread here is arithmetic, not knowledge; re-price on a wi (9-yr OCF series)",n/a,EARLY HALF STRADDLES ZERO - the pre-window years run from $-7.7M to $4,,FLAGS DISAGREE - one series refuses the ratio and the other does not; read the filing [E4-25],2.91,6,,"acquisitions are $124M, 17% of cap, inside the window - the numerator and denominator may be different compani",,4-construction width only (3y/5y x two capex ends): CANNOT see variation older than the 5-year window; rebuild it [E4-25],2025-12-31,2026-06-30
INTC,INTEL CORP,453077,-14652,519,n/a - see spread_dollars,"$-14,652M to $519M",,,,,-0.0323,-0.0858,n/a - negative bottom; see spread_dollars,0.36,STEP DOWN - the series has changed level; a tight spread her,0.082,no single-year dependence (9-yr OCF series),n/a,"EARLY HALF STRADDLES ZERO - the pre-window years run from $-12,539.0M ",4.797,FLAGS DISAGREE - one series refuses the ratio and the other does not; read the filing [E4-25],0.46,19,,,,4-construction width only (3y/5y x two capex ends): CANNOT see variation older than the 5-year window; rebuild it [E4-25],2025-12-27,2026-06-27
KE,"Kimball Electronics, Inc.",562,-20,65,n/a - see spread_dollars,$-20M to $65M,CAP BELOW FILED PUBLIC FLOAT - cap $562M against a filed float of $667M (1.19x) as of 2025-12-31. A cap cannot be smaller than a subset of itself. One of the two is wrong - RE-STRIKE THE CAP BY HAND before using any yield on this row [operator rule 4].,,,"ONE LINE MADE THE CASH: AccountsPayable moved 148% of 2023 OCF. Operating cash is not owner earnings when one balance-sheet line produced it (DELL, INOD). Read the 2023 cash-flow statement and liquidity note.",-0.0357,-0.0892,n/a - negative bottom; see spread_dollars,n/a,EARLY HALF STRADDLES ZERO - the pre-window years run from $-,0.576,TWO YEARS JOINTLY CARRY THE WINDOW - the exact two-year-boom shape leave-one-out cannot see; re- (9-yr OCF series),n/a,EARLY HALF STRADDLES ZERO - the pre-window years run from $-164.1M to ,,,n/a,14,,,,4-construction width only (3y/5y x two capex ends): CANNOT see variation older than the 5-year window; rebuild it [E4-25],2026-06-30,2026-06-30
U,Unity Software Inc.,18099,-697,-254,n/a - see spread_dollars,$-697M to $-254M,,,,"ONE LINE MADE THE CASH: ContractWithCustomerLiability moved 281% of 2022 OCF. Operating cash is not owner earnings when one balance-sheet line produced it (DELL, INOD). Read the 2022 cash-flow statement and liquidity note.",-0.0385,-0.092,n/a - negative bottom; see spread_dollars,n/a,EARLY HALF STRADDLES ZERO - the pre-window years run from $-,1.129,TWO YEARS JOINTLY CARRY THE WINDOW - the exact two-year-boom shape leave-one-out cannot see; re- (9-yr OCF series),n/a,STILL NEGATIVE - both halves of the window are at or below zero; no ra,,,n/a,8,,"NET CASH INFLOW on the acquisition line ($1,702M, 9% of cap) - cash acquired exceeded cash paid, so the CONSID",,4-construction width only (3y/5y x two capex ends): CANNOT see variation older than the 5-year window; rebuild it [E4-25],2025-12-31,2026-06-30
SRRK,Scholar Rock Holding Corp,6829,-264,-221,n/a - see spread_dollars,$-264M to $-221M,,,,,-0.0387,-0.0922,n/a - negative bottom; see spread_dollars,n/a,EARLY HALF STRADDLES ZERO - the pre-window years run from $-,,,n/a,EARLY HALF STRADDLES ZERO - the pre-window years run from $-161.5M to ,,,n/a,9,,,,4-construction width only (3y/5y x two capex ends): CANNOT see variation older than the 5-year window; rebuild it [E4-25],2025-12-31,2026-06-30
R,RYDER SYSTEM INC,9456,-372,276,n/a - see spread_dollars,$-372M to $276M,,,,,-0.0393,-0.0928,n/a - negative bottom; see spread_dollars,1.19,no step,0.026,no single-year dependence (9-yr OCF series),n/a,"EARLY HALF STRADDLES ZERO - the pre-window years run from $-1,642.2M t",,FLAGS DISAGREE - one series refuses the ratio and the other does not; read the filing [E4-25],1.55,18,,"acquisitions are $1,348M, 14% of cap, inside the window.",,4-construction width only (3y/5y x two capex ends): CANNOT see variation older than the 5-year window; rebuild it [E4-25],2025-12-31,2026-06-30
APD,"Air Products & Chemicals, Inc.",68370,-2845,1845,n/a - see spread_dollars,"$-2,845M to $1,845M",,,,,-0.0416,-0.0951,n/a - negative bottom; see spread_dollars,1.13,no step,0.022,no single-year dependence (9-yr OCF series),n/a,"SIGN CHANGE, RECENT - the early years earn (mean $993M) and the recent",,FLAGS DISAGREE - one series refuses the ratio and the other does not; read the filing [E4-25],1.52,19,,,,4-construction width only (3y/5y x two capex ends): CANNOT see variation older than the 5-year window; rebuild it [E4-25],2025-09-30,2026-06-30
CLNE,Clean Energy Fuels Corp.,356,-15,-10,n/a - see spread_dollars,$-15M to $-10M,,,,"ONE LINE MADE THE CASH: AccountsPayable moved 34% of 2023 OCF. Operating cash is not owner earnings when one balance-sheet line produced it (DELL, INOD). Read the 2023 cash-flow statement and liquidity note.",-0.0429,-0.0964,n/a - negative bottom; see spread_dollars,n/a,EARLY HALF STRADDLES ZERO - the pre-window years run from $-,0.11,no single-year dependence (9-yr OCF series),n/a,EARLY HALF STRADDLES ZERO - the pre-window years run from $-48.7M to $,,,n/a,17,,,,4-construction width only (3y/5y x two capex ends): CANNOT see variation older than the 5-year window; rebuild it [E4-25],2025-12-31,2026-06-30
AVA,AVISTA CORP,3152,-138,199,n/a - see spread_dollars,$-138M to $199M,,"1 8-K Item 1.01 filing(s) since 2026-02-25, none carrying a merger agreement (EX-2.1) - most likely a credit facility or offering; open them only if something else is odd.",,"ONE LINE MADE THE CASH: AccountsPayable moved 53% of 2022 OCF. Operating cash is not owner earnings when one balance-sheet line produced it (DELL, INOD). Read the 2022 cash-flow statement and liquidity note.",-0.0439,-0.0974,n/a - negative bottom; see spread_dollars,1.53,no step,0.055,no single-year dependence (9-yr OCF series),n/a,STILL NEGATIVE - both halves of the window are at or below zero; no ra,,FLAGS DISAGREE - one series refuses the ratio and the other does not; read the filing [E4-25],1.68,18,,,,4-construction width only (3y/5y x two capex ends): CANNOT see variation older than the 5-year window; rebuild it [E4-25],2025-12-31,2026-06-30
ORN,Orion Group Holdings Inc,376,-17,-1,n/a - see spread_dollars,$-17M to $-1M,,"1 8-K Item 1.01 filing(s) since 2026-03-04, none carrying a merger agreement (EX-2.1) - most likely a credit facility or offering; open them only if something else is odd.",,"RATIO MEANINGLESS - NEAR-ZERO OCF: ContractWithCustomerLiability moved $6.1M in 2021 when OCF was $0.1M against a typical |OCF| of $13.5M. Judge the dollars, not the 8,894%. Read the 2021 cash-flow statement.",-0.0444,-0.0979,n/a - negative bottom; see spread_dollars,n/a,EARLY HALF STRADDLES ZERO - the pre-window years run from $-,0.182,one year is doing heavy lifting - check it (9-yr OCF series),n/a,EARLY HALF STRADDLES ZERO - the pre-window years run from $-26.6M to $,,,n/a,17,,,,4-construction width only (3y/5y x two capex ends): CANNOT see variation older than the 5-year window; rebuild it [E4-25],2025-12-31,2026-03-31
ACVA,ACV Auctions Inc.,1148,-52,-44,n/a - see spread_dollars,$-52M to $-44M,"CAP BELOW FILED PUBLIC FLOAT - cap $1,148M against a filed float of $2,700M (2.35x) as of 2025-06-30. A cap cannot be smaller than a subset of itself. One of the two is wrong - RE-STRIKE THE CAP BY HAND before using any yield on this row [operator rule 4].","M&A AGREEMENT ON FILE: EX-2.1 (plan of merger or acquisition) with the 8-K Item 1.01 of 2026-09-10 (0000950103-26-013780). It is filed by the TARGET and the ACQUIRER alike - READ IT: if this company is being bought the quote is a SPREAD, if it is buying the perimeter changes [ACVA, 2026-09-13].",,"ONE LINE MADE THE CASH: AccountsPayable moved 285% of 2021 OCF. Operating cash is not owner earnings when one balance-sheet line produced it (DELL, INOD). Read the 2021 cash-flow statement and liquidity note.",-0.0452,-0.0987,n/a - negative bottom; see spread_dollars,n/a,EARLY HALF STRADDLES ZERO - the pre-window years run from $-,2.703,TWO YEARS JOINTLY CARRY THE WINDOW - the exact two-year-boom shape leave-one-out cannot see; re- (9-yr OCF series),n/a,EARLY HALF STRADDLES ZERO - the pre-window years run from $-137.9M to ,,,n/a,7,,"acquisitions are $270M, 23% of cap, inside the window - the numerator and denominator may be different compani",,4-construction width only (3y/5y x two capex ends): CANNOT see variation older than the 5-year window; rebuild it [E4-25],2025-12-31,2026-06-30
SCL,STEPAN CO,1424,-65,41,n/a - see spread_dollars,$-65M to $41M,,,,"ONE LINE MADE THE CASH: AccountsPayableAndAccruedLiabilities moved 91% of 2023 OCF. Operating cash is not owner earnings when one balance-sheet line produced it (DELL, INOD). Read the 2023 cash-flow statement and liquidity note.",-0.0459,-0.0994,n/a - negative bottom; see spread_dollars,0.92,no step,0.047,no single-year dependence (9-yr OCF series),n/a,EARLY HALF STRADDLES ZERO - the pre-window years run from $-154.6M to ,3.851,FLAGS DISAGREE - one series refuses the ratio and the other does not; read the filing [E4-25],1.08,17,,"acquisitions are $194M, 14% of cap, inside the window.",,4-construction width only (3y/5y x two capex ends): CANNOT see variation older than the 5-year window; rebuild it [E4-25],2025-12-31,2026-06-30
RIG,Transocean Ltd.,6478,-301,104,n/a - see spread_dollars,$-301M to $104M,,"LIVE DEAL FORM: 1 filing(s) since the annual report of 2026-02-23, first PREM14A on 2026-05-19 (0001104659-26-063815). IF A DEAL IS LIVE THE QUOTE IS A SPREAD, NOT AN OWNER-EARNINGS PRICE - read it before pricing anything [ROKU, 2026-09-12].",,"ONE LINE MADE THE CASH: AccountsPayableAndAccruedLiabilities moved 88% of 2023 OCF. Operating cash is not owner earnings when one balance-sheet line produced it (DELL, INOD). Read the 2023 cash-flow statement and liquidity note.",-0.0465,-0.1,n/a - negative bottom; see spread_dollars,0.78,no step,0.146,one year is doing heavy lifting - check it (9-yr OCF series),n/a,EARLY HALF STRADDLES ZERO - the pre-window years run from $-339.0M to ,0.894,FLAGS DISAGREE - one series refuses the ratio and the other does not; read the filing [E4-25],0.21,19,,,,4-construction width only (3y/5y x two capex ends): CANNOT see variation older than the 5-year window; rebuild it [E4-25],2025-12-31,2026-06-30
TMC,TMC the metals Co Inc.,1983,-94,-94,n/a - see spread_dollars,$-94M to $-94M,,,"NAME CHANGE inside the data window: was 'Sustainable Opportunities Acquisition Corp.' until 2021-09-09. Possibly a reverse merger, de-SPAC, spin or merger whose predecessor's figures sit under this CIK - or a rebrand (~60% of these are real perimeter events). CHECK THAT MULTI-YEAR FIGURES ARE ONE COMPANY [NEGG, 2026-09-13].","ONE LINE MADE THE CASH: AccountsPayableAndAccruedLiabilities moved 39% of 2021 OCF. Operating cash is not owner earnings when one balance-sheet line produced it (DELL, INOD). Read the 2021 cash-flow statement and liquidity note.",-0.0473,-0.1008,n/a - negative bottom; see spread_dollars,n/a,STILL NEGATIVE - both halves of the window are at or below z,,,,,,,n/a,6,,,,4-construction width only (3y/5y x two capex ends): CANNOT see variation older than the 5-year window; rebuild it [E4-25],2025-12-31,2026-06-30
LINC,LINCOLN EDUCATIONAL SERVICES CORP,782,-38,19,n/a - see spread_dollars,$-38M to $19M,,"3 8-K Item 1.01 filing(s) since 2026-03-02, none carrying a merger agreement (EX-2.1) - most likely a credit facility or offering; open them only if something else is odd.",,"RATIO MEANINGLESS - NEAR-ZERO OCF: AccountsPayable moved $2.0M in 2022 when OCF was $0.9M against a typical |OCF| of $28.5M. Judge the dollars, not the 230%. Read the 2022 cash-flow statement.",-0.0488,-0.1023,n/a - negative bottom; see spread_dollars,n/a,EARLY HALF STRADDLES ZERO - the pre-window years run from $-,0.308,"ONE YEAR CARRIES THE WINDOW - a tight spread here is arithmetic, not knowledge; re-price on a wi (9-yr OCF series)",n/a,EARLY HALF STRADDLES ZERO - the pre-window years run from $-17.3M to $,,,n/a,17,,,,4-construction width only (3y/5y x two capex ends): CANNOT see variation older than the 5-year window; rebuild it [E4-25],2025-12-31,2026-06-30
NPCE,NeuroPace Inc,495,-31,-27,n/a - see spread_dollars,$-31M to $-27M,,,,,-0.0628,-0.1163,n/a - negative bottom; see spread_dollars,n/a,STILL NEGATIVE - both halves of the window are at or below z,,,n/a,STILL NEGATIVE - both halves of the window are at or below zero; no ra,,,n/a,6,,,,4-construction width only (3y/5y x two capex ends): CANNOT see variation older than the 5-year window; rebuild it [E4-25],2025-12-31,2026-06-30
ANIP,ANI PHARMACEUTICALS INC,298,-19,80,n/a - see spread_dollars,$-19M to $80M,"CAP BELOW FILED PUBLIC FLOAT - cap $298M against a filed float of $1,300M (4.36x) as of 2025-06-30. A cap cannot be smaller than a subset of itself. One of the two is wrong - RE-STRIKE THE CAP BY HAND before using any yield on this row [operator rule 4].",,,"RATIO MEANINGLESS - NEAR-ZERO OCF: AccountsPayable moved $10.2M in 2021 when OCF was $3.3M against a typical |OCF| of $80.5M. Judge the dollars, not the 306%. Read the 2021 cash-flow statement.",-0.0644,-0.1179,n/a - negative bottom; see spread_dollars,n/a,EARLY HALF STRADDLES ZERO - the pre-window years run from $-,0.285,"ONE YEAR CARRIES THE WINDOW - a tight spread here is arithmetic, not knowledge; re-price on a wi (9-yr OCF series)",n/a,EARLY HALF STRADDLES ZERO - the pre-window years run from $-54.7M to $,0.41,,n/a,17,,"acquisitions are $85M, 28% of cap, inside the window - the numerator and denominator may be different companie",,4-construction width only (3y/5y x two capex ends): CANNOT see variation older than the 5-year window; rebuild it [E4-25],2025-12-31,2026-06-30
ABSI,Absci Corp,1495,-106,-94,n/a - see spread_dollars,$-106M to $-94M,,"1 8-K Item 1.01 filing(s) since 2026-03-24, none carrying a merger agreement (EX-2.1) - most likely a credit facility or offering; open them only if something else is odd.",,,-0.071,-0.1245,n/a - negative bottom; see spread_dollars,n/a,STILL NEGATIVE - both halves of the window are at or below z,,,n/a,STILL NEGATIVE - both halves of the window are at or below zero; no ra,,,n/a,6,,,D&A steps 5.9x at 2021-12-31 - READ Note 1 and the cash-flow statement before using either end of (c) [CERT 2026-09-07],4-construction width only (3y/5y x two capex ends): CANNOT see variation older than the 5-year window; rebuild it [E4-25],2025-12-31,2026-06-30
GWRS,"Global Water Resources, Inc.",261,-20,8,n/a - see spread_dollars,$-20M to $8M,,"4 8-K Item 1.01 filing(s) since 2026-03-04, none carrying a merger agreement (EX-2.1) - most likely a credit facility or offering; open them only if something else is odd.",,,-0.0755,-0.129,n/a - negative bottom; see spread_dollars,1.46,no step,0.054,no single-year dependence (9-yr OCF series),n/a,EARLY HALF STRADDLES ZERO - the pre-window years run from $-10.6M to $,,FLAGS DISAGREE - one series refuses the ratio and the other does not; read the filing [E4-25],1.83,12,,"acquisitions are $14M, 6% of cap, inside the window.",,4-construction width only (3y/5y x two capex ends): CANNOT see variation older than the 5-year window; rebuild it [E4-25],2025-12-31,2026-06-30
KURA,"Kura Oncology, Inc.",1130,-85,-52,n/a - see spread_dollars,$-85M to $-52M,,,,"ONE LINE MADE THE CASH: ContractWithCustomerLiability moved 306% of 2025 OCF. Operating cash is not owner earnings when one balance-sheet line produced it (DELL, INOD). Read the 2025 cash-flow statement and liquidity note.",-0.0756,-0.1291,n/a - negative bottom; see spread_dollars,n/a,STILL NEGATIVE - both halves of the window are at or below z,,,n/a,STILL NEGATIVE - both halves of the window are at or below zero; no ra,,,n/a,16,,,,4-construction width only (3y/5y x two capex ends): CANNOT see variation older than the 5-year window; rebuild it [E4-25],2025-12-31,2026-06-30
CERS,CERUS CORP,537,-43,-33,n/a - see spread_dollars,$-43M to $-33M,,"1 8-K Item 1.01 filing(s) since 2026-03-02, none carrying a merger agreement (EX-2.1) - most likely a credit facility or offering; open them only if something else is odd.",,"ONE LINE MADE THE CASH: AccountsPayable moved 118% of 2025 OCF. Operating cash is not owner earnings when one balance-sheet line produced it (DELL, INOD). Read the 2025 cash-flow statement and liquidity note.",-0.0799,-0.1334,n/a - negative bottom; see spread_dollars,n/a,STILL NEGATIVE - both halves of the window are at or below z,,,n/a,STILL NEGATIVE - both halves of the window are at or below zero; no ra,,,n/a,17,,,,4-construction width only (3y/5y x two capex ends): CANNOT see variation older than the 5-year window; rebuild it [E4-25],2025-12-31,2026-06-30
AEYE,AUDIOEYE INC,90,-8,-4,n/a - see spread_dollars,$-8M to $-4M,CAP BELOW FILED PUBLIC FLOAT - cap $90M against a filed float of $110M (1.23x) as of 2025-12-31. A cap cannot be smaller than a subset of itself. One of the two is wrong - RE-STRIKE THE CAP BY HAND before using any yield on this row [operator rule 4].,,,"ONE LINE MADE THE CASH: ContractWithCustomerLiability moved 225% of 2023 OCF. Operating cash is not owner earnings when one balance-sheet line produced it (DELL, INOD). Read the 2023 cash-flow statement and liquidity note.",-0.0873,-0.1408,n/a - negative bottom; see spread_dollars,n/a,SIGN CHANGE - the early years are loss-making and the recent,,,n/a,STILL NEGATIVE - both halves of the window are at or below zero; no ra,,,n/a,15,,,,4-construction width only (3y/5y x two capex ends): CANNOT see variation older than the 5-year window; rebuild it [E4-25],2025-12-31,2026-06-30
DXC,DXC Technology Co,1779,-156,805,n/a - see spread_dollars,$-156M to $805M,"CAP BELOW FILED PUBLIC FLOAT - cap $1,779M against a filed float of $2,364M (1.33x) as of 2025-09-30. A cap cannot be smaller than a subset of itself. One of the two is wrong - RE-STRIKE THE CAP BY HAND before using any yield on this row [operator rule 4].",,"NAME CHANGE inside the data window: was 'Everett SpinCo, Inc.' until 2017-03-31. Possibly a reverse merger, de-SPAC, spin or merger whose predecessor's figures sit under this CIK - or a rebrand (~60% of these are real perimeter events). CHECK THAT MULTI-YEAR FIGURES ARE ONE COMPANY [NEGG, 2026-09-13].","ONE LINE MADE THE CASH: AccountsPayableAndAccruedLiabilities moved 48% of 2022 OCF. Operating cash is not owner earnings when one balance-sheet line produced it (DELL, INOD). Read the 2022 cash-flow statement and liquidity note.",-0.0878,-0.1413,n/a - negative bottom; see spread_dollars,0.82,no step,0.085,no single-year dependence (9-yr OCF series),n/a,EARLY HALF STRADDLES ZERO - the pre-window years run from $-447.0M to ,0.282,FLAGS DISAGREE - one series refuses the ratio and the other does not; read the filing [E4-25],0.96,11,,,,4-construction width only (3y/5y x two capex ends): CANNOT see variation older than the 5-year window; rebuild it [E4-25],2026-03-31,2026-06-30
FINW,Finwise Bancorp,196,-18,-1,n/a - see spread_dollars,$-18M to $-1M,,,,,-0.0898,-0.1433,n/a - negative bottom; see spread_dollars,n/a,EARLY HALF STRADDLES ZERO - the pre-window years run from $-,3.43,"ONE YEAR CARRIES THE WINDOW - a tight spread here is arithmetic, not knowledge; re-price on a wi (9-yr OCF series)",n/a,EARLY HALF STRADDLES ZERO - the pre-window years run from $-13.7M to $,,,n/a,5,,,,4-construction width only (3y/5y x two capex ends): CANNOT see variation older than the 5-year window; rebuild it [E4-25],2025-12-31,2026-06-30
KVHI,KVH INDUSTRIES INC \DE\,136,-12,-8,n/a - see spread_dollars,$-12M to $-8M,,,,"ONE LINE MADE THE CASH: AccountsPayable moved 618% of 2023 OCF. Operating cash is not owner earnings when one balance-sheet line produced it (DELL, INOD). Read the 2023 cash-flow statement and liquidity note.",-0.0898,-0.1433,n/a - negative bottom; see spread_dollars,n/a,EARLY HALF STRADDLES ZERO - the pre-window years run from $-,1.79,TWO YEARS JOINTLY CARRY THE WINDOW - the exact two-year-boom shape leave-one-out cannot see; re- (9-yr OCF series),n/a,STILL NEGATIVE - both halves of the window are at or below zero; no ra,,,n/a,17,,,,4-construction width only (3y/5y x two capex ends): CANNOT see variation older than the 5-year window; rebuild it [E4-25],2025-12-31,2026-06-30
FLNC,"Fluence Energy, Inc.",1949,-184,-101,n/a - see spread_dollars,$-184M to $-101M,,"1 8-K Item 1.01 filing(s) since 2025-11-25, none carrying a merger agreement (EX-2.1) - most likely a credit facility or offering; open them only if something else is odd.",,"ONE LINE MADE THE CASH: AccountsPayable moved 464% of 2024 OCF. Operating cash is not owner earnings when one balance-sheet line produced it (DELL, INOD). Read the 2024 cash-flow statement and liquidity note.",-0.0943,-0.1478,n/a - negative bottom; see spread_dollars,n/a,STILL NEGATIVE - both halves of the window are at or below z,,,n/a,STILL NEGATIVE - both halves of the window are at or below zero; no ra,,,n/a,6,,,,4-construction width only (3y/5y x two capex ends): CANNOT see variation older than the 5-year window; rebuild it [E4-25],2025-09-30,2026-06-30
AOSL,ALPHA & OMEGA SEMICONDUCTOR Ltd,745,-71,-26,n/a - see spread_dollars,$-71M to $-26M,,,,"ONE LINE MADE THE CASH: AccountsPayable moved 96% of 2023 OCF. Operating cash is not owner earnings when one balance-sheet line produced it (DELL, INOD). Read the 2023 cash-flow statement and liquidity note.",-0.095,-0.1485,n/a - negative bottom; see spread_dollars,0.17,STEP DOWN - the series has changed level; a tight spread her,0.363,"ONE YEAR CARRIES THE WINDOW - a tight spread here is arithmetic, not knowledge; re-price on a wi (9-yr OCF series)",n/a,EARLY HALF STRADDLES ZERO - the pre-window years run from $-127.4M to ,,FLAGS DISAGREE - one series refuses the ratio and the other does not; read the filing [E4-25],0.25,17,,,,4-construction width only (3y/5y x two capex ends): CANNOT see variation older than the 5-year window; rebuild it [E4-25],2026-06-30,2026-06-30
GS,GOLDMAN SACHS GROUP INC,301106,-29525,-16894,n/a - see spread_dollars,"$-29,525M to $-16,894M",,,,,-0.0981,-0.1516,n/a - negative bottom; see spread_dollars,n/a,EARLY HALF STRADDLES ZERO - the pre-window years run from $-,,,n/a,"EARLY HALF STRADDLES ZERO - the pre-window years run from $-26,764.0M ",,,n/a,20,,"NET CASH INFLOW on the acquisition line ($2,602M, 1% of cap) - cash acquired exceeded cash paid, so the CONSID",,4-construction width only (3y/5y x two capex ends): CANNOT see variation older than the 5-year window; rebuild it [E4-25],2025-12-31,2026-06-30
TDAY,"USA TODAY Co., Inc.",936,-93,44,n/a - see spread_dollars,$-93M to $44M,,,"NAME CHANGE inside the data window: was 'Gannett Co., Inc.' until 2025-11-14. Possibly a reverse merger, de-SPAC, spin or merger whose predecessor's figures sit under this CIK - or a rebrand (~60% of these are real perimeter events). CHECK THAT MULTI-YEAR FIGURES ARE ONE COMPANY [NEGG, 2026-09-13].","ONE LINE MADE THE CASH: ContractWithCustomerLiability moved 74% of 2022 OCF. Operating cash is not owner earnings when one balance-sheet line produced it (DELL, INOD). Read the 2022 cash-flow statement and liquidity note.",-0.0997,-0.1532,n/a - negative bottom; see spread_dollars,1.31,no step,0.059,no single-year dependence (9-yr OCF series),n/a,EARLY HALF STRADDLES ZERO - the pre-window years run from $-21.4M to $,0.386,FLAGS DISAGREE - one series refuses the ratio and the other does not; read the filing [E4-25],1.28,12,,,,4-construction width only (3y/5y x two capex ends): CANNOT see variation older than the 5-year window; rebuild it [E4-25],2025-12-31,2026-06-30
OABI,"OmniAb, Inc.",650,-67,-41,n/a - see spread_dollars,$-67M to $-41M,,,"NAME CHANGE inside the data window: was 'Avista Public Acquisition Corp. II' until 2022-11-01. Possibly a reverse merger, de-SPAC, spin or merger whose predecessor's figures sit under this CIK - or a rebrand (~60% of these are real perimeter events). CHECK THAT MULTI-YEAR FIGURES ARE ONE COMPANY [NEGG, 2026-09-13].","ONE LINE MADE THE CASH: AccountsPayableAndAccruedLiabilities moved 420% of 2022 OCF. Operating cash is not owner earnings when one balance-sheet line produced it (DELL, INOD). Read the 2022 cash-flow statement and liquidity note.",-0.1029,-0.1564,n/a - negative bottom; see spread_dollars,n/a,STILL NEGATIVE - both halves of the window are at or below z,,,n/a,STILL NEGATIVE - both halves of the window are at or below zero; no ra,,,n/a,5,,,,4-construction width only (3y/5y x two capex ends): CANNOT see variation older than the 5-year window; rebuild it [E4-25],2025-12-31,2026-06-30
SNAP,Snap Inc,9155,-979,-852,n/a - see spread_dollars,$-979M to $-852M,"CAP BELOW FILED PUBLIC FLOAT - cap $9,155M against a filed float of $11,600M (1.27x) as of 2025-06-30. A cap cannot be smaller than a subset of itself. One of the two is wrong - RE-STRIKE THE CAP BY HAND before using any yield on this row [operator rule 4].",,,"ONE LINE MADE THE CASH: AccountsPayable moved 39% of 2023 OCF. Operating cash is not owner earnings when one balance-sheet line produced it (DELL, INOD). Read the 2023 cash-flow statement and liquidity note.",-0.1069,-0.1604,n/a - negative bottom; see spread_dollars,n/a,EARLY HALF STRADDLES ZERO - the pre-window years run from $-,,,n/a,STILL NEGATIVE - both halves of the window are at or below zero; no ra,,,n/a,11,,"acquisitions are $464M, 5% of cap, inside the window.",,4-construction width only (3y/5y x two capex ends): CANNOT see variation older than the 5-year window; rebuild it [E4-25],2025-12-31,2026-06-30
TECX,"Tectonic Therapeutic, Inc.",696,-82,-59,n/a - see spread_dollars,$-82M to $-59M,,,"NAME CHANGE inside the data window: was 'AvroBio, Inc.' until 2024-06-18. Possibly a reverse merger, de-SPAC, spin or merger whose predecessor's figures sit under this CIK - or a rebrand (~60% of these are real perimeter events). CHECK THAT MULTI-YEAR FIGURES ARE ONE COMPANY [NEGG, 2026-09-13].",,-0.1171,-0.1706,n/a - negative bottom; see spread_dollars,n/a,STILL NEGATIVE - both halves of the window are at or below z,,,n/a,STILL NEGATIVE - both halves of the window are at or below zero; no ra,,,n/a,9,,,,4-construction width only (3y/5y x two capex ends): CANNOT see variation older than the 5-year window; rebuild it [E4-25],2025-12-31,2026-06-30
SGHT,"Sight Sciences, Inc.",471,-59,-48,n/a - see spread_dollars,$-59M to $-48M,,,,,-0.1247,-0.1782,n/a - negative bottom; see spread_dollars,n/a,STILL NEGATIVE - both halves of the window are at or below z,,,n/a,STILL NEGATIVE - both halves of the window are at or below zero; no ra,,,n/a,6,,,,4-construction width only (3y/5y x two capex ends): CANNOT see variation older than the 5-year window; rebuild it [E4-25],2025-12-31,2026-06-30
BNED,"Barnes & Noble Education, Inc.",420,-54,-18,n/a - see spread_dollars,$-54M to $-18M,,,,"RATIO MEANINGLESS - NEAR-ZERO OCF: AccountsPayableAndAccruedLiabilities moved $25.3M in 2024 when OCF was $1.5M against a typical |OCF| of $48.7M. Judge the dollars, not the 1,635%. Read the 2024 cash-flow statement.",-0.1295,-0.183,n/a - negative bottom; see spread_dollars,n/a,EARLY HALF STRADDLES ZERO - the pre-window years run from $-,0.776,TWO YEARS JOINTLY CARRY THE WINDOW - the exact two-year-boom shape leave-one-out cannot see; re- (9-yr OCF series),n/a,EARLY HALF STRADDLES ZERO - the pre-window years run from $-55.5M to $,,,n/a,13,,,,4-construction width only (3y/5y x two capex ends): CANNOT see variation older than the 5-year window; rebuild it [E4-25],2026-05-02,2026-05-02
PHR,"Phreesia, Inc.",751,-104,-67,n/a - see spread_dollars,$-104M to $-67M,"CAP BELOW FILED PUBLIC FLOAT - cap $751M against a filed float of $1,541M (2.05x) as of 2025-07-31. A cap cannot be smaller than a subset of itself. One of the two is wrong - RE-STRIKE THE CAP BY HAND before using any yield on this row [operator rule 4].","1 8-K Item 1.01 filing(s) since 2026-03-31, none carrying a merger agreement (EX-2.1) - most likely a credit facility or offering; open them only if something else is odd.",,,-0.1391,-0.1926,n/a - negative bottom; see spread_dollars,n/a,EARLY HALF STRADDLES ZERO - the pre-window years run from $-,,,n/a,STILL NEGATIVE - both halves of the window are at or below zero; no ra,,,n/a,9,,"acquisitions are $202M, 27% of cap, inside the window - the numerator and denominator may be different compani",,4-construction width only (3y/5y x two capex ends): CANNOT see variation older than the 5-year window; rebuild it [E4-25],2026-01-31,2026-04-30
GRPN,"Groupon, Inc.",791,-113,-29,n/a - see spread_dollars,$-113M to $-29M,,,,"ONE LINE MADE THE CASH: AccountsPayable moved 57% of 2023 OCF. Operating cash is not owner earnings when one balance-sheet line produced it (DELL, INOD). Read the 2023 cash-flow statement and liquidity note.",-0.1432,-0.1967,n/a - negative bottom; see spread_dollars,n/a,EARLY HALF STRADDLES ZERO - the pre-window years run from $-,3.472,TWO YEARS JOINTLY CARRY THE WINDOW - the exact two-year-boom shape leave-one-out cannot see; re- (9-yr OCF series),n/a,EARLY HALF STRADDLES ZERO - the pre-window years run from $-206.8M to ,,,n/a,17,,,,4-construction width only (3y/5y x two capex ends): CANNOT see variation older than the 5-year window; rebuild it [E4-25],2025-12-31,2026-06-30
HIPO,Hippo Holdings Inc.,876,-128,-75,n/a - see spread_dollars,$-128M to $-75M,,,"NAME CHANGE inside the data window: was 'Reinvent Technology Partners Z' until 2021-08-02. Possibly a reverse merger, de-SPAC, spin or merger whose predecessor's figures sit under this CIK - or a rebrand (~60% of these are real perimeter events). CHECK THAT MULTI-YEAR FIGURES ARE ONE COMPANY [NEGG, 2026-09-13].",,-0.1458,-0.1993,n/a - negative bottom; see spread_dollars,n/a,STILL NEGATIVE - both halves of the window are at or below z,,,n/a,STILL NEGATIVE - both halves of the window are at or below zero; no ra,,,n/a,6,,,,4-construction width only (3y/5y x two capex ends): CANNOT see variation older than the 5-year window; rebuild it [E4-25],2025-12-31,2026-06-30
STXS,"Stereotaxis, Inc.",147,-22,-19,n/a - see spread_dollars,$-22M to $-19M,CAP BELOW FILED PUBLIC FLOAT - cap $147M against a filed float of $150M (1.02x) as of 2025-06-30. A cap cannot be smaller than a subset of itself. One of the two is wrong - RE-STRIKE THE CAP BY HAND before using any yield on this row [operator rule 4].,"1 8-K Item 1.01 filing(s) since 2026-03-12, none carrying a merger agreement (EX-2.1) - most likely a credit facility or offering; open them only if something else is odd.",,"ONE LINE MADE THE CASH: ContractWithCustomerLiability moved 91% of 2021 OCF. Operating cash is not owner earnings when one balance-sheet line produced it (DELL, INOD). Read the 2021 cash-flow statement and liquidity note.",-0.1478,-0.2013,n/a - negative bottom; see spread_dollars,n/a,STILL NEGATIVE - both halves of the window are at or below z,,,n/a,STILL NEGATIVE - both halves of the window are at or below zero; no ra,,,n/a,17,,,,4-construction width only (3y/5y x two capex ends): CANNOT see variation older than the 5-year window; rebuild it [E4-25],2025-12-31,2026-06-30
NEGG,"Newegg Commerce, Inc.",332,-50,-48,n/a - see spread_dollars,$-50M to $-48M,,,"NAME CHANGE inside the data window: was 'Lianluo Smart Ltd' until 2021-05-12. Possibly a reverse merger, de-SPAC, spin or merger whose predecessor's figures sit under this CIK - or a rebrand (~60% of these are real perimeter events). CHECK THAT MULTI-YEAR FIGURES ARE ONE COMPANY [NEGG, 2026-09-13].","RATIO MEANINGLESS - NEAR-ZERO OCF: AccountsPayable moved $57.4M in 2024 when OCF was $0.8M against a typical |OCF| of $21.1M. Judge the dollars, not the 6,992%. Read the 2024 cash-flow statement.",-0.1514,-0.2049,n/a - negative bottom; see spread_dollars,n/a,EARLY HALF STRADDLES ZERO - the pre-window years run from $-,n/a,"MEAN NEAR ZERO - the window's mean is $0.11M against a typical magnitude of $23.2M, so a best-ye (9-yr OCF series)",n/a,EARLY HALF STRADDLES ZERO - the pre-window years run from $-73.4M to $,,,n/a,16,,,D&A steps 12.9x at 2019-12-31 - READ Note 1 and the cash-flow statement before using either end of (c) [CERT 2026-09-07],4-construction width only (3y/5y x two capex ends): CANNOT see variation older than the 5-year window; rebuild it [E4-25],2025-12-31,2025-12-31
TBI,"TrueBlue, Inc.",326,-51,-18,n/a - see spread_dollars,$-51M to $-18M,,"2 8-K Item 1.01 filing(s) since 2026-02-18, none carrying a merger agreement (EX-2.1) - most likely a credit facility or offering; open them only if something else is odd.",,,-0.1568,-0.2103,n/a - negative bottom; see spread_dollars,n/a,"SIGN CHANGE, RECENT - the early years earn (mean $102M) and ",0.339,TWO YEARS JOINTLY CARRY THE WINDOW - the exact two-year-boom shape leave-one-out cannot see; re- (9-yr OCF series),n/a,EARLY HALF STRADDLES ZERO - the pre-window years run from $-28.5M to $,0.806,,n/a,18,,"acquisitions are $30M, 9% of cap, inside the window.",,4-construction width only (3y/5y x two capex ends): CANNOT see variation older than the 5-year window; rebuild it [E4-25],2025-12-28,2026-06-28
GBX,GREENBRIER COMPANIES INC,1420,-232,92,n/a - see spread_dollars,$-232M to $92M,"CAP BELOW FILED PUBLIC FLOAT - cap $1,420M against a filed float of $1,736M (1.22x) as of 2025-02-28. A cap cannot be smaller than a subset of itself. One of the two is wrong - RE-STRIKE THE CAP BY HAND before using any yield on this row [operator rule 4].","2 8-K Item 1.01 filing(s) since 2025-10-28, none carrying a merger agreement (EX-2.1) - most likely a credit facility or offering; open them only if something else is odd.",,"ONE LINE MADE THE CASH: AccountsPayableAndAccruedLiabilities moved 271% of 2021 OCF. Operating cash is not owner earnings when one balance-sheet line produced it (DELL, INOD). Read the 2021 cash-flow statement and liquidity note.",-0.1636,-0.2171,n/a - negative bottom; see spread_dollars,n/a,EARLY HALF STRADDLES ZERO - the pre-window years run from $-,0.423,TWO YEARS JOINTLY CARRY THE WINDOW - the exact two-year-boom shape leave-one-out cannot see; re- (9-yr OCF series),n/a,EARLY HALF STRADDLES ZERO - the pre-window years run from $-546.6M to ,,,n/a,16,,,,4-construction width only (3y/5y x two capex ends): CANNOT see variation older than the 5-year window; rebuild it [E4-25],2025-08-31,2026-05-31
CLVT,CLARIVATE PLC,1291,-213,331,n/a - see spread_dollars,$-213M to $331M,"CAP BELOW FILED PUBLIC FLOAT - cap $1,291M against a filed float of $1,300M (1.01x) as of 2025-06-30. A cap cannot be smaller than a subset of itself. One of the two is wrong - RE-STRIKE THE CAP BY HAND before using any yield on this row [operator rule 4].","M&A AGREEMENT ON FILE: EX-2.1 (plan of merger or acquisition) with the 8-K Item 1.01 of 2026-07-06 (0000950103-26-010269). It is filed by the TARGET and the ACQUIRER alike - READ IT: if this company is being bought the quote is a SPREAD, if it is buying the perimeter changes [ACVA, 2026-09-13].",,,-0.1647,-0.2182,n/a - negative bottom; see spread_dollars,n/a,EARLY HALF STRADDLES ZERO - the pre-window years run from $-,0.271,TWO YEARS JOINTLY CARRY THE WINDOW - the exact two-year-boom shape leave-one-out cannot see; re- (9-yr OCF series),n/a,EARLY HALF STRADDLES ZERO - the pre-window years run from $-85.2M to $,0.473,,n/a,9,,"acquisitions are $3,992M, 309% of cap, inside the window - the numerator and denominator may be different comp",,4-construction width only (3y/5y x two capex ends): CANNOT see variation older than the 5-year window; rebuild it [E4-25],2025-12-31,2026-03-31
BDSX,BIODESIX INC,283,-47,-42,n/a - see spread_dollars,$-47M to $-42M,,,,,-0.1656,-0.2191,n/a - negative bottom; see spread_dollars,n/a,STILL NEGATIVE - both halves of the window are at or below z,,,n/a,STILL NEGATIVE - both halves of the window are at or below zero; no ra,,,n/a,7,,,,4-construction width only (3y/5y x two capex ends): CANNOT see variation older than the 5-year window; rebuild it [E4-25],2025-12-31,2026-06-30
BRID,BRIDGFORD FOODS CORP,56,-10,-4,n/a - see spread_dollars,$-10M to $-4M,,,,"ONE LINE MADE THE CASH: AccountsPayable moved 308% of 2024 OCF. Operating cash is not owner earnings when one balance-sheet line produced it (DELL, INOD). Read the 2024 cash-flow statement and liquidity note.",-0.1745,-0.228,n/a - negative bottom; see spread_dollars,n/a,EARLY HALF STRADDLES ZERO - the pre-window years run from $-,0.596,"ONE YEAR CARRIES THE WINDOW - a tight spread here is arithmetic, not knowledge; re-price on a wi (9-yr OCF series)",n/a,EARLY HALF STRADDLES ZERO - the pre-window years run from $-18.5M to $,,,n/a,16,,,,4-construction width only (3y/5y x two capex ends): CANNOT see variation older than the 5-year window; rebuild it [E4-25],2025-10-31,2026-07-10
SLDP,"Solid Power, Inc.",533,-96,-70,n/a - see spread_dollars,$-96M to $-70M,,"1 8-K Item 1.01 filing(s) since 2026-02-25, none carrying a merger agreement (EX-2.1) - most likely a credit facility or offering; open them only if something else is odd.","NAME CHANGE inside the data window: was 'Decarbonization Plus Acquisition Corp III' until 2021-12-08. Possibly a reverse merger, de-SPAC, spin or merger whose predecessor's figures sit under this CIK - or a rebrand (~60% of these are real perimeter events). CHECK THAT MULTI-YEAR FIGURES ARE ONE COMPANY [NEGG, 2026-09-13].",,-0.18,-0.2335,n/a - negative bottom; see spread_dollars,n/a,STILL NEGATIVE - both halves of the window are at or below z,,,n/a,STILL NEGATIVE - both halves of the window are at or below zero; no ra,,,n/a,6,,,,4-construction width only (3y/5y x two capex ends): CANNOT see variation older than the 5-year window; rebuild it [E4-25],2025-12-31,2026-06-30
LNSR,"LENSAR, Inc.",102,-19,-13,n/a - see spread_dollars,$-19M to $-13M,CAP BELOW FILED PUBLIC FLOAT - cap $102M against a filed float of $113M (1.11x) as of 2025-06-30. A cap cannot be smaller than a subset of itself. One of the two is wrong - RE-STRIKE THE CAP BY HAND before using any yield on this row [operator rule 4].,,,"ONE LINE MADE THE CASH: ContractWithCustomerLiability moved 90% of 2024 OCF. Operating cash is not owner earnings when one balance-sheet line produced it (DELL, INOD). Read the 2024 cash-flow statement and liquidity note.",-0.1834,-0.2369,n/a - negative bottom; see spread_dollars,n/a,STILL NEGATIVE - both halves of the window are at or below z,,,n/a,STILL NEGATIVE - both halves of the window are at or below zero; no ra,,,n/a,7,,,,4-construction width only (3y/5y x two capex ends): CANNOT see variation older than the 5-year window; rebuild it [E4-25],2025-12-31,2026-06-30
RBBN,Ribbon Communications Inc.,363,-68,1,n/a - see spread_dollars,$-68M to $1M,,,"NAME CHANGE inside the data window: was 'Sonus Networks, Inc.' until 2017-11-28. Possibly a reverse merger, de-SPAC, spin or merger whose predecessor's figures sit under this CIK - or a rebrand (~60% of these are real perimeter events). CHECK THAT MULTI-YEAR FIGURES ARE ONE COMPANY [NEGG, 2026-09-13].","ONE LINE MADE THE CASH: AccountsPayable moved 180% of 2021 OCF. Operating cash is not owner earnings when one balance-sheet line produced it (DELL, INOD). Read the 2021 cash-flow statement and liquidity note.",-0.1875,-0.241,n/a - negative bottom; see spread_dollars,n/a,EARLY HALF STRADDLES ZERO - the pre-window years run from $-,0.302,"ONE YEAR CARRIES THE WINDOW - a tight spread here is arithmetic, not knowledge; re-price on a wi (9-yr OCF series)",n/a,EARLY HALF STRADDLES ZERO - the pre-window years run from $-55.3M to $,,,n/a,11,,,,4-construction width only (3y/5y x two capex ends): CANNOT see variation older than the 5-year window; rebuild it [E4-25],2025-12-31,2026-06-30
ARMP,"Armata Pharmaceuticals, Inc.",197,-43,-37,n/a - see spread_dollars,$-43M to $-37M,,"1 8-K Item 1.01 filing(s) since 2026-03-25, none carrying a merger agreement (EX-2.1) - most likely a credit facility or offering; open them only if something else is odd.","NAME CHANGE inside the data window: was 'AmpliPhi Biosciences Corp' until 2019-05-08. Possibly a reverse merger, de-SPAC, spin or merger whose predecessor's figures sit under this CIK - or a rebrand (~60% of these are real perimeter events). CHECK THAT MULTI-YEAR FIGURES ARE ONE COMPANY [NEGG, 2026-09-13].",,-0.2161,-0.2696,n/a - negative bottom; see spread_dollars,n/a,STILL NEGATIVE - both halves of the window are at or below z,,,n/a,STILL NEGATIVE - both halves of the window are at or below zero; no ra,,,n/a,13,,,,4-construction width only (3y/5y x two capex ends): CANNOT see variation older than the 5-year window; rebuild it [E4-25],2025-12-31,2026-06-30
SRPT,"Sarepta Therapeutics, Inc.",2251,-580,-515,n/a - see spread_dollars,$-580M to $-515M,,,,"ONE LINE MADE THE CASH: DeferredRevenue moved 35% of 2025 OCF. Operating cash is not owner earnings when one balance-sheet line produced it (DELL, INOD). Read the 2025 cash-flow statement and liquidity note.",-0.2579,-0.3114,n/a - negative bottom; see spread_dollars,n/a,EARLY HALF STRADDLES ZERO - the pre-window years run from $-,,,n/a,STILL NEGATIVE - both halves of the window are at or below zero; no ra,,,n/a,17,,,,4-construction width only (3y/5y x two capex ends): CANNOT see variation older than the 5-year window; rebuild it [E4-25],2025-12-31,2026-06-30
ULCC,"Frontier Group Holdings, Inc.",1342,-377,-215,n/a - see spread_dollars,$-377M to $-215M,,"3 8-K Item 1.01 filing(s) since 2026-02-18, none carrying a merger agreement (EX-2.1) - most likely a credit facility or offering; open them only if something else is odd.",,,-0.2812,-0.3347,n/a - negative bottom; see spread_dollars,n/a,EARLY HALF STRADDLES ZERO - the pre-window years run from $-,,,n/a,EARLY HALF STRADDLES ZERO - the pre-window years run from $-581.0M to ,,,n/a,7,,,,4-construction width only (3y/5y x two capex ends): CANNOT see variation older than the 5-year window; rebuild it [E4-25],2025-12-31,2026-03-31
NTLA,"Intellia Therapeutics, Inc.",1813,-512,-449,n/a - see spread_dollars,$-512M to $-449M,,"3 8-K Item 1.01 filing(s) since 2026-02-26, none carrying a merger agreement (EX-2.1) - most likely a credit facility or offering; open them only if something else is odd.",,,-0.2823,-0.3358,n/a - negative bottom; see spread_dollars,n/a,STILL NEGATIVE - both halves of the window are at or below z,,,n/a,STILL NEGATIVE - both halves of the window are at or below zero; no ra,,,n/a,11,,,,4-construction width only (3y/5y x two capex ends): CANNOT see variation older than the 5-year window; rebuild it [E4-25],2025-12-31,2026-06-30
ASPN,ASPEN AEROGELS INC,412,-123,-27,n/a - see spread_dollars,$-123M to $-27M,CAP BELOW FILED PUBLIC FLOAT - cap $412M against a filed float of $480M (1.17x) as of 2025-06-30. A cap cannot be smaller than a subset of itself. One of the two is wrong - RE-STRIKE THE CAP BY HAND before using any yield on this row [operator rule 4].,,,"ONE LINE MADE THE CASH: AccountsPayable moved 59% of 2025 OCF. Operating cash is not owner earnings when one balance-sheet line produced it (DELL, INOD). Read the 2025 cash-flow statement and liquidity note.",-0.2989,-0.3524,n/a - negative bottom; see spread_dollars,n/a,SIGN CHANGE - the early years are loss-making and the recent,,,n/a,STILL NEGATIVE - both halves of the window are at or below zero; no ra,,,n/a,14,,,,4-construction width only (3y/5y x two capex ends): CANNOT see variation older than the 5-year window; rebuild it [E4-25],2025-12-31,2026-06-30
LVO,"LiveOne, Inc.",53,-16,-10,n/a - see spread_dollars,$-16M to $-10M,CAP BELOW FILED PUBLIC FLOAT - cap $53M against a filed float of $78M (1.48x) as of 2025-09-30. A cap cannot be smaller than a subset of itself. One of the two is wrong - RE-STRIKE THE CAP BY HAND before using any yield on this row [operator rule 4].,"1 8-K Item 1.01 filing(s) since 2026-06-29, none carrying a merger agreement (EX-2.1) - most likely a credit facility or offering; open them only if something else is odd.","NAME CHANGE inside the data window: was 'LiveXLive Media, Inc.' until 2021-09-21. Possibly a reverse merger, de-SPAC, spin or merger whose predecessor's figures sit under this CIK - or a rebrand (~60% of these are real perimeter events). CHECK THAT MULTI-YEAR FIGURES ARE ONE COMPANY [NEGG, 2026-09-13].","ONE LINE MADE THE CASH: AccountsPayableAndAccruedLiabilities moved 119% of 2022 OCF. Operating cash is not owner earnings when one balance-sheet line produced it (DELL, INOD). Read the 2022 cash-flow statement and liquidity note.",-0.2996,-0.3531,n/a - negative bottom; see spread_dollars,n/a,SIGN CHANGE - the early years are loss-making and the recent,,,n/a,STILL NEGATIVE - both halves of the window are at or below zero; no ra,,,n/a,17,,,,4-construction width only (3y/5y x two capex ends): CANNOT see variation older than the 5-year window; rebuild it [E4-25],2026-03-31,2026-06-30
CLW,Clearwater Paper Corp,337,-103,-44,n/a - see spread_dollars,$-103M to $-44M,CAP BELOW FILED PUBLIC FLOAT - cap $337M against a filed float of $428M (1.27x) as of 2025-06-30. A cap cannot be smaller than a subset of itself. One of the two is wrong - RE-STRIKE THE CAP BY HAND before using any yield on this row [operator rule 4].,,,"ONE LINE MADE THE CASH: AccountsPayableAndAccruedLiabilities moved 588% of 2025 OCF. Operating cash is not owner earnings when one balance-sheet line produced it (DELL, INOD). Read the 2025 cash-flow statement and liquidity note.",-0.3068,-0.3603,n/a - negative bottom; see spread_dollars,0.59,STEP DOWN - the series has changed level; a tight spread her,0.114,no single-year dependence (9-yr OCF series),n/a,EARLY HALF STRADDLES ZERO - the pre-window years run from $-132.5M to ,,FLAGS DISAGREE - one series refuses the ratio and the other does not; read the filing [E4-25],0.57,17,,"acquisitions are $708M, 210% of cap, inside the window - the numerator and denominator may be different compan",,4-construction width only (3y/5y x two capex ends): CANNOT see variation older than the 5-year window; rebuild it [E4-25],2025-12-31,2026-03-31
CMRC,"Commerce.com, Inc.",207,-66,-30,n/a - see spread_dollars,$-66M to $-30M,CAP BELOW FILED PUBLIC FLOAT - cap $207M against a filed float of $395M (1.91x) as of 2025-06-30. A cap cannot be smaller than a subset of itself. One of the two is wrong - RE-STRIKE THE CAP BY HAND before using any yield on this row [operator rule 4].,"LIVE DEAL FORM: 9 filing(s) since the annual report of 2026-03-02, first 425 on 2026-04-08 (0001193125-26-148010). IF A DEAL IS LIVE THE QUOTE IS A SPREAD, NOT AN OWNER-EARNINGS PRICE - read it before pricing anything [ROKU, 2026-09-12].","NAME CHANGE inside the data window: was 'BigCommerce Holdings, Inc.' until 2025-07-25. Possibly a reverse merger, de-SPAC, spin or merger whose predecessor's figures sit under this CIK - or a rebrand (~60% of these are real perimeter events). CHECK THAT MULTI-YEAR FIGURES ARE ONE COMPANY [NEGG, 2026-09-13].","ONE LINE MADE THE CASH: DeferredRevenue moved 55% of 2024 OCF. Operating cash is not owner earnings when one balance-sheet line produced it (DELL, INOD). Read the 2024 cash-flow statement and liquidity note.",-0.3165,-0.37,n/a - negative bottom; see spread_dollars,n/a,SIGN CHANGE - the early years are loss-making and the recent,,,,,,,n/a,8,,"acquisitions are $90M, 43% of cap, inside the window - the numerator and denominator may be different companie",,4-construction width only (3y/5y x two capex ends): CANNOT see variation older than the 5-year window; rebuild it [E4-25],2025-12-31,2026-06-30
NUVR,"Nuvera Communications, Inc.",90,-29,4,n/a - see spread_dollars,$-29M to $4M,,,"NAME CHANGE inside the data window: was 'NEW ULM TELECOM INC' until 2018-05-25. Possibly a reverse merger, de-SPAC, spin or merger whose predecessor's figures sit under this CIK - or a rebrand (~60% of these are real perimeter events). CHECK THAT MULTI-YEAR FIGURES ARE ONE COMPANY [NEGG, 2026-09-13].",,-0.3196,-0.3731,n/a - negative bottom; see spread_dollars,0.93,no step,0.041,no single-year dependence (9-yr OCF series),n/a,EARLY HALF STRADDLES ZERO - the pre-window years run from $-11.5M to $,,FLAGS DISAGREE - one series refuses the ratio and the other does not; read the filing [E4-25],1.29,17,,,,4-construction width only (3y/5y x two capex ends): CANNOT see variation older than the 5-year window; rebuild it [E4-25],2025-12-31,2026-06-30
AMTX,"AEMETIS, INC",132,-48,-21,n/a - see spread_dollars,$-48M to $-21M,CAP BELOW FILED PUBLIC FLOAT - cap $132M against a filed float of $142M (1.08x) as of 2025-06-30. A cap cannot be smaller than a subset of itself. One of the two is wrong - RE-STRIKE THE CAP BY HAND before using any yield on this row [operator rule 4].,,,"ONE LINE MADE THE CASH: AccountsPayable moved 231% of 2025 OCF. Operating cash is not owner earnings when one balance-sheet line produced it (DELL, INOD). Read the 2025 cash-flow statement and liquidity note.",-0.3631,-0.4166,n/a - negative bottom; see spread_dollars,n/a,EARLY HALF STRADDLES ZERO - the pre-window years run from $-,,,n/a,STILL NEGATIVE - both halves of the window are at or below zero; no ra,,,n/a,16,,,,4-construction width only (3y/5y x two capex ends): CANNOT see variation older than the 5-year window; rebuild it [E4-25],2025-12-31,2026-06-30
EBS,Emergent BioSolutions Inc.,303,-121,-41,n/a - see spread_dollars,$-121M to $-41M,CAP BELOW FILED PUBLIC FLOAT - cap $303M against a filed float of $343M (1.13x) as of 2025-06-30. A cap cannot be smaller than a subset of itself. One of the two is wrong - RE-STRIKE THE CAP BY HAND before using any yield on this row [operator rule 4].,"2 8-K Item 1.01 filing(s) since 2026-02-27, none carrying a merger agreement (EX-2.1) - most likely a credit facility or offering; open them only if something else is odd.",,"ONE LINE MADE THE CASH: AccountsPayable moved 56% of 2024 OCF. Operating cash is not owner earnings when one balance-sheet line produced it (DELL, INOD). Read the 2024 cash-flow statement and liquidity note.",-0.4004,-0.4539,n/a - negative bottom; see spread_dollars,n/a,EARLY HALF STRADDLES ZERO - the pre-window years run from $-,0.345,"ONE YEAR CARRIES THE WINDOW - a tight spread here is arithmetic, not knowledge; re-price on a wi (9-yr OCF series)",n/a,EARLY HALF STRADDLES ZERO - the pre-window years run from $-195.0M to ,1.495,,n/a,17,,,,4-construction width only (3y/5y x two capex ends): CANNOT see variation older than the 5-year window; rebuild it [E4-25],2025-12-31,2026-06-30
NEWTO,"NewtekOne, Inc.",751,-306,-168,n/a - see spread_dollars,$-306M to $-168M,,"1 8-K Item 1.01 filing(s) since 2026-03-10, none carrying a merger agreement (EX-2.1) - most likely a credit facility or offering; open them only if something else is odd.","NAME CHANGE inside the data window: was 'Newtek Business Services Corp.' until 2023-01-13. Possibly a reverse merger, de-SPAC, spin or merger whose predecessor's figures sit under this CIK - or a rebrand (~60% of these are real perimeter events). CHECK THAT MULTI-YEAR FIGURES ARE ONE COMPANY [NEGG, 2026-09-13].",,-0.4074,-0.4609,n/a - negative bottom; see spread_dollars,n/a,EARLY HALF STRADDLES ZERO - the pre-window years run from $-,,,n/a,EARLY HALF STRADDLES ZERO - the pre-window years run from $-64.9M to $,,,n/a,5,,"NET CASH INFLOW on the acquisition line ($11M, 1% of cap) - cash acquired exceeded cash paid, so the CONSIDERA",,4-construction width only (3y/5y x two capex ends): CANNOT see variation older than the 5-year window; rebuild it [E4-25],2025-12-31,2026-06-30
NEWTG,"NewtekOne, Inc.",744,-306,-168,n/a - see spread_dollars,$-306M to $-168M,,"1 8-K Item 1.01 filing(s) since 2026-03-10, none carrying a merger agreement (EX-2.1) - most likely a credit facility or offering; open them only if something else is odd.","NAME CHANGE inside the data window: was 'Newtek Business Services Corp.' until 2023-01-13. Possibly a reverse merger, de-SPAC, spin or merger whose predecessor's figures sit under this CIK - or a rebrand (~60% of these are real perimeter events). CHECK THAT MULTI-YEAR FIGURES ARE ONE COMPANY [NEGG, 2026-09-13].",,-0.4112,-0.4647,n/a - negative bottom; see spread_dollars,n/a,EARLY HALF STRADDLES ZERO - the pre-window years run from $-,,,n/a,EARLY HALF STRADDLES ZERO - the pre-window years run from $-64.9M to $,,,n/a,5,,"NET CASH INFLOW on the acquisition line ($11M, 1% of cap) - cash acquired exceeded cash paid, so the CONSIDERA",,4-construction width only (3y/5y x two capex ends): CANNOT see variation older than the 5-year window; rebuild it [E4-25],2025-12-31,2026-06-30
NEWTI,"NewtekOne, Inc.",742,-306,-168,n/a - see spread_dollars,$-306M to $-168M,,"1 8-K Item 1.01 filing(s) since 2026-03-10, none carrying a merger agreement (EX-2.1) - most likely a credit facility or offering; open them only if something else is odd.","NAME CHANGE inside the data window: was 'Newtek Business Services Corp.' until 2023-01-13. Possibly a reverse merger, de-SPAC, spin or merger whose predecessor's figures sit under this CIK - or a rebrand (~60% of these are real perimeter events). CHECK THAT MULTI-YEAR FIGURES ARE ONE COMPANY [NEGG, 2026-09-13].",,-0.4123,-0.4658,n/a - negative bottom; see spread_dollars,n/a,EARLY HALF STRADDLES ZERO - the pre-window years run from $-,,,n/a,EARLY HALF STRADDLES ZERO - the pre-window years run from $-64.9M to $,,,n/a,5,,"NET CASH INFLOW on the acquisition line ($11M, 2% of cap) - cash acquired exceeded cash paid, so the CONSIDERA",,4-construction width only (3y/5y x two capex ends): CANNOT see variation older than the 5-year window; rebuild it [E4-25],2025-12-31,2026-06-30
NEWTP,"NewtekOne, Inc.",729,-306,-168,n/a - see spread_dollars,$-306M to $-168M,,"1 8-K Item 1.01 filing(s) since 2026-03-10, none carrying a merger agreement (EX-2.1) - most likely a credit facility or offering; open them only if something else is odd.","NAME CHANGE inside the data window: was 'Newtek Business Services Corp.' until 2023-01-13. Possibly a reverse merger, de-SPAC, spin or merger whose predecessor's figures sit under this CIK - or a rebrand (~60% of these are real perimeter events). CHECK THAT MULTI-YEAR FIGURES ARE ONE COMPANY [NEGG, 2026-09-13].",,-0.4197,-0.4732,n/a - negative bottom; see spread_dollars,n/a,EARLY HALF STRADDLES ZERO - the pre-window years run from $-,,,n/a,EARLY HALF STRADDLES ZERO - the pre-window years run from $-64.9M to $,,,n/a,5,,"NET CASH INFLOW on the acquisition line ($11M, 2% of cap) - cash acquired exceeded cash paid, so the CONSIDERA",,4-construction width only (3y/5y x two capex ends): CANNOT see variation older than the 5-year window; rebuild it [E4-25],2025-12-31,2026-06-30
NEWTH,"NewtekOne, Inc.",727,-306,-168,n/a - see spread_dollars,$-306M to $-168M,,"1 8-K Item 1.01 filing(s) since 2026-03-10, none carrying a merger agreement (EX-2.1) - most likely a credit facility or offering; open them only if something else is odd.","NAME CHANGE inside the data window: was 'Newtek Business Services Corp.' until 2023-01-13. Possibly a reverse merger, de-SPAC, spin or merger whose predecessor's figures sit under this CIK - or a rebrand (~60% of these are real perimeter events). CHECK THAT MULTI-YEAR FIGURES ARE ONE COMPANY [NEGG, 2026-09-13].",,-0.4208,-0.4743,n/a - negative bottom; see spread_dollars,n/a,EARLY HALF STRADDLES ZERO - the pre-window years run from $-,,,n/a,EARLY HALF STRADDLES ZERO - the pre-window years run from $-64.9M to $,,,n/a,5,,"NET CASH INFLOW on the acquisition line ($11M, 2% of cap) - cash acquired exceeded cash paid, so the CONSIDERA",,4-construction width only (3y/5y x two capex ends): CANNOT see variation older than the 5-year window; rebuild it [E4-25],2025-12-31,2026-06-30
PINE,"Alpine Income Property Trust, Inc.",344,-159,-1,n/a - see spread_dollars,$-159M to $-1M,,,,,-0.4632,-0.5167,n/a - negative bottom; see spread_dollars,1.87,STEP UP - normalize down [E4-41],0.072,no single-year dependence (9-yr OCF series),n/a,STILL NEGATIVE - both halves of the window are at or below zero; no ra,,FLAGS DISAGREE - one series refuses the ratio and the other does not; read the filing [E4-25],1.87,8,,,,4-construction width only (3y/5y x two capex ends): CANNOT see variation older than the 5-year window; rebuild it [E4-25],2025-12-31,2026-06-30
DH,Definitive Healthcare Corp.,86,-43,2,n/a - see spread_dollars,$-43M to $2M,CAP BELOW FILED PUBLIC FLOAT - cap $86M against a filed float of $154M (1.79x) as of 2025-06-30. A cap cannot be smaller than a subset of itself. One of the two is wrong - RE-STRIKE THE CAP BY HAND before using any yield on this row [operator rule 4].,,,"ONE LINE MADE THE CASH: DeferredRevenue moved 91% of 2021 OCF. Operating cash is not owner earnings when one balance-sheet line produced it (DELL, INOD). Read the 2021 cash-flow statement and liquidity note.",-0.4961,-0.5496,n/a - negative bottom; see spread_dollars,1.82,STEP UP - normalize down [E4-41],0.094,no single-year dependence (9-yr OCF series),n/a,EARLY HALF STRADDLES ZERO - the pre-window years run from $-9.2M to $2,0.78,FLAGS DISAGREE - one series refuses the ratio and the other does not; read the filing [E4-25],1.82,6,,"acquisitions are $155M, 180% of cap, inside the window - the numerator and denominator may be different compan",,4-construction width only (3y/5y x two capex ends): CANNOT see variation older than the 5-year window; rebuild it [E4-25],2025-12-31,2026-06-30
XPER,Xperi Inc.,293,-149,-86,n/a - see spread_dollars,$-149M to $-86M,CAP BELOW FILED PUBLIC FLOAT - cap $293M against a filed float of $358M (1.22x) as of 2025-06-30. A cap cannot be smaller than a subset of itself. One of the two is wrong - RE-STRIKE THE CAP BY HAND before using any yield on this row [operator rule 4].,,"NAME CHANGE inside the data window: was 'TiVo Product HoldCo LLC' until 2022-05-12. Possibly a reverse merger, de-SPAC, spin or merger whose predecessor's figures sit under this CIK - or a rebrand (~60% of these are real perimeter events). CHECK THAT MULTI-YEAR FIGURES ARE ONE COMPANY [NEGG, 2026-09-13].","RATIO MEANINGLESS - NEAR-ZERO OCF: AccountsPayable moved $5.1M in 2023 when OCF was $0.1M against a typical |OCF| of $21.6M. Judge the dollars, not the 8,179%. Read the 2023 cash-flow statement.",-0.5096,-0.5631,n/a - negative bottom; see spread_dollars,n/a,STILL NEGATIVE - both halves of the window are at or below z,,,n/a,STILL NEGATIVE - both halves of the window are at or below zero; no ra,,,n/a,6,,,,4-construction width only (3y/5y x two capex ends): CANNOT see variation older than the 5-year window; rebuild it [E4-25],2025-12-31,2026-06-30
NAUT,"Nautilus Biotechnology, Inc.",113,-66,-61,n/a - see spread_dollars,$-66M to $-61M,,"1 8-K Item 1.01 filing(s) since 2026-02-26, none carrying a merger agreement (EX-2.1) - most likely a credit facility or offering; open them only if something else is odd.","NAME CHANGE inside the data window: was 'ARYA Sciences Acquisition Corp III' until 2021-06-08. Possibly a reverse merger, de-SPAC, spin or merger whose predecessor's figures sit under this CIK - or a rebrand (~60% of these are real perimeter events). CHECK THAT MULTI-YEAR FIGURES ARE ONE COMPANY [NEGG, 2026-09-13].",,-0.5872,-0.6407,n/a - negative bottom; see spread_dollars,n/a,STILL NEGATIVE - both halves of the window are at or below z,,,n/a,STILL NEGATIVE - both halves of the window are at or below zero; no ra,,,n/a,6,,,,4-construction width only (3y/5y x two capex ends): CANNOT see variation older than the 5-year window; rebuild it [E4-25],2025-12-31,2026-03-31
ZNTL,"Zentalis Pharmaceuticals, Inc.",272,-217,-211,n/a - see spread_dollars,$-217M to $-211M,,,"NAME CHANGE inside the data window: was 'Zeno Pharma, LLC' until 2019-09-05. Possibly a reverse merger, de-SPAC, spin or merger whose predecessor's figures sit under this CIK - or a rebrand (~60% of these are real perimeter events). CHECK THAT MULTI-YEAR FIGURES ARE ONE COMPANY [NEGG, 2026-09-13].",,-0.7968,-0.8503,n/a - negative bottom; see spread_dollars,n/a,STILL NEGATIVE - both halves of the window are at or below z,,,n/a,STILL NEGATIVE - both halves of the window are at or below zero; no ra,,,n/a,7,,,,4-construction width only (3y/5y x two capex ends): CANNOT see variation older than the 5-year window; rebuild it [E4-25],2025-12-31,2026-06-30
NEWT,"NewtekOne, Inc.",344,-306,-168,n/a - see spread_dollars,$-306M to $-168M,,"1 8-K Item 1.01 filing(s) since 2026-03-10, none carrying a merger agreement (EX-2.1) - most likely a credit facility or offering; open them only if something else is odd.","NAME CHANGE inside the data window: was 'Newtek Business Services Corp.' until 2023-01-13. Possibly a reverse merger, de-SPAC, spin or merger whose predecessor's figures sit under this CIK - or a rebrand (~60% of these are real perimeter events). CHECK THAT MULTI-YEAR FIGURES ARE ONE COMPANY [NEGG, 2026-09-13].",,-0.8893,-0.9428,n/a - negative bottom; see spread_dollars,n/a,EARLY HALF STRADDLES ZERO - the pre-window years run from $-,,,n/a,EARLY HALF STRADDLES ZERO - the pre-window years run from $-64.9M to $,,,n/a,5,,"NET CASH INFLOW on the acquisition line ($11M, 3% of cap) - cash acquired exceeded cash paid, so the CONSIDERA",,4-construction width only (3y/5y x two capex ends): CANNOT see variation older than the 5-year window; rebuild it [E4-25],2025-12-31,2026-06-30
HCAT,"Health Catalyst, Inc.",120,-111,-48,n/a - see spread_dollars,$-111M to $-48M,CAP BELOW FILED PUBLIC FLOAT - cap $120M against a filed float of $259M (2.16x) as of 2025-12-31. A cap cannot be smaller than a subset of itself. One of the two is wrong - RE-STRIKE THE CAP BY HAND before using any yield on this row [operator rule 4].,"M&A AGREEMENT ON FILE: EX-2.1 (plan of merger or acquisition) with the 8-K Item 1.01 of 2026-06-04 (0001636422-26-000082). It is filed by the TARGET and the ACQUIRER alike - READ IT: if this company is being bought the quote is a SPREAD, if it is buying the perimeter changes [ACVA, 2026-09-13].",,"RATIO MEANINGLESS - NEAR-ZERO OCF: ContractWithCustomerLiability moved $0.6M in 2025 when OCF was $0.7M against a typical |OCF| of $21.4M. Judge the dollars, not the 83%. Read the 2025 cash-flow statement.",-0.9273,-0.9808,n/a - negative bottom; see spread_dollars,n/a,STILL NEGATIVE - both halves of the window are at or below z,,,n/a,STILL NEGATIVE - both halves of the window are at or below zero; no ra,,,n/a,9,,"acquisitions are $207M, 173% of cap, inside the window - the numerator and denominator may be different compan",,4-construction width only (3y/5y x two capex ends): CANNOT see variation older than the 5-year window; rebuild it [E4-25],2025-12-31,2026-06-30
CNDT,CONDUENT Inc,270,-251,-74,n/a - see spread_dollars,$-251M to $-74M,CAP BELOW FILED PUBLIC FLOAT - cap $270M against a filed float of $412M (1.52x) as of 2025-06-30. A cap cannot be smaller than a subset of itself. One of the two is wrong - RE-STRIKE THE CAP BY HAND before using any yield on this row [operator rule 4].,"2 8-K Item 1.01 filing(s) since 2026-02-19, none carrying a merger agreement (EX-2.1) - most likely a credit facility or offering; open them only if something else is odd.",,"ONE LINE MADE THE CASH: AccountsPayableAndAccruedLiabilities moved 58% of 2023 OCF. Operating cash is not owner earnings when one balance-sheet line produced it (DELL, INOD). Read the 2023 cash-flow statement and liquidity note.",-0.9296,-0.9831,n/a - negative bottom; see spread_dollars,n/a,"SIGN CHANGE, RECENT - the early years earn (mean $210M) and ",0.324,TWO YEARS JOINTLY CARRY THE WINDOW - the exact two-year-boom shape leave-one-out cannot see; re- (9-yr OCF series),n/a,EARLY HALF STRADDLES ZERO - the pre-window years run from $-109.0M to ,,,n/a,12,,,,4-construction width only (3y/5y x two capex ends): CANNOT see variation older than the 5-year window; rebuild it [E4-25],2025-12-31,2026-06-30
